#-----------------------------------------------------------
# Vivado v2018.3 (64-bit)
# SW Build 2405991 on Thu Dec  6 23:38:27 MST 2018
# IP Build 2404404 on Fri Dec  7 01:43:56 MST 2018
# Start of session at: Tue Sep 22 19:41:14 2026
# Process ID: 41508
# Current directory: archive/project2_v8_xadc_acquisition
# Command line: vivado.exe -mode batch -source V:\outputs\project2_v8_xadc_acquisition\scripts\build_bitstream.tcl -log V:\outputs\project2_v8_xadc_acquisition\build_bitstream_v8_short.log -journal V:\outputs\project2_v8_xadc_acquisition\build_bitstream_v8_short.jou
# Log file: V:/outputs/project2_v8_xadc_acquisition/build_bitstream_v8_short.log
# Journal file: V:\outputs\project2_v8_xadc_acquisition\build_bitstream_v8_short.jou
#-----------------------------------------------------------
source {V:\outputs\project2_v8_xadc_acquisition\scripts\build_bitstream.tcl}
# set script_dir [file dirname [file normalize [info script]]]
# set root_dir [file normalize [file join $script_dir ..]]
# file mkdir [file join $root_dir reports]
# open_project [file join $root_dir build project2_v8_xadc_acquisition.xpr]
Scanning sources...
Finished scanning sources
INFO: [IP_Flow 19-234] Refreshing IP repositories
INFO: [IP_Flow 19-1704] No user IP repositories specified
INFO: [IP_Flow 19-2313] Loaded Vivado IP repository 'C:/Xilinx/Vivado/2018.3/data/ip'.
# reset_run synth_1
# launch_runs impl_1 -to_step write_bitstream -jobs 4
INFO: [Vivado 12-4149] The synthesis checkpoint for IP 'V:/outputs/project2_v8_xadc_acquisition/ip/c_shift_ram_0/c_shift_ram_0.xci' is already up-to-date
INFO: [Vivado 12-4149] The synthesis checkpoint for IP 'V:/outputs/project2_v8_xadc_acquisition/ip/fifo_w32xd16_async/fifo_w32xd16_async.xci' is already up-to-date
INFO: [Vivado 12-4149] The synthesis checkpoint for IP 'V:/outputs/project2_v8_xadc_acquisition/ip/fifo_w32xd16/fifo_w32xd16.xci' is already up-to-date
INFO: [Vivado 12-4149] The synthesis checkpoint for IP 'V:/outputs/project2_v8_xadc_acquisition/ip/fifo_w9xd2048/fifo_w9xd2048.xci' is already up-to-date
INFO: [Vivado 12-4149] The synthesis checkpoint for IP 'V:/outputs/project2_v8_xadc_acquisition/ip/fifo_w81xd16/fifo_w81xd16.xci' is already up-to-date
INFO: [Vivado 12-4149] The synthesis checkpoint for IP 'V:/outputs/project2_v8_xadc_acquisition/ip/fifo_w9xd4096/fifo_w9xd4096.xci' is already up-to-date
INFO: [Vivado 12-4149] The synthesis checkpoint for IP 'V:/outputs/project2_v8_xadc_acquisition/ip/fifo_w64xd16/fifo_w64xd16.xci' is already up-to-date
INFO: [Vivado 12-4149] The synthesis checkpoint for IP 'V:/outputs/project2_v8_xadc_acquisition/ip/fifo_w17xd16/fifo_w17xd16.xci' is already up-to-date
INFO: [Vivado 12-4149] The synthesis checkpoint for IP 'V:/outputs/project2_v8_xadc_acquisition/ip/mig_7series_0/mig_7series_0.xci' is already up-to-date
INFO: [Vivado 12-4149] The synthesis checkpoint for IP 'V:/outputs/project2_v8_xadc_acquisition/ip/fifo_w144xd512/fifo_w144xd512.xci' is already up-to-date
INFO: [Vivado 12-4149] The synthesis checkpoint for IP 'V:/outputs/project2_v8_xadc_acquisition/ip/fifo_w40xd16/fifo_w40xd16.xci' is already up-to-date
INFO: [Vivado 12-4149] The synthesis checkpoint for IP 'V:/outputs/project2_v8_xadc_acquisition/ip/clk_wiz_0/clk_wiz_0.xci' is already up-to-date
[Tue Sep 22 19:41:21 2026] Launched ila_v6_synth_1, synth_1...
Run output will be captured here:
ila_v6_synth_1: V:/outputs/project2_v8_xadc_acquisition/build/project2_v8_xadc_acquisition.runs/ila_v6_synth_1/runme.log
synth_1: V:/outputs/project2_v8_xadc_acquisition/build/project2_v8_xadc_acquisition.runs/synth_1/runme.log
[Tue Sep 22 19:41:21 2026] Launched impl_1...
Run output will be captured here: V:/outputs/project2_v8_xadc_acquisition/build/project2_v8_xadc_acquisition.runs/impl_1/runme.log
# wait_on_run impl_1
[Tue Sep 22 19:41:21 2026] Waiting for impl_1 to finish...

*** Running vivado
    with args -log project2_v8_top.vdi -applog -m64 -product Vivado -messageDb vivado.pb -mode batch -source project2_v8_top.tcl -notrace


****** Vivado v2018.3 (64-bit)
  **** SW Build 2405991 on Thu Dec  6 23:38:27 MST 2018
  **** IP Build 2404404 on Fri Dec  7 01:43:56 MST 2018
    ** Copyright 1986-2018 Xilinx, Inc. All Rights Reserved.

source project2_v8_top.tcl -notrace
Command: link_design -top project2_v8_top -part xc7a35tfgg484-2
Design is defaulting to srcset: sources_1
Design is defaulting to constrset: constrs_1
INFO: [Project 1-454] Reading design checkpoint 'v:/outputs/project2_v8_xadc_acquisition/build/project2_v8_xadc_acquisition.srcs/sources_1/ip/ila_v6/ila_v6.dcp' for cell 'u_ila'
INFO: [Project 1-454] Reading design checkpoint 'V:/outputs/project2_v8_xadc_acquisition/build/project2_v8_xadc_acquisition.runs/impl_1/.Xil/Vivado-36132-Hugo/fifo_w40xd16/fifo_w40xd16.dcp' for cell 'u_adma/axi_rd_channel/rd_buffer/rd_cmd_fifo'
INFO: [Project 1-454] Reading design checkpoint 'V:/outputs/project2_v8_xadc_acquisition/build/project2_v8_xadc_acquisition.runs/impl_1/.Xil/Vivado-36132-Hugo/fifo_w144xd512/fifo_w144xd512.dcp' for cell 'u_adma/axi_rd_channel/rd_buffer/rd_data_fifo'
INFO: [Project 1-454] Reading design checkpoint 'V:/outputs/project2_v8_xadc_acquisition/build/project2_v8_xadc_acquisition.runs/impl_1/.Xil/Vivado-36132-Hugo/clk_wiz_0/clk_wiz_0.dcp' for cell 'u_clock_and_reset/clk_wiz_0'
INFO: [Project 1-454] Reading design checkpoint 'v:/outputs/project2_v8_xadc_acquisition/ip/mig_7series_0/mig_7series_0.dcp' for cell 'u_ddr3/u_mig'
INFO: [Project 1-454] Reading design checkpoint 'V:/outputs/project2_v8_xadc_acquisition/build/project2_v8_xadc_acquisition.runs/impl_1/.Xil/Vivado-36132-Hugo/fifo_w9xd4096/fifo_w9xd4096.dcp' for cell 'u_udp/u0/mac_receive/data_fifo'
INFO: [Project 1-454] Reading design checkpoint 'V:/outputs/project2_v8_xadc_acquisition/build/project2_v8_xadc_acquisition.runs/impl_1/.Xil/Vivado-36132-Hugo/fifo_w17xd16/fifo_w17xd16.dcp' for cell 'u_udp/u0/mac_receive/frame_fifo'
INFO: [Project 1-454] Reading design checkpoint 'V:/outputs/project2_v8_xadc_acquisition/build/project2_v8_xadc_acquisition.runs/impl_1/.Xil/Vivado-36132-Hugo/fifo_w64xd16/fifo_w64xd16.dcp' for cell 'u_udp/u0/mac_send/frame_fifo'
INFO: [Project 1-454] Reading design checkpoint 'V:/outputs/project2_v8_xadc_acquisition/build/project2_v8_xadc_acquisition.runs/impl_1/.Xil/Vivado-36132-Hugo/fifo_w9xd2048/fifo_w9xd2048.dcp' for cell 'u_udp/u1/ch0_data_fifo'
INFO: [Project 1-454] Reading design checkpoint 'V:/outputs/project2_v8_xadc_acquisition/build/project2_v8_xadc_acquisition.runs/impl_1/.Xil/Vivado-36132-Hugo/fifo_w32xd16/fifo_w32xd16.dcp' for cell 'u_udp/u1/ch0_frame_fifo'
INFO: [Project 1-454] Reading design checkpoint 'V:/outputs/project2_v8_xadc_acquisition/build/project2_v8_xadc_acquisition.runs/impl_1/.Xil/Vivado-36132-Hugo/fifo_w81xd16/fifo_w81xd16.dcp' for cell 'u_udp/u3/arp_receive/arp_rx_fifo'
INFO: [Project 1-454] Reading design checkpoint 'V:/outputs/project2_v8_xadc_acquisition/build/project2_v8_xadc_acquisition.runs/impl_1/.Xil/Vivado-36132-Hugo/c_shift_ram_0/c_shift_ram_0.dcp' for cell 'u_udp/u4/ip_send/ip_delay'
INFO: [Project 1-454] Reading design checkpoint 'V:/outputs/project2_v8_xadc_acquisition/build/project2_v8_xadc_acquisition.runs/impl_1/.Xil/Vivado-36132-Hugo/fifo_w32xd16_async/fifo_w32xd16_async.dcp' for cell 'u_udp/u6/icmp_receive/icmp_rx_fifo'
INFO: [Netlist 29-17] Analyzing 2716 Unisim elements for replacement
INFO: [Netlist 29-28] Unisim Transformation completed in 0 CPU seconds
INFO: [Project 1-479] Netlist was created with Vivado 2018.3
INFO: [Device 21-403] Loading part xc7a35tfgg484-2
INFO: [Project 1-570] Preparing netlist for logic optimization
INFO: [Chipscope 16-324] Core: u_ila UUID: c30a8330-47ba-5203-8dbc-7e3e3214d902 
Parsing XDC File [v:/outputs/project2_v8_xadc_acquisition/ip/fifo_w32xd16_async/fifo_w32xd16_async.xdc] for cell 'u_udp/u6/icmp_receive/icmp_rx_fifo/U0'
Finished Parsing XDC File [v:/outputs/project2_v8_xadc_acquisition/ip/fifo_w32xd16_async/fifo_w32xd16_async.xdc] for cell 'u_udp/u6/icmp_receive/icmp_rx_fifo/U0'
Parsing XDC File [v:/outputs/project2_v8_xadc_acquisition/ip/fifo_w32xd16/fifo_w32xd16.xdc] for cell 'u_udp/u1/ch0_frame_fifo/U0'
Finished Parsing XDC File [v:/outputs/project2_v8_xadc_acquisition/ip/fifo_w32xd16/fifo_w32xd16.xdc] for cell 'u_udp/u1/ch0_frame_fifo/U0'
Parsing XDC File [v:/outputs/project2_v8_xadc_acquisition/ip/fifo_w32xd16/fifo_w32xd16.xdc] for cell 'u_udp/u1/ch1_frame_fifo/U0'
Finished Parsing XDC File [v:/outputs/project2_v8_xadc_acquisition/ip/fifo_w32xd16/fifo_w32xd16.xdc] for cell 'u_udp/u1/ch1_frame_fifo/U0'
Parsing XDC File [v:/outputs/project2_v8_xadc_acquisition/ip/fifo_w32xd16/fifo_w32xd16.xdc] for cell 'u_udp/u5/ch0_frame_fifo/U0'
Finished Parsing XDC File [v:/outputs/project2_v8_xadc_acquisition/ip/fifo_w32xd16/fifo_w32xd16.xdc] for cell 'u_udp/u5/ch0_frame_fifo/U0'
Parsing XDC File [v:/outputs/project2_v8_xadc_acquisition/ip/fifo_w32xd16/fifo_w32xd16.xdc] for cell 'u_udp/u5/ch1_frame_fifo/U0'
Finished Parsing XDC File [v:/outputs/project2_v8_xadc_acquisition/ip/fifo_w32xd16/fifo_w32xd16.xdc] for cell 'u_udp/u5/ch1_frame_fifo/U0'
Parsing XDC File [v:/outputs/project2_v8_xadc_acquisition/ip/fifo_w9xd2048/fifo_w9xd2048.xdc] for cell 'u_udp/u1/ch0_data_fifo/U0'
Finished Parsing XDC File [v:/outputs/project2_v8_xadc_acquisition/ip/fifo_w9xd2048/fifo_w9xd2048.xdc] for cell 'u_udp/u1/ch0_data_fifo/U0'
Parsing XDC File [v:/outputs/project2_v8_xadc_acquisition/ip/fifo_w9xd2048/fifo_w9xd2048.xdc] for cell 'u_udp/u1/ch1_data_fifo/U0'
Finished Parsing XDC File [v:/outputs/project2_v8_xadc_acquisition/ip/fifo_w9xd2048/fifo_w9xd2048.xdc] for cell 'u_udp/u1/ch1_data_fifo/U0'
Parsing XDC File [v:/outputs/project2_v8_xadc_acquisition/ip/fifo_w9xd2048/fifo_w9xd2048.xdc] for cell 'u_udp/u5/ch0_data_fifo/U0'
Finished Parsing XDC File [v:/outputs/project2_v8_xadc_acquisition/ip/fifo_w9xd2048/fifo_w9xd2048.xdc] for cell 'u_udp/u5/ch0_data_fifo/U0'
Parsing XDC File [v:/outputs/project2_v8_xadc_acquisition/ip/fifo_w9xd2048/fifo_w9xd2048.xdc] for cell 'u_udp/u5/ch1_data_fifo/U0'
Finished Parsing XDC File [v:/outputs/project2_v8_xadc_acquisition/ip/fifo_w9xd2048/fifo_w9xd2048.xdc] for cell 'u_udp/u5/ch1_data_fifo/U0'
Parsing XDC File [v:/outputs/project2_v8_xadc_acquisition/ip/fifo_w81xd16/fifo_w81xd16.xdc] for cell 'u_udp/u3/arp_receive/arp_rx_fifo/U0'
Finished Parsing XDC File [v:/outputs/project2_v8_xadc_acquisition/ip/fifo_w81xd16/fifo_w81xd16.xdc] for cell 'u_udp/u3/arp_receive/arp_rx_fifo/U0'
Parsing XDC File [v:/outputs/project2_v8_xadc_acquisition/ip/fifo_w9xd4096/fifo_w9xd4096.xdc] for cell 'u_udp/u0/mac_receive/data_fifo/U0'
Finished Parsing XDC File [v:/outputs/project2_v8_xadc_acquisition/ip/fifo_w9xd4096/fifo_w9xd4096.xdc] for cell 'u_udp/u0/mac_receive/data_fifo/U0'
Parsing XDC File [v:/outputs/project2_v8_xadc_acquisition/ip/fifo_w9xd4096/fifo_w9xd4096.xdc] for cell 'u_udp/u0/mac_send/data_fifo/U0'
Finished Parsing XDC File [v:/outputs/project2_v8_xadc_acquisition/ip/fifo_w9xd4096/fifo_w9xd4096.xdc] for cell 'u_udp/u0/mac_send/data_fifo/U0'
Parsing XDC File [v:/outputs/project2_v8_xadc_acquisition/ip/fifo_w64xd16/fifo_w64xd16.xdc] for cell 'u_udp/u0/mac_send/frame_fifo/U0'
Finished Parsing XDC File [v:/outputs/project2_v8_xadc_acquisition/ip/fifo_w64xd16/fifo_w64xd16.xdc] for cell 'u_udp/u0/mac_send/frame_fifo/U0'
Parsing XDC File [v:/outputs/project2_v8_xadc_acquisition/ip/fifo_w17xd16/fifo_w17xd16.xdc] for cell 'u_udp/u0/mac_receive/frame_fifo/U0'
Finished Parsing XDC File [v:/outputs/project2_v8_xadc_acquisition/ip/fifo_w17xd16/fifo_w17xd16.xdc] for cell 'u_udp/u0/mac_receive/frame_fifo/U0'
Parsing XDC File [v:/outputs/project2_v8_xadc_acquisition/ip/mig_7series_0/mig_7series_0/user_design/constraints/mig_7series_0.xdc] for cell 'u_ddr3/u_mig'
Finished Parsing XDC File [v:/outputs/project2_v8_xadc_acquisition/ip/mig_7series_0/mig_7series_0/user_design/constraints/mig_7series_0.xdc] for cell 'u_ddr3/u_mig'
Parsing XDC File [v:/outputs/project2_v8_xadc_acquisition/ip/fifo_w144xd512/fifo_w144xd512.xdc] for cell 'u_adma/axi_rd_channel/rd_buffer/rd_data_fifo/U0'
Finished Parsing XDC File [v:/outputs/project2_v8_xadc_acquisition/ip/fifo_w144xd512/fifo_w144xd512.xdc] for cell 'u_adma/axi_rd_channel/rd_buffer/rd_data_fifo/U0'
Parsing XDC File [v:/outputs/project2_v8_xadc_acquisition/ip/fifo_w144xd512/fifo_w144xd512.xdc] for cell 'u_adma/axi_wr_channel/wr_buffer/wr_data_fifo/U0'
Finished Parsing XDC File [v:/outputs/project2_v8_xadc_acquisition/ip/fifo_w144xd512/fifo_w144xd512.xdc] for cell 'u_adma/axi_wr_channel/wr_buffer/wr_data_fifo/U0'
Parsing XDC File [v:/outputs/project2_v8_xadc_acquisition/ip/fifo_w40xd16/fifo_w40xd16.xdc] for cell 'u_adma/axi_rd_channel/rd_buffer/rd_cmd_fifo/U0'
Finished Parsing XDC File [v:/outputs/project2_v8_xadc_acquisition/ip/fifo_w40xd16/fifo_w40xd16.xdc] for cell 'u_adma/axi_rd_channel/rd_buffer/rd_cmd_fifo/U0'
Parsing XDC File [v:/outputs/project2_v8_xadc_acquisition/ip/fifo_w40xd16/fifo_w40xd16.xdc] for cell 'u_adma/axi_wr_channel/wr_buffer/wr_cmd_fifo/U0'
Finished Parsing XDC File [v:/outputs/project2_v8_xadc_acquisition/ip/fifo_w40xd16/fifo_w40xd16.xdc] for cell 'u_adma/axi_wr_channel/wr_buffer/wr_cmd_fifo/U0'
Parsing XDC File [v:/outputs/project2_v8_xadc_acquisition/ip/clk_wiz_0/clk_wiz_0_board.xdc] for cell 'u_clock_and_reset/clk_wiz_0/inst'
Finished Parsing XDC File [v:/outputs/project2_v8_xadc_acquisition/ip/clk_wiz_0/clk_wiz_0_board.xdc] for cell 'u_clock_and_reset/clk_wiz_0/inst'
Parsing XDC File [v:/outputs/project2_v8_xadc_acquisition/ip/clk_wiz_0/clk_wiz_0.xdc] for cell 'u_clock_and_reset/clk_wiz_0/inst'
INFO: [Timing 38-35] Done setting XDC timing constraints. [v:/outputs/project2_v8_xadc_acquisition/ip/clk_wiz_0/clk_wiz_0.xdc:57]
INFO: [Timing 38-2] Deriving generated clocks [v:/outputs/project2_v8_xadc_acquisition/ip/clk_wiz_0/clk_wiz_0.xdc:57]
get_clocks: Time (s): cpu = 00:00:07 ; elapsed = 00:00:06 . Memory (MB): peak = 1410.020 ; gain = 575.199
Finished Parsing XDC File [v:/outputs/project2_v8_xadc_acquisition/ip/clk_wiz_0/clk_wiz_0.xdc] for cell 'u_clock_and_reset/clk_wiz_0/inst'
Parsing XDC File [v:/outputs/project2_v8_xadc_acquisition/build/project2_v8_xadc_acquisition.srcs/sources_1/ip/ila_v6/ila_v6_2/constraints/ila_impl.xdc] for cell 'u_ila/inst'
Finished Parsing XDC File [v:/outputs/project2_v8_xadc_acquisition/build/project2_v8_xadc_acquisition.srcs/sources_1/ip/ila_v6/ila_v6_2/constraints/ila_impl.xdc] for cell 'u_ila/inst'
Parsing XDC File [v:/outputs/project2_v8_xadc_acquisition/build/project2_v8_xadc_acquisition.srcs/sources_1/ip/ila_v6/ila_v6_2/constraints/ila.xdc] for cell 'u_ila/inst'
Finished Parsing XDC File [v:/outputs/project2_v8_xadc_acquisition/build/project2_v8_xadc_acquisition.srcs/sources_1/ip/ila_v6/ila_v6_2/constraints/ila.xdc] for cell 'u_ila/inst'
Parsing XDC File [V:/outputs/project2_v8_xadc_acquisition/constraints/project2_v5_pins.xdc]
Finished Parsing XDC File [V:/outputs/project2_v8_xadc_acquisition/constraints/project2_v5_pins.xdc]
Parsing XDC File [v:/outputs/project2_v8_xadc_acquisition/ip/fifo_w32xd16_async/fifo_w32xd16_async_clocks.xdc] for cell 'u_udp/u6/icmp_receive/icmp_rx_fifo/U0'
Finished Parsing XDC File [v:/outputs/project2_v8_xadc_acquisition/ip/fifo_w32xd16_async/fifo_w32xd16_async_clocks.xdc] for cell 'u_udp/u6/icmp_receive/icmp_rx_fifo/U0'
Parsing XDC File [v:/outputs/project2_v8_xadc_acquisition/ip/fifo_w81xd16/fifo_w81xd16_clocks.xdc] for cell 'u_udp/u3/arp_receive/arp_rx_fifo/U0'
Finished Parsing XDC File [v:/outputs/project2_v8_xadc_acquisition/ip/fifo_w81xd16/fifo_w81xd16_clocks.xdc] for cell 'u_udp/u3/arp_receive/arp_rx_fifo/U0'
Parsing XDC File [v:/outputs/project2_v8_xadc_acquisition/ip/fifo_w9xd4096/fifo_w9xd4096_clocks.xdc] for cell 'u_udp/u0/mac_receive/data_fifo/U0'
Finished Parsing XDC File [v:/outputs/project2_v8_xadc_acquisition/ip/fifo_w9xd4096/fifo_w9xd4096_clocks.xdc] for cell 'u_udp/u0/mac_receive/data_fifo/U0'
Parsing XDC File [v:/outputs/project2_v8_xadc_acquisition/ip/fifo_w9xd4096/fifo_w9xd4096_clocks.xdc] for cell 'u_udp/u0/mac_send/data_fifo/U0'
Finished Parsing XDC File [v:/outputs/project2_v8_xadc_acquisition/ip/fifo_w9xd4096/fifo_w9xd4096_clocks.xdc] for cell 'u_udp/u0/mac_send/data_fifo/U0'
Parsing XDC File [v:/outputs/project2_v8_xadc_acquisition/ip/fifo_w64xd16/fifo_w64xd16_clocks.xdc] for cell 'u_udp/u0/mac_send/frame_fifo/U0'
Finished Parsing XDC File [v:/outputs/project2_v8_xadc_acquisition/ip/fifo_w64xd16/fifo_w64xd16_clocks.xdc] for cell 'u_udp/u0/mac_send/frame_fifo/U0'
Parsing XDC File [v:/outputs/project2_v8_xadc_acquisition/ip/fifo_w17xd16/fifo_w17xd16_clocks.xdc] for cell 'u_udp/u0/mac_receive/frame_fifo/U0'
Finished Parsing XDC File [v:/outputs/project2_v8_xadc_acquisition/ip/fifo_w17xd16/fifo_w17xd16_clocks.xdc] for cell 'u_udp/u0/mac_receive/frame_fifo/U0'
Parsing XDC File [v:/outputs/project2_v8_xadc_acquisition/ip/fifo_w144xd512/fifo_w144xd512_clocks.xdc] for cell 'u_adma/axi_rd_channel/rd_buffer/rd_data_fifo/U0'
Finished Parsing XDC File [v:/outputs/project2_v8_xadc_acquisition/ip/fifo_w144xd512/fifo_w144xd512_clocks.xdc] for cell 'u_adma/axi_rd_channel/rd_buffer/rd_data_fifo/U0'
Parsing XDC File [v:/outputs/project2_v8_xadc_acquisition/ip/fifo_w144xd512/fifo_w144xd512_clocks.xdc] for cell 'u_adma/axi_wr_channel/wr_buffer/wr_data_fifo/U0'
Finished Parsing XDC File [v:/outputs/project2_v8_xadc_acquisition/ip/fifo_w144xd512/fifo_w144xd512_clocks.xdc] for cell 'u_adma/axi_wr_channel/wr_buffer/wr_data_fifo/U0'
Parsing XDC File [v:/outputs/project2_v8_xadc_acquisition/ip/fifo_w40xd16/fifo_w40xd16_clocks.xdc] for cell 'u_adma/axi_rd_channel/rd_buffer/rd_cmd_fifo/U0'
Finished Parsing XDC File [v:/outputs/project2_v8_xadc_acquisition/ip/fifo_w40xd16/fifo_w40xd16_clocks.xdc] for cell 'u_adma/axi_rd_channel/rd_buffer/rd_cmd_fifo/U0'
Parsing XDC File [v:/outputs/project2_v8_xadc_acquisition/ip/fifo_w40xd16/fifo_w40xd16_clocks.xdc] for cell 'u_adma/axi_wr_channel/wr_buffer/wr_cmd_fifo/U0'
Finished Parsing XDC File [v:/outputs/project2_v8_xadc_acquisition/ip/fifo_w40xd16/fifo_w40xd16_clocks.xdc] for cell 'u_adma/axi_wr_channel/wr_buffer/wr_cmd_fifo/U0'
Parsing XDC File [V:/outputs/project2_v8_xadc_acquisition/constraints/project2_v5_timing.xdc]
CRITICAL WARNING: [Designutils 20-1307] Command 'if' is not supported in the xdc constraint file. [V:/outputs/project2_v8_xadc_acquisition/constraints/project2_v5_timing.xdc:15]
Finished Parsing XDC File [V:/outputs/project2_v8_xadc_acquisition/constraints/project2_v5_timing.xdc]
Sourcing Tcl File [C:/Xilinx/Vivado/2018.3/data/ip/xpm/xpm_cdc/tcl/xpm_cdc_async_rst.tcl] for cell 'u_adma/axi_rd_channel/rd_buffer/rd_data_fifo/U0/inst_fifo_gen/gconvfifo.rf/grf.rf/rstblk/ngwrdrst.grst.g7serrst.gnsckt_wrst.gic_rst.rst_rd_reg2_inst'
Finished Sourcing Tcl File [C:/Xilinx/Vivado/2018.3/data/ip/xpm/xpm_cdc/tcl/xpm_cdc_async_rst.tcl] for cell 'u_adma/axi_rd_channel/rd_buffer/rd_data_fifo/U0/inst_fifo_gen/gconvfifo.rf/grf.rf/rstblk/ngwrdrst.grst.g7serrst.gnsckt_wrst.gic_rst.rst_rd_reg2_inst'
Sourcing Tcl File [C:/Xilinx/Vivado/2018.3/data/ip/xpm/xpm_cdc/tcl/xpm_cdc_async_rst.tcl] for cell 'u_adma/axi_wr_channel/wr_buffer/wr_data_fifo/U0/inst_fifo_gen/gconvfifo.rf/grf.rf/rstblk/ngwrdrst.grst.g7serrst.gnsckt_wrst.gic_rst.rst_rd_reg2_inst'
Finished Sourcing Tcl File [C:/Xilinx/Vivado/2018.3/data/ip/xpm/xpm_cdc/tcl/xpm_cdc_async_rst.tcl] for cell 'u_adma/axi_wr_channel/wr_buffer/wr_data_fifo/U0/inst_fifo_gen/gconvfifo.rf/grf.rf/rstblk/ngwrdrst.grst.g7serrst.gnsckt_wrst.gic_rst.rst_rd_reg2_inst'
Sourcing Tcl File [C:/Xilinx/Vivado/2018.3/data/ip/xpm/xpm_cdc/tcl/xpm_cdc_async_rst.tcl] for cell 'u_adma/axi_rd_channel/rd_buffer/rd_data_fifo/U0/inst_fifo_gen/gconvfifo.rf/grf.rf/rstblk/ngwrdrst.grst.g7serrst.gnsckt_wrst.rst_wr_reg2_inst'
Finished Sourcing Tcl File [C:/Xilinx/Vivado/2018.3/data/ip/xpm/xpm_cdc/tcl/xpm_cdc_async_rst.tcl] for cell 'u_adma/axi_rd_channel/rd_buffer/rd_data_fifo/U0/inst_fifo_gen/gconvfifo.rf/grf.rf/rstblk/ngwrdrst.grst.g7serrst.gnsckt_wrst.rst_wr_reg2_inst'
Sourcing Tcl File [C:/Xilinx/Vivado/2018.3/data/ip/xpm/xpm_cdc/tcl/xpm_cdc_async_rst.tcl] for cell 'u_adma/axi_wr_channel/wr_buffer/wr_data_fifo/U0/inst_fifo_gen/gconvfifo.rf/grf.rf/rstblk/ngwrdrst.grst.g7serrst.gnsckt_wrst.rst_wr_reg2_inst'
Finished Sourcing Tcl File [C:/Xilinx/Vivado/2018.3/data/ip/xpm/xpm_cdc/tcl/xpm_cdc_async_rst.tcl] for cell 'u_adma/axi_wr_channel/wr_buffer/wr_data_fifo/U0/inst_fifo_gen/gconvfifo.rf/grf.rf/rstblk/ngwrdrst.grst.g7serrst.gnsckt_wrst.rst_wr_reg2_inst'
Sourcing Tcl File [C:/Xilinx/Vivado/2018.3/data/ip/xpm/xpm_cdc/tcl/xpm_cdc_async_rst.tcl] for cell 'u_udp/u0/mac_receive/frame_fifo/U0/inst_fifo_gen/gconvfifo.rf/grf.rf/rstblk/ngwrdrst.grst.g7serrst.gnsckt_wrst.gic_rst.rst_rd_reg2_inst'
Finished Sourcing Tcl File [C:/Xilinx/Vivado/2018.3/data/ip/xpm/xpm_cdc/tcl/xpm_cdc_async_rst.tcl] for cell 'u_udp/u0/mac_receive/frame_fifo/U0/inst_fifo_gen/gconvfifo.rf/grf.rf/rstblk/ngwrdrst.grst.g7serrst.gnsckt_wrst.gic_rst.rst_rd_reg2_inst'
Sourcing Tcl File [C:/Xilinx/Vivado/2018.3/data/ip/xpm/xpm_cdc/tcl/xpm_cdc_async_rst.tcl] for cell 'u_udp/u0/mac_receive/frame_fifo/U0/inst_fifo_gen/gconvfifo.rf/grf.rf/rstblk/ngwrdrst.grst.g7serrst.gnsckt_wrst.rst_wr_reg2_inst'
Finished Sourcing Tcl File [C:/Xilinx/Vivado/2018.3/data/ip/xpm/xpm_cdc/tcl/xpm_cdc_async_rst.tcl] for cell 'u_udp/u0/mac_receive/frame_fifo/U0/inst_fifo_gen/gconvfifo.rf/grf.rf/rstblk/ngwrdrst.grst.g7serrst.gnsckt_wrst.rst_wr_reg2_inst'
Sourcing Tcl File [C:/Xilinx/Vivado/2018.3/data/ip/xpm/xpm_cdc/tcl/xpm_cdc_async_rst.tcl] for cell 'u_udp/u6/icmp_receive/icmp_rx_fifo/U0/inst_fifo_gen/gconvfifo.rf/grf.rf/rstblk/ngwrdrst.grst.g7serrst.gnsckt_wrst.gic_rst.rst_rd_reg2_inst'
Finished Sourcing Tcl File [C:/Xilinx/Vivado/2018.3/data/ip/xpm/xpm_cdc/tcl/xpm_cdc_async_rst.tcl] for cell 'u_udp/u6/icmp_receive/icmp_rx_fifo/U0/inst_fifo_gen/gconvfifo.rf/grf.rf/rstblk/ngwrdrst.grst.g7serrst.gnsckt_wrst.gic_rst.rst_rd_reg2_inst'
Sourcing Tcl File [C:/Xilinx/Vivado/2018.3/data/ip/xpm/xpm_cdc/tcl/xpm_cdc_async_rst.tcl] for cell 'u_udp/u6/icmp_receive/icmp_rx_fifo/U0/inst_fifo_gen/gconvfifo.rf/grf.rf/rstblk/ngwrdrst.grst.g7serrst.gnsckt_wrst.rst_wr_reg2_inst'
Finished Sourcing Tcl File [C:/Xilinx/Vivado/2018.3/data/ip/xpm/xpm_cdc/tcl/xpm_cdc_async_rst.tcl] for cell 'u_udp/u6/icmp_receive/icmp_rx_fifo/U0/inst_fifo_gen/gconvfifo.rf/grf.rf/rstblk/ngwrdrst.grst.g7serrst.gnsckt_wrst.rst_wr_reg2_inst'
Sourcing Tcl File [C:/Xilinx/Vivado/2018.3/data/ip/xpm/xpm_cdc/tcl/xpm_cdc_async_rst.tcl] for cell 'u_adma/axi_rd_channel/rd_buffer/rd_cmd_fifo/U0/inst_fifo_gen/gconvfifo.rf/grf.rf/rstblk/ngwrdrst.grst.g7serrst.gnsckt_wrst.gic_rst.rst_rd_reg2_inst'
Finished Sourcing Tcl File [C:/Xilinx/Vivado/2018.3/data/ip/xpm/xpm_cdc/tcl/xpm_cdc_async_rst.tcl] for cell 'u_adma/axi_rd_channel/rd_buffer/rd_cmd_fifo/U0/inst_fifo_gen/gconvfifo.rf/grf.rf/rstblk/ngwrdrst.grst.g7serrst.gnsckt_wrst.gic_rst.rst_rd_reg2_inst'
Sourcing Tcl File [C:/Xilinx/Vivado/2018.3/data/ip/xpm/xpm_cdc/tcl/xpm_cdc_async_rst.tcl] for cell 'u_adma/axi_wr_channel/wr_buffer/wr_cmd_fifo/U0/inst_fifo_gen/gconvfifo.rf/grf.rf/rstblk/ngwrdrst.grst.g7serrst.gnsckt_wrst.gic_rst.rst_rd_reg2_inst'
Finished Sourcing Tcl File [C:/Xilinx/Vivado/2018.3/data/ip/xpm/xpm_cdc/tcl/xpm_cdc_async_rst.tcl] for cell 'u_adma/axi_wr_channel/wr_buffer/wr_cmd_fifo/U0/inst_fifo_gen/gconvfifo.rf/grf.rf/rstblk/ngwrdrst.grst.g7serrst.gnsckt_wrst.gic_rst.rst_rd_reg2_inst'
Sourcing Tcl File [C:/Xilinx/Vivado/2018.3/data/ip/xpm/xpm_cdc/tcl/xpm_cdc_async_rst.tcl] for cell 'u_adma/axi_rd_channel/rd_buffer/rd_cmd_fifo/U0/inst_fifo_gen/gconvfifo.rf/grf.rf/rstblk/ngwrdrst.grst.g7serrst.gnsckt_wrst.rst_wr_reg2_inst'
Finished Sourcing Tcl File [C:/Xilinx/Vivado/2018.3/data/ip/xpm/xpm_cdc/tcl/xpm_cdc_async_rst.tcl] for cell 'u_adma/axi_rd_channel/rd_buffer/rd_cmd_fifo/U0/inst_fifo_gen/gconvfifo.rf/grf.rf/rstblk/ngwrdrst.grst.g7serrst.gnsckt_wrst.rst_wr_reg2_inst'
Sourcing Tcl File [C:/Xilinx/Vivado/2018.3/data/ip/xpm/xpm_cdc/tcl/xpm_cdc_async_rst.tcl] for cell 'u_adma/axi_wr_channel/wr_buffer/wr_cmd_fifo/U0/inst_fifo_gen/gconvfifo.rf/grf.rf/rstblk/ngwrdrst.grst.g7serrst.gnsckt_wrst.rst_wr_reg2_inst'
Finished Sourcing Tcl File [C:/Xilinx/Vivado/2018.3/data/ip/xpm/xpm_cdc/tcl/xpm_cdc_async_rst.tcl] for cell 'u_adma/axi_wr_channel/wr_buffer/wr_cmd_fifo/U0/inst_fifo_gen/gconvfifo.rf/grf.rf/rstblk/ngwrdrst.grst.g7serrst.gnsckt_wrst.rst_wr_reg2_inst'
Sourcing Tcl File [C:/Xilinx/Vivado/2018.3/data/ip/xpm/xpm_cdc/tcl/xpm_cdc_async_rst.tcl] for cell 'u_udp/u0/mac_send/frame_fifo/U0/inst_fifo_gen/gconvfifo.rf/grf.rf/rstblk/ngwrdrst.grst.g7serrst.gnsckt_wrst.gic_rst.rst_rd_reg2_inst'
Finished Sourcing Tcl File [C:/Xilinx/Vivado/2018.3/data/ip/xpm/xpm_cdc/tcl/xpm_cdc_async_rst.tcl] for cell 'u_udp/u0/mac_send/frame_fifo/U0/inst_fifo_gen/gconvfifo.rf/grf.rf/rstblk/ngwrdrst.grst.g7serrst.gnsckt_wrst.gic_rst.rst_rd_reg2_inst'
Sourcing Tcl File [C:/Xilinx/Vivado/2018.3/data/ip/xpm/xpm_cdc/tcl/xpm_cdc_async_rst.tcl] for cell 'u_udp/u0/mac_send/frame_fifo/U0/inst_fifo_gen/gconvfifo.rf/grf.rf/rstblk/ngwrdrst.grst.g7serrst.gnsckt_wrst.rst_wr_reg2_inst'
Finished Sourcing Tcl File [C:/Xilinx/Vivado/2018.3/data/ip/xpm/xpm_cdc/tcl/xpm_cdc_async_rst.tcl] for cell 'u_udp/u0/mac_send/frame_fifo/U0/inst_fifo_gen/gconvfifo.rf/grf.rf/rstblk/ngwrdrst.grst.g7serrst.gnsckt_wrst.rst_wr_reg2_inst'
Sourcing Tcl File [C:/Xilinx/Vivado/2018.3/data/ip/xpm/xpm_cdc/tcl/xpm_cdc_async_rst.tcl] for cell 'u_udp/u3/arp_receive/arp_rx_fifo/U0/inst_fifo_gen/gconvfifo.rf/grf.rf/rstblk/ngwrdrst.grst.g7serrst.gnsckt_wrst.gic_rst.rst_rd_reg2_inst'
Finished Sourcing Tcl File [C:/Xilinx/Vivado/2018.3/data/ip/xpm/xpm_cdc/tcl/xpm_cdc_async_rst.tcl] for cell 'u_udp/u3/arp_receive/arp_rx_fifo/U0/inst_fifo_gen/gconvfifo.rf/grf.rf/rstblk/ngwrdrst.grst.g7serrst.gnsckt_wrst.gic_rst.rst_rd_reg2_inst'
Sourcing Tcl File [C:/Xilinx/Vivado/2018.3/data/ip/xpm/xpm_cdc/tcl/xpm_cdc_async_rst.tcl] for cell 'u_udp/u3/arp_receive/arp_rx_fifo/U0/inst_fifo_gen/gconvfifo.rf/grf.rf/rstblk/ngwrdrst.grst.g7serrst.gnsckt_wrst.rst_wr_reg2_inst'
Finished Sourcing Tcl File [C:/Xilinx/Vivado/2018.3/data/ip/xpm/xpm_cdc/tcl/xpm_cdc_async_rst.tcl] for cell 'u_udp/u3/arp_receive/arp_rx_fifo/U0/inst_fifo_gen/gconvfifo.rf/grf.rf/rstblk/ngwrdrst.grst.g7serrst.gnsckt_wrst.rst_wr_reg2_inst'
Sourcing Tcl File [C:/Xilinx/Vivado/2018.3/data/ip/xpm/xpm_cdc/tcl/xpm_cdc_async_rst.tcl] for cell 'u_udp/u0/mac_receive/data_fifo/U0/inst_fifo_gen/gconvfifo.rf/grf.rf/rstblk/ngwrdrst.grst.g7serrst.gnsckt_wrst.gic_rst.rst_rd_reg2_inst'
Finished Sourcing Tcl File [C:/Xilinx/Vivado/2018.3/data/ip/xpm/xpm_cdc/tcl/xpm_cdc_async_rst.tcl] for cell 'u_udp/u0/mac_receive/data_fifo/U0/inst_fifo_gen/gconvfifo.rf/grf.rf/rstblk/ngwrdrst.grst.g7serrst.gnsckt_wrst.gic_rst.rst_rd_reg2_inst'
Sourcing Tcl File [C:/Xilinx/Vivado/2018.3/data/ip/xpm/xpm_cdc/tcl/xpm_cdc_async_rst.tcl] for cell 'u_udp/u0/mac_send/data_fifo/U0/inst_fifo_gen/gconvfifo.rf/grf.rf/rstblk/ngwrdrst.grst.g7serrst.gnsckt_wrst.gic_rst.rst_rd_reg2_inst'
Finished Sourcing Tcl File [C:/Xilinx/Vivado/2018.3/data/ip/xpm/xpm_cdc/tcl/xpm_cdc_async_rst.tcl] for cell 'u_udp/u0/mac_send/data_fifo/U0/inst_fifo_gen/gconvfifo.rf/grf.rf/rstblk/ngwrdrst.grst.g7serrst.gnsckt_wrst.gic_rst.rst_rd_reg2_inst'
Sourcing Tcl File [C:/Xilinx/Vivado/2018.3/data/ip/xpm/xpm_cdc/tcl/xpm_cdc_async_rst.tcl] for cell 'u_udp/u0/mac_receive/data_fifo/U0/inst_fifo_gen/gconvfifo.rf/grf.rf/rstblk/ngwrdrst.grst.g7serrst.gnsckt_wrst.rst_wr_reg2_inst'
Finished Sourcing Tcl File [C:/Xilinx/Vivado/2018.3/data/ip/xpm/xpm_cdc/tcl/xpm_cdc_async_rst.tcl] for cell 'u_udp/u0/mac_receive/data_fifo/U0/inst_fifo_gen/gconvfifo.rf/grf.rf/rstblk/ngwrdrst.grst.g7serrst.gnsckt_wrst.rst_wr_reg2_inst'
Sourcing Tcl File [C:/Xilinx/Vivado/2018.3/data/ip/xpm/xpm_cdc/tcl/xpm_cdc_async_rst.tcl] for cell 'u_udp/u0/mac_send/data_fifo/U0/inst_fifo_gen/gconvfifo.rf/grf.rf/rstblk/ngwrdrst.grst.g7serrst.gnsckt_wrst.rst_wr_reg2_inst'
Finished Sourcing Tcl File [C:/Xilinx/Vivado/2018.3/data/ip/xpm/xpm_cdc/tcl/xpm_cdc_async_rst.tcl] for cell 'u_udp/u0/mac_send/data_fifo/U0/inst_fifo_gen/gconvfifo.rf/grf.rf/rstblk/ngwrdrst.grst.g7serrst.gnsckt_wrst.rst_wr_reg2_inst'
Sourcing Tcl File [C:/Xilinx/Vivado/2018.3/data/ip/xpm/xpm_cdc/tcl/xpm_cdc_gray.tcl] for cell 'u_adma/axi_rd_channel/rd_buffer/rd_data_fifo/U0/inst_fifo_gen/gconvfifo.rf/grf.rf/gntv_or_sync_fifo.gcx.clkx/rd_pntr_cdc_inst'
INFO: [Vivado 12-3272] Current instance is the top level cell 'u_adma/axi_rd_channel/rd_buffer/rd_data_fifo/U0/inst_fifo_gen/gconvfifo.rf/grf.rf/gntv_or_sync_fifo.gcx.clkx/rd_pntr_cdc_inst' of design 'design_1' [C:/Xilinx/Vivado/2018.3/data/ip/xpm/xpm_cdc/tcl/xpm_cdc_gray.tcl:16]
WARNING: [XPM_CDC_GRAY: TCL-1000] The source and destination clocks are the same. 
     Instance: u_adma/axi_rd_channel/rd_buffer/rd_data_fifo/U0/inst_fifo_gen/gconvfifo.rf/grf.rf/gntv_or_sync_fifo.gcx.clkx/rd_pntr_cdc_inst 
  This will add unnecessary latency to the design. Please check the design for the following: 
 1) Manually instantiated XPM_CDC modules: Xilinx recommends that you remove these modules. 
 2) Xilinx IP that contains XPM_CDC modules: Verify the connections to the IP to determine whether you can safely ignore this message.
 [C:/Xilinx/Vivado/2018.3/data/ip/xpm/xpm_cdc/tcl/xpm_cdc_gray.tcl:16]
Finished Sourcing Tcl File [C:/Xilinx/Vivado/2018.3/data/ip/xpm/xpm_cdc/tcl/xpm_cdc_gray.tcl] for cell 'u_adma/axi_rd_channel/rd_buffer/rd_data_fifo/U0/inst_fifo_gen/gconvfifo.rf/grf.rf/gntv_or_sync_fifo.gcx.clkx/rd_pntr_cdc_inst'
Sourcing Tcl File [C:/Xilinx/Vivado/2018.3/data/ip/xpm/xpm_cdc/tcl/xpm_cdc_gray.tcl] for cell 'u_adma/axi_wr_channel/wr_buffer/wr_data_fifo/U0/inst_fifo_gen/gconvfifo.rf/grf.rf/gntv_or_sync_fifo.gcx.clkx/rd_pntr_cdc_inst'
Finished Sourcing Tcl File [C:/Xilinx/Vivado/2018.3/data/ip/xpm/xpm_cdc/tcl/xpm_cdc_gray.tcl] for cell 'u_adma/axi_wr_channel/wr_buffer/wr_data_fifo/U0/inst_fifo_gen/gconvfifo.rf/grf.rf/gntv_or_sync_fifo.gcx.clkx/rd_pntr_cdc_inst'
Sourcing Tcl File [C:/Xilinx/Vivado/2018.3/data/ip/xpm/xpm_cdc/tcl/xpm_cdc_gray.tcl] for cell 'u_adma/axi_rd_channel/rd_buffer/rd_data_fifo/U0/inst_fifo_gen/gconvfifo.rf/grf.rf/gntv_or_sync_fifo.gcx.clkx/wr_pntr_cdc_inst'
INFO: [Vivado 12-3272] Current instance is the top level cell 'u_adma/axi_rd_channel/rd_buffer/rd_data_fifo/U0/inst_fifo_gen/gconvfifo.rf/grf.rf/gntv_or_sync_fifo.gcx.clkx/wr_pntr_cdc_inst' of design 'design_1' [C:/Xilinx/Vivado/2018.3/data/ip/xpm/xpm_cdc/tcl/xpm_cdc_gray.tcl:16]
WARNING: [XPM_CDC_GRAY: TCL-1000] The source and destination clocks are the same. 
     Instance: u_adma/axi_rd_channel/rd_buffer/rd_data_fifo/U0/inst_fifo_gen/gconvfifo.rf/grf.rf/gntv_or_sync_fifo.gcx.clkx/wr_pntr_cdc_inst 
  This will add unnecessary latency to the design. Please check the design for the following: 
 1) Manually instantiated XPM_CDC modules: Xilinx recommends that you remove these modules. 
 2) Xilinx IP that contains XPM_CDC modules: Verify the connections to the IP to determine whether you can safely ignore this message.
 [C:/Xilinx/Vivado/2018.3/data/ip/xpm/xpm_cdc/tcl/xpm_cdc_gray.tcl:16]
Finished Sourcing Tcl File [C:/Xilinx/Vivado/2018.3/data/ip/xpm/xpm_cdc/tcl/xpm_cdc_gray.tcl] for cell 'u_adma/axi_rd_channel/rd_buffer/rd_data_fifo/U0/inst_fifo_gen/gconvfifo.rf/grf.rf/gntv_or_sync_fifo.gcx.clkx/wr_pntr_cdc_inst'
Sourcing Tcl File [C:/Xilinx/Vivado/2018.3/data/ip/xpm/xpm_cdc/tcl/xpm_cdc_gray.tcl] for cell 'u_adma/axi_wr_channel/wr_buffer/wr_data_fifo/U0/inst_fifo_gen/gconvfifo.rf/grf.rf/gntv_or_sync_fifo.gcx.clkx/wr_pntr_cdc_inst'
Finished Sourcing Tcl File [C:/Xilinx/Vivado/2018.3/data/ip/xpm/xpm_cdc/tcl/xpm_cdc_gray.tcl] for cell 'u_adma/axi_wr_channel/wr_buffer/wr_data_fifo/U0/inst_fifo_gen/gconvfifo.rf/grf.rf/gntv_or_sync_fifo.gcx.clkx/wr_pntr_cdc_inst'
Sourcing Tcl File [C:/Xilinx/Vivado/2018.3/data/ip/xpm/xpm_cdc/tcl/xpm_cdc_gray.tcl] for cell 'u_udp/u0/mac_receive/frame_fifo/U0/inst_fifo_gen/gconvfifo.rf/grf.rf/gntv_or_sync_fifo.gcx.clkx/rd_pntr_cdc_inst'
Finished Sourcing Tcl File [C:/Xilinx/Vivado/2018.3/data/ip/xpm/xpm_cdc/tcl/xpm_cdc_gray.tcl] for cell 'u_udp/u0/mac_receive/frame_fifo/U0/inst_fifo_gen/gconvfifo.rf/grf.rf/gntv_or_sync_fifo.gcx.clkx/rd_pntr_cdc_inst'
Sourcing Tcl File [C:/Xilinx/Vivado/2018.3/data/ip/xpm/xpm_cdc/tcl/xpm_cdc_gray.tcl] for cell 'u_udp/u0/mac_receive/frame_fifo/U0/inst_fifo_gen/gconvfifo.rf/grf.rf/gntv_or_sync_fifo.gcx.clkx/wr_pntr_cdc_inst'
Finished Sourcing Tcl File [C:/Xilinx/Vivado/2018.3/data/ip/xpm/xpm_cdc/tcl/xpm_cdc_gray.tcl] for cell 'u_udp/u0/mac_receive/frame_fifo/U0/inst_fifo_gen/gconvfifo.rf/grf.rf/gntv_or_sync_fifo.gcx.clkx/wr_pntr_cdc_inst'
Sourcing Tcl File [C:/Xilinx/Vivado/2018.3/data/ip/xpm/xpm_cdc/tcl/xpm_cdc_gray.tcl] for cell 'u_udp/u6/icmp_receive/icmp_rx_fifo/U0/inst_fifo_gen/gconvfifo.rf/grf.rf/gntv_or_sync_fifo.gcx.clkx/rd_pntr_cdc_inst'
Finished Sourcing Tcl File [C:/Xilinx/Vivado/2018.3/data/ip/xpm/xpm_cdc/tcl/xpm_cdc_gray.tcl] for cell 'u_udp/u6/icmp_receive/icmp_rx_fifo/U0/inst_fifo_gen/gconvfifo.rf/grf.rf/gntv_or_sync_fifo.gcx.clkx/rd_pntr_cdc_inst'
Sourcing Tcl File [C:/Xilinx/Vivado/2018.3/data/ip/xpm/xpm_cdc/tcl/xpm_cdc_gray.tcl] for cell 'u_udp/u6/icmp_receive/icmp_rx_fifo/U0/inst_fifo_gen/gconvfifo.rf/grf.rf/gntv_or_sync_fifo.gcx.clkx/wr_pntr_cdc_inst'
Finished Sourcing Tcl File [C:/Xilinx/Vivado/2018.3/data/ip/xpm/xpm_cdc/tcl/xpm_cdc_gray.tcl] for cell 'u_udp/u6/icmp_receive/icmp_rx_fifo/U0/inst_fifo_gen/gconvfifo.rf/grf.rf/gntv_or_sync_fifo.gcx.clkx/wr_pntr_cdc_inst'
Sourcing Tcl File [C:/Xilinx/Vivado/2018.3/data/ip/xpm/xpm_cdc/tcl/xpm_cdc_gray.tcl] for cell 'u_adma/axi_rd_channel/rd_buffer/rd_cmd_fifo/U0/inst_fifo_gen/gconvfifo.rf/grf.rf/gntv_or_sync_fifo.gcx.clkx/rd_pntr_cdc_inst'
INFO: [Vivado 12-3272] Current instance is the top level cell 'u_adma/axi_rd_channel/rd_buffer/rd_cmd_fifo/U0/inst_fifo_gen/gconvfifo.rf/grf.rf/gntv_or_sync_fifo.gcx.clkx/rd_pntr_cdc_inst' of design 'design_1' [C:/Xilinx/Vivado/2018.3/data/ip/xpm/xpm_cdc/tcl/xpm_cdc_gray.tcl:16]
WARNING: [XPM_CDC_GRAY: TCL-1000] The source and destination clocks are the same. 
     Instance: u_adma/axi_rd_channel/rd_buffer/rd_cmd_fifo/U0/inst_fifo_gen/gconvfifo.rf/grf.rf/gntv_or_sync_fifo.gcx.clkx/rd_pntr_cdc_inst 
  This will add unnecessary latency to the design. Please check the design for the following: 
 1) Manually instantiated XPM_CDC modules: Xilinx recommends that you remove these modules. 
 2) Xilinx IP that contains XPM_CDC modules: Verify the connections to the IP to determine whether you can safely ignore this message.
 [C:/Xilinx/Vivado/2018.3/data/ip/xpm/xpm_cdc/tcl/xpm_cdc_gray.tcl:16]
Finished Sourcing Tcl File [C:/Xilinx/Vivado/2018.3/data/ip/xpm/xpm_cdc/tcl/xpm_cdc_gray.tcl] for cell 'u_adma/axi_rd_channel/rd_buffer/rd_cmd_fifo/U0/inst_fifo_gen/gconvfifo.rf/grf.rf/gntv_or_sync_fifo.gcx.clkx/rd_pntr_cdc_inst'
Sourcing Tcl File [C:/Xilinx/Vivado/2018.3/data/ip/xpm/xpm_cdc/tcl/xpm_cdc_gray.tcl] for cell 'u_adma/axi_wr_channel/wr_buffer/wr_cmd_fifo/U0/inst_fifo_gen/gconvfifo.rf/grf.rf/gntv_or_sync_fifo.gcx.clkx/rd_pntr_cdc_inst'
Finished Sourcing Tcl File [C:/Xilinx/Vivado/2018.3/data/ip/xpm/xpm_cdc/tcl/xpm_cdc_gray.tcl] for cell 'u_adma/axi_wr_channel/wr_buffer/wr_cmd_fifo/U0/inst_fifo_gen/gconvfifo.rf/grf.rf/gntv_or_sync_fifo.gcx.clkx/rd_pntr_cdc_inst'
Sourcing Tcl File [C:/Xilinx/Vivado/2018.3/data/ip/xpm/xpm_cdc/tcl/xpm_cdc_gray.tcl] for cell 'u_adma/axi_rd_channel/rd_buffer/rd_cmd_fifo/U0/inst_fifo_gen/gconvfifo.rf/grf.rf/gntv_or_sync_fifo.gcx.clkx/wr_pntr_cdc_inst'
INFO: [Vivado 12-3272] Current instance is the top level cell 'u_adma/axi_rd_channel/rd_buffer/rd_cmd_fifo/U0/inst_fifo_gen/gconvfifo.rf/grf.rf/gntv_or_sync_fifo.gcx.clkx/wr_pntr_cdc_inst' of design 'design_1' [C:/Xilinx/Vivado/2018.3/data/ip/xpm/xpm_cdc/tcl/xpm_cdc_gray.tcl:16]
WARNING: [XPM_CDC_GRAY: TCL-1000] The source and destination clocks are the same. 
     Instance: u_adma/axi_rd_channel/rd_buffer/rd_cmd_fifo/U0/inst_fifo_gen/gconvfifo.rf/grf.rf/gntv_or_sync_fifo.gcx.clkx/wr_pntr_cdc_inst 
  This will add unnecessary latency to the design. Please check the design for the following: 
 1) Manually instantiated XPM_CDC modules: Xilinx recommends that you remove these modules. 
 2) Xilinx IP that contains XPM_CDC modules: Verify the connections to the IP to determine whether you can safely ignore this message.
 [C:/Xilinx/Vivado/2018.3/data/ip/xpm/xpm_cdc/tcl/xpm_cdc_gray.tcl:16]
Finished Sourcing Tcl File [C:/Xilinx/Vivado/2018.3/data/ip/xpm/xpm_cdc/tcl/xpm_cdc_gray.tcl] for cell 'u_adma/axi_rd_channel/rd_buffer/rd_cmd_fifo/U0/inst_fifo_gen/gconvfifo.rf/grf.rf/gntv_or_sync_fifo.gcx.clkx/wr_pntr_cdc_inst'
Sourcing Tcl File [C:/Xilinx/Vivado/2018.3/data/ip/xpm/xpm_cdc/tcl/xpm_cdc_gray.tcl] for cell 'u_adma/axi_wr_channel/wr_buffer/wr_cmd_fifo/U0/inst_fifo_gen/gconvfifo.rf/grf.rf/gntv_or_sync_fifo.gcx.clkx/wr_pntr_cdc_inst'
Finished Sourcing Tcl File [C:/Xilinx/Vivado/2018.3/data/ip/xpm/xpm_cdc/tcl/xpm_cdc_gray.tcl] for cell 'u_adma/axi_wr_channel/wr_buffer/wr_cmd_fifo/U0/inst_fifo_gen/gconvfifo.rf/grf.rf/gntv_or_sync_fifo.gcx.clkx/wr_pntr_cdc_inst'
Sourcing Tcl File [C:/Xilinx/Vivado/2018.3/data/ip/xpm/xpm_cdc/tcl/xpm_cdc_gray.tcl] for cell 'u_udp/u0/mac_send/frame_fifo/U0/inst_fifo_gen/gconvfifo.rf/grf.rf/gntv_or_sync_fifo.gcx.clkx/rd_pntr_cdc_inst'
Finished Sourcing Tcl File [C:/Xilinx/Vivado/2018.3/data/ip/xpm/xpm_cdc/tcl/xpm_cdc_gray.tcl] for cell 'u_udp/u0/mac_send/frame_fifo/U0/inst_fifo_gen/gconvfifo.rf/grf.rf/gntv_or_sync_fifo.gcx.clkx/rd_pntr_cdc_inst'
Sourcing Tcl File [C:/Xilinx/Vivado/2018.3/data/ip/xpm/xpm_cdc/tcl/xpm_cdc_gray.tcl] for cell 'u_udp/u0/mac_send/frame_fifo/U0/inst_fifo_gen/gconvfifo.rf/grf.rf/gntv_or_sync_fifo.gcx.clkx/wr_pntr_cdc_inst'
Finished Sourcing Tcl File [C:/Xilinx/Vivado/2018.3/data/ip/xpm/xpm_cdc/tcl/xpm_cdc_gray.tcl] for cell 'u_udp/u0/mac_send/frame_fifo/U0/inst_fifo_gen/gconvfifo.rf/grf.rf/gntv_or_sync_fifo.gcx.clkx/wr_pntr_cdc_inst'
Sourcing Tcl File [C:/Xilinx/Vivado/2018.3/data/ip/xpm/xpm_cdc/tcl/xpm_cdc_gray.tcl] for cell 'u_udp/u3/arp_receive/arp_rx_fifo/U0/inst_fifo_gen/gconvfifo.rf/grf.rf/gntv_or_sync_fifo.gcx.clkx/rd_pntr_cdc_inst'
Finished Sourcing Tcl File [C:/Xilinx/Vivado/2018.3/data/ip/xpm/xpm_cdc/tcl/xpm_cdc_gray.tcl] for cell 'u_udp/u3/arp_receive/arp_rx_fifo/U0/inst_fifo_gen/gconvfifo.rf/grf.rf/gntv_or_sync_fifo.gcx.clkx/rd_pntr_cdc_inst'
Sourcing Tcl File [C:/Xilinx/Vivado/2018.3/data/ip/xpm/xpm_cdc/tcl/xpm_cdc_gray.tcl] for cell 'u_udp/u3/arp_receive/arp_rx_fifo/U0/inst_fifo_gen/gconvfifo.rf/grf.rf/gntv_or_sync_fifo.gcx.clkx/wr_pntr_cdc_inst'
Finished Sourcing Tcl File [C:/Xilinx/Vivado/2018.3/data/ip/xpm/xpm_cdc/tcl/xpm_cdc_gray.tcl] for cell 'u_udp/u3/arp_receive/arp_rx_fifo/U0/inst_fifo_gen/gconvfifo.rf/grf.rf/gntv_or_sync_fifo.gcx.clkx/wr_pntr_cdc_inst'
Sourcing Tcl File [C:/Xilinx/Vivado/2018.3/data/ip/xpm/xpm_cdc/tcl/xpm_cdc_gray.tcl] for cell 'u_udp/u0/mac_receive/data_fifo/U0/inst_fifo_gen/gconvfifo.rf/grf.rf/gntv_or_sync_fifo.gcx.clkx/rd_pntr_cdc_inst'
Finished Sourcing Tcl File [C:/Xilinx/Vivado/2018.3/data/ip/xpm/xpm_cdc/tcl/xpm_cdc_gray.tcl] for cell 'u_udp/u0/mac_receive/data_fifo/U0/inst_fifo_gen/gconvfifo.rf/grf.rf/gntv_or_sync_fifo.gcx.clkx/rd_pntr_cdc_inst'
Sourcing Tcl File [C:/Xilinx/Vivado/2018.3/data/ip/xpm/xpm_cdc/tcl/xpm_cdc_gray.tcl] for cell 'u_udp/u0/mac_send/data_fifo/U0/inst_fifo_gen/gconvfifo.rf/grf.rf/gntv_or_sync_fifo.gcx.clkx/rd_pntr_cdc_inst'
Finished Sourcing Tcl File [C:/Xilinx/Vivado/2018.3/data/ip/xpm/xpm_cdc/tcl/xpm_cdc_gray.tcl] for cell 'u_udp/u0/mac_send/data_fifo/U0/inst_fifo_gen/gconvfifo.rf/grf.rf/gntv_or_sync_fifo.gcx.clkx/rd_pntr_cdc_inst'
Sourcing Tcl File [C:/Xilinx/Vivado/2018.3/data/ip/xpm/xpm_cdc/tcl/xpm_cdc_gray.tcl] for cell 'u_udp/u0/mac_receive/data_fifo/U0/inst_fifo_gen/gconvfifo.rf/grf.rf/gntv_or_sync_fifo.gcx.clkx/wr_pntr_cdc_inst'
Finished Sourcing Tcl File [C:/Xilinx/Vivado/2018.3/data/ip/xpm/xpm_cdc/tcl/xpm_cdc_gray.tcl] for cell 'u_udp/u0/mac_receive/data_fifo/U0/inst_fifo_gen/gconvfifo.rf/grf.rf/gntv_or_sync_fifo.gcx.clkx/wr_pntr_cdc_inst'
Sourcing Tcl File [C:/Xilinx/Vivado/2018.3/data/ip/xpm/xpm_cdc/tcl/xpm_cdc_gray.tcl] for cell 'u_udp/u0/mac_send/data_fifo/U0/inst_fifo_gen/gconvfifo.rf/grf.rf/gntv_or_sync_fifo.gcx.clkx/wr_pntr_cdc_inst'
Finished Sourcing Tcl File [C:/Xilinx/Vivado/2018.3/data/ip/xpm/xpm_cdc/tcl/xpm_cdc_gray.tcl] for cell 'u_udp/u0/mac_send/data_fifo/U0/inst_fifo_gen/gconvfifo.rf/grf.rf/gntv_or_sync_fifo.gcx.clkx/wr_pntr_cdc_inst'
Sourcing Tcl File [C:/Xilinx/Vivado/2018.3/data/ip/xpm/xpm_cdc/tcl/xpm_cdc_single.tcl] for cell 'u_adma/axi_rd_channel/rd_buffer/rd_data_fifo/U0/inst_fifo_gen/gconvfifo.rf/grf.rf/rstblk/ngwrdrst.grst.g7serrst.gnsckt_wrst.gic_rst.xpm_cdc_single_inst_rrst_wr'
INFO: [Vivado 12-3272] Current instance is the top level cell 'u_adma/axi_rd_channel/rd_buffer/rd_data_fifo/U0/inst_fifo_gen/gconvfifo.rf/grf.rf/rstblk/ngwrdrst.grst.g7serrst.gnsckt_wrst.gic_rst.xpm_cdc_single_inst_rrst_wr' of design 'design_1' [C:/Xilinx/Vivado/2018.3/data/ip/xpm/xpm_cdc/tcl/xpm_cdc_single.tcl:5]
WARNING: [XPM_CDC_SINGLE: TCL-1000] The source and destination clocks are the same. 
     Instance: u_adma/axi_rd_channel/rd_buffer/rd_data_fifo/U0/inst_fifo_gen/gconvfifo.rf/grf.rf/rstblk/ngwrdrst.grst.g7serrst.gnsckt_wrst.gic_rst.xpm_cdc_single_inst_rrst_wr 
  This will add unnecessary latency to the design. Please check the design for the following: 
 1) Manually instantiated XPM_CDC modules: Xilinx recommends that you remove these modules. 
 2) Xilinx IP that contains XPM_CDC modules: Verify the connections to the IP to determine whether you can safely ignore this message.
 [C:/Xilinx/Vivado/2018.3/data/ip/xpm/xpm_cdc/tcl/xpm_cdc_single.tcl:5]
Finished Sourcing Tcl File [C:/Xilinx/Vivado/2018.3/data/ip/xpm/xpm_cdc/tcl/xpm_cdc_single.tcl] for cell 'u_adma/axi_rd_channel/rd_buffer/rd_data_fifo/U0/inst_fifo_gen/gconvfifo.rf/grf.rf/rstblk/ngwrdrst.grst.g7serrst.gnsckt_wrst.gic_rst.xpm_cdc_single_inst_rrst_wr'
Sourcing Tcl File [C:/Xilinx/Vivado/2018.3/data/ip/xpm/xpm_cdc/tcl/xpm_cdc_single.tcl] for cell 'u_adma/axi_wr_channel/wr_buffer/wr_data_fifo/U0/inst_fifo_gen/gconvfifo.rf/grf.rf/rstblk/ngwrdrst.grst.g7serrst.gnsckt_wrst.gic_rst.xpm_cdc_single_inst_rrst_wr'
Finished Sourcing Tcl File [C:/Xilinx/Vivado/2018.3/data/ip/xpm/xpm_cdc/tcl/xpm_cdc_single.tcl] for cell 'u_adma/axi_wr_channel/wr_buffer/wr_data_fifo/U0/inst_fifo_gen/gconvfifo.rf/grf.rf/rstblk/ngwrdrst.grst.g7serrst.gnsckt_wrst.gic_rst.xpm_cdc_single_inst_rrst_wr'
Sourcing Tcl File [C:/Xilinx/Vivado/2018.3/data/ip/xpm/xpm_cdc/tcl/xpm_cdc_single.tcl] for cell 'u_adma/axi_rd_channel/rd_buffer/rd_data_fifo/U0/inst_fifo_gen/gconvfifo.rf/grf.rf/rstblk/ngwrdrst.grst.g7serrst.gnsckt_wrst.gic_rst.xpm_cdc_single_inst_wrst_rd'
INFO: [Vivado 12-3272] Current instance is the top level cell 'u_adma/axi_rd_channel/rd_buffer/rd_data_fifo/U0/inst_fifo_gen/gconvfifo.rf/grf.rf/rstblk/ngwrdrst.grst.g7serrst.gnsckt_wrst.gic_rst.xpm_cdc_single_inst_wrst_rd' of design 'design_1' [C:/Xilinx/Vivado/2018.3/data/ip/xpm/xpm_cdc/tcl/xpm_cdc_single.tcl:5]
WARNING: [XPM_CDC_SINGLE: TCL-1000] The source and destination clocks are the same. 
     Instance: u_adma/axi_rd_channel/rd_buffer/rd_data_fifo/U0/inst_fifo_gen/gconvfifo.rf/grf.rf/rstblk/ngwrdrst.grst.g7serrst.gnsckt_wrst.gic_rst.xpm_cdc_single_inst_wrst_rd 
  This will add unnecessary latency to the design. Please check the design for the following: 
 1) Manually instantiated XPM_CDC modules: Xilinx recommends that you remove these modules. 
 2) Xilinx IP that contains XPM_CDC modules: Verify the connections to the IP to determine whether you can safely ignore this message.
 [C:/Xilinx/Vivado/2018.3/data/ip/xpm/xpm_cdc/tcl/xpm_cdc_single.tcl:5]
Finished Sourcing Tcl File [C:/Xilinx/Vivado/2018.3/data/ip/xpm/xpm_cdc/tcl/xpm_cdc_single.tcl] for cell 'u_adma/axi_rd_channel/rd_buffer/rd_data_fifo/U0/inst_fifo_gen/gconvfifo.rf/grf.rf/rstblk/ngwrdrst.grst.g7serrst.gnsckt_wrst.gic_rst.xpm_cdc_single_inst_wrst_rd'
Sourcing Tcl File [C:/Xilinx/Vivado/2018.3/data/ip/xpm/xpm_cdc/tcl/xpm_cdc_single.tcl] for cell 'u_adma/axi_wr_channel/wr_buffer/wr_data_fifo/U0/inst_fifo_gen/gconvfifo.rf/grf.rf/rstblk/ngwrdrst.grst.g7serrst.gnsckt_wrst.gic_rst.xpm_cdc_single_inst_wrst_rd'
Finished Sourcing Tcl File [C:/Xilinx/Vivado/2018.3/data/ip/xpm/xpm_cdc/tcl/xpm_cdc_single.tcl] for cell 'u_adma/axi_wr_channel/wr_buffer/wr_data_fifo/U0/inst_fifo_gen/gconvfifo.rf/grf.rf/rstblk/ngwrdrst.grst.g7serrst.gnsckt_wrst.gic_rst.xpm_cdc_single_inst_wrst_rd'
Sourcing Tcl File [C:/Xilinx/Vivado/2018.3/data/ip/xpm/xpm_cdc/tcl/xpm_cdc_single.tcl] for cell 'u_udp/u0/mac_receive/frame_fifo/U0/inst_fifo_gen/gconvfifo.rf/grf.rf/rstblk/ngwrdrst.grst.g7serrst.gnsckt_wrst.gic_rst.xpm_cdc_single_inst_rrst_wr'
Finished Sourcing Tcl File [C:/Xilinx/Vivado/2018.3/data/ip/xpm/xpm_cdc/tcl/xpm_cdc_single.tcl] for cell 'u_udp/u0/mac_receive/frame_fifo/U0/inst_fifo_gen/gconvfifo.rf/grf.rf/rstblk/ngwrdrst.grst.g7serrst.gnsckt_wrst.gic_rst.xpm_cdc_single_inst_rrst_wr'
Sourcing Tcl File [C:/Xilinx/Vivado/2018.3/data/ip/xpm/xpm_cdc/tcl/xpm_cdc_single.tcl] for cell 'u_udp/u0/mac_receive/frame_fifo/U0/inst_fifo_gen/gconvfifo.rf/grf.rf/rstblk/ngwrdrst.grst.g7serrst.gnsckt_wrst.gic_rst.xpm_cdc_single_inst_wrst_rd'
Finished Sourcing Tcl File [C:/Xilinx/Vivado/2018.3/data/ip/xpm/xpm_cdc/tcl/xpm_cdc_single.tcl] for cell 'u_udp/u0/mac_receive/frame_fifo/U0/inst_fifo_gen/gconvfifo.rf/grf.rf/rstblk/ngwrdrst.grst.g7serrst.gnsckt_wrst.gic_rst.xpm_cdc_single_inst_wrst_rd'
Sourcing Tcl File [C:/Xilinx/Vivado/2018.3/data/ip/xpm/xpm_cdc/tcl/xpm_cdc_single.tcl] for cell 'u_udp/u6/icmp_receive/icmp_rx_fifo/U0/inst_fifo_gen/gconvfifo.rf/grf.rf/rstblk/ngwrdrst.grst.g7serrst.gnsckt_wrst.gic_rst.xpm_cdc_single_inst_rrst_wr'
Finished Sourcing Tcl File [C:/Xilinx/Vivado/2018.3/data/ip/xpm/xpm_cdc/tcl/xpm_cdc_single.tcl] for cell 'u_udp/u6/icmp_receive/icmp_rx_fifo/U0/inst_fifo_gen/gconvfifo.rf/grf.rf/rstblk/ngwrdrst.grst.g7serrst.gnsckt_wrst.gic_rst.xpm_cdc_single_inst_rrst_wr'
Sourcing Tcl File [C:/Xilinx/Vivado/2018.3/data/ip/xpm/xpm_cdc/tcl/xpm_cdc_single.tcl] for cell 'u_udp/u6/icmp_receive/icmp_rx_fifo/U0/inst_fifo_gen/gconvfifo.rf/grf.rf/rstblk/ngwrdrst.grst.g7serrst.gnsckt_wrst.gic_rst.xpm_cdc_single_inst_wrst_rd'
Finished Sourcing Tcl File [C:/Xilinx/Vivado/2018.3/data/ip/xpm/xpm_cdc/tcl/xpm_cdc_single.tcl] for cell 'u_udp/u6/icmp_receive/icmp_rx_fifo/U0/inst_fifo_gen/gconvfifo.rf/grf.rf/rstblk/ngwrdrst.grst.g7serrst.gnsckt_wrst.gic_rst.xpm_cdc_single_inst_wrst_rd'
Sourcing Tcl File [C:/Xilinx/Vivado/2018.3/data/ip/xpm/xpm_cdc/tcl/xpm_cdc_single.tcl] for cell 'u_adma/axi_rd_channel/rd_buffer/rd_cmd_fifo/U0/inst_fifo_gen/gconvfifo.rf/grf.rf/rstblk/ngwrdrst.grst.g7serrst.gnsckt_wrst.gic_rst.xpm_cdc_single_inst_rrst_wr'
INFO: [Vivado 12-3272] Current instance is the top level cell 'u_adma/axi_rd_channel/rd_buffer/rd_cmd_fifo/U0/inst_fifo_gen/gconvfifo.rf/grf.rf/rstblk/ngwrdrst.grst.g7serrst.gnsckt_wrst.gic_rst.xpm_cdc_single_inst_rrst_wr' of design 'design_1' [C:/Xilinx/Vivado/2018.3/data/ip/xpm/xpm_cdc/tcl/xpm_cdc_single.tcl:5]
WARNING: [XPM_CDC_SINGLE: TCL-1000] The source and destination clocks are the same. 
     Instance: u_adma/axi_rd_channel/rd_buffer/rd_cmd_fifo/U0/inst_fifo_gen/gconvfifo.rf/grf.rf/rstblk/ngwrdrst.grst.g7serrst.gnsckt_wrst.gic_rst.xpm_cdc_single_inst_rrst_wr 
  This will add unnecessary latency to the design. Please check the design for the following: 
 1) Manually instantiated XPM_CDC modules: Xilinx recommends that you remove these modules. 
 2) Xilinx IP that contains XPM_CDC modules: Verify the connections to the IP to determine whether you can safely ignore this message.
 [C:/Xilinx/Vivado/2018.3/data/ip/xpm/xpm_cdc/tcl/xpm_cdc_single.tcl:5]
Finished Sourcing Tcl File [C:/Xilinx/Vivado/2018.3/data/ip/xpm/xpm_cdc/tcl/xpm_cdc_single.tcl] for cell 'u_adma/axi_rd_channel/rd_buffer/rd_cmd_fifo/U0/inst_fifo_gen/gconvfifo.rf/grf.rf/rstblk/ngwrdrst.grst.g7serrst.gnsckt_wrst.gic_rst.xpm_cdc_single_inst_rrst_wr'
Sourcing Tcl File [C:/Xilinx/Vivado/2018.3/data/ip/xpm/xpm_cdc/tcl/xpm_cdc_single.tcl] for cell 'u_adma/axi_wr_channel/wr_buffer/wr_cmd_fifo/U0/inst_fifo_gen/gconvfifo.rf/grf.rf/rstblk/ngwrdrst.grst.g7serrst.gnsckt_wrst.gic_rst.xpm_cdc_single_inst_rrst_wr'
Finished Sourcing Tcl File [C:/Xilinx/Vivado/2018.3/data/ip/xpm/xpm_cdc/tcl/xpm_cdc_single.tcl] for cell 'u_adma/axi_wr_channel/wr_buffer/wr_cmd_fifo/U0/inst_fifo_gen/gconvfifo.rf/grf.rf/rstblk/ngwrdrst.grst.g7serrst.gnsckt_wrst.gic_rst.xpm_cdc_single_inst_rrst_wr'
Sourcing Tcl File [C:/Xilinx/Vivado/2018.3/data/ip/xpm/xpm_cdc/tcl/xpm_cdc_single.tcl] for cell 'u_adma/axi_rd_channel/rd_buffer/rd_cmd_fifo/U0/inst_fifo_gen/gconvfifo.rf/grf.rf/rstblk/ngwrdrst.grst.g7serrst.gnsckt_wrst.gic_rst.xpm_cdc_single_inst_wrst_rd'
INFO: [Vivado 12-3272] Current instance is the top level cell 'u_adma/axi_rd_channel/rd_buffer/rd_cmd_fifo/U0/inst_fifo_gen/gconvfifo.rf/grf.rf/rstblk/ngwrdrst.grst.g7serrst.gnsckt_wrst.gic_rst.xpm_cdc_single_inst_wrst_rd' of design 'design_1' [C:/Xilinx/Vivado/2018.3/data/ip/xpm/xpm_cdc/tcl/xpm_cdc_single.tcl:5]
WARNING: [XPM_CDC_SINGLE: TCL-1000] The source and destination clocks are the same. 
     Instance: u_adma/axi_rd_channel/rd_buffer/rd_cmd_fifo/U0/inst_fifo_gen/gconvfifo.rf/grf.rf/rstblk/ngwrdrst.grst.g7serrst.gnsckt_wrst.gic_rst.xpm_cdc_single_inst_wrst_rd 
  This will add unnecessary latency to the design. Please check the design for the following: 
 1) Manually instantiated XPM_CDC modules: Xilinx recommends that you remove these modules. 
 2) Xilinx IP that contains XPM_CDC modules: Verify the connections to the IP to determine whether you can safely ignore this message.
 [C:/Xilinx/Vivado/2018.3/data/ip/xpm/xpm_cdc/tcl/xpm_cdc_single.tcl:5]
Finished Sourcing Tcl File [C:/Xilinx/Vivado/2018.3/data/ip/xpm/xpm_cdc/tcl/xpm_cdc_single.tcl] for cell 'u_adma/axi_rd_channel/rd_buffer/rd_cmd_fifo/U0/inst_fifo_gen/gconvfifo.rf/grf.rf/rstblk/ngwrdrst.grst.g7serrst.gnsckt_wrst.gic_rst.xpm_cdc_single_inst_wrst_rd'
Sourcing Tcl File [C:/Xilinx/Vivado/2018.3/data/ip/xpm/xpm_cdc/tcl/xpm_cdc_single.tcl] for cell 'u_adma/axi_wr_channel/wr_buffer/wr_cmd_fifo/U0/inst_fifo_gen/gconvfifo.rf/grf.rf/rstblk/ngwrdrst.grst.g7serrst.gnsckt_wrst.gic_rst.xpm_cdc_single_inst_wrst_rd'
Finished Sourcing Tcl File [C:/Xilinx/Vivado/2018.3/data/ip/xpm/xpm_cdc/tcl/xpm_cdc_single.tcl] for cell 'u_adma/axi_wr_channel/wr_buffer/wr_cmd_fifo/U0/inst_fifo_gen/gconvfifo.rf/grf.rf/rstblk/ngwrdrst.grst.g7serrst.gnsckt_wrst.gic_rst.xpm_cdc_single_inst_wrst_rd'
Sourcing Tcl File [C:/Xilinx/Vivado/2018.3/data/ip/xpm/xpm_cdc/tcl/xpm_cdc_single.tcl] for cell 'u_udp/u0/mac_send/frame_fifo/U0/inst_fifo_gen/gconvfifo.rf/grf.rf/rstblk/ngwrdrst.grst.g7serrst.gnsckt_wrst.gic_rst.xpm_cdc_single_inst_rrst_wr'
Finished Sourcing Tcl File [C:/Xilinx/Vivado/2018.3/data/ip/xpm/xpm_cdc/tcl/xpm_cdc_single.tcl] for cell 'u_udp/u0/mac_send/frame_fifo/U0/inst_fifo_gen/gconvfifo.rf/grf.rf/rstblk/ngwrdrst.grst.g7serrst.gnsckt_wrst.gic_rst.xpm_cdc_single_inst_rrst_wr'
Sourcing Tcl File [C:/Xilinx/Vivado/2018.3/data/ip/xpm/xpm_cdc/tcl/xpm_cdc_single.tcl] for cell 'u_udp/u0/mac_send/frame_fifo/U0/inst_fifo_gen/gconvfifo.rf/grf.rf/rstblk/ngwrdrst.grst.g7serrst.gnsckt_wrst.gic_rst.xpm_cdc_single_inst_wrst_rd'
Finished Sourcing Tcl File [C:/Xilinx/Vivado/2018.3/data/ip/xpm/xpm_cdc/tcl/xpm_cdc_single.tcl] for cell 'u_udp/u0/mac_send/frame_fifo/U0/inst_fifo_gen/gconvfifo.rf/grf.rf/rstblk/ngwrdrst.grst.g7serrst.gnsckt_wrst.gic_rst.xpm_cdc_single_inst_wrst_rd'
Sourcing Tcl File [C:/Xilinx/Vivado/2018.3/data/ip/xpm/xpm_cdc/tcl/xpm_cdc_single.tcl] for cell 'u_udp/u3/arp_receive/arp_rx_fifo/U0/inst_fifo_gen/gconvfifo.rf/grf.rf/rstblk/ngwrdrst.grst.g7serrst.gnsckt_wrst.gic_rst.xpm_cdc_single_inst_rrst_wr'
Finished Sourcing Tcl File [C:/Xilinx/Vivado/2018.3/data/ip/xpm/xpm_cdc/tcl/xpm_cdc_single.tcl] for cell 'u_udp/u3/arp_receive/arp_rx_fifo/U0/inst_fifo_gen/gconvfifo.rf/grf.rf/rstblk/ngwrdrst.grst.g7serrst.gnsckt_wrst.gic_rst.xpm_cdc_single_inst_rrst_wr'
Sourcing Tcl File [C:/Xilinx/Vivado/2018.3/data/ip/xpm/xpm_cdc/tcl/xpm_cdc_single.tcl] for cell 'u_udp/u3/arp_receive/arp_rx_fifo/U0/inst_fifo_gen/gconvfifo.rf/grf.rf/rstblk/ngwrdrst.grst.g7serrst.gnsckt_wrst.gic_rst.xpm_cdc_single_inst_wrst_rd'
Finished Sourcing Tcl File [C:/Xilinx/Vivado/2018.3/data/ip/xpm/xpm_cdc/tcl/xpm_cdc_single.tcl] for cell 'u_udp/u3/arp_receive/arp_rx_fifo/U0/inst_fifo_gen/gconvfifo.rf/grf.rf/rstblk/ngwrdrst.grst.g7serrst.gnsckt_wrst.gic_rst.xpm_cdc_single_inst_wrst_rd'
Sourcing Tcl File [C:/Xilinx/Vivado/2018.3/data/ip/xpm/xpm_cdc/tcl/xpm_cdc_single.tcl] for cell 'u_udp/u0/mac_receive/data_fifo/U0/inst_fifo_gen/gconvfifo.rf/grf.rf/rstblk/ngwrdrst.grst.g7serrst.gnsckt_wrst.gic_rst.xpm_cdc_single_inst_rrst_wr'
Finished Sourcing Tcl File [C:/Xilinx/Vivado/2018.3/data/ip/xpm/xpm_cdc/tcl/xpm_cdc_single.tcl] for cell 'u_udp/u0/mac_receive/data_fifo/U0/inst_fifo_gen/gconvfifo.rf/grf.rf/rstblk/ngwrdrst.grst.g7serrst.gnsckt_wrst.gic_rst.xpm_cdc_single_inst_rrst_wr'
Sourcing Tcl File [C:/Xilinx/Vivado/2018.3/data/ip/xpm/xpm_cdc/tcl/xpm_cdc_single.tcl] for cell 'u_udp/u0/mac_send/data_fifo/U0/inst_fifo_gen/gconvfifo.rf/grf.rf/rstblk/ngwrdrst.grst.g7serrst.gnsckt_wrst.gic_rst.xpm_cdc_single_inst_rrst_wr'
Finished Sourcing Tcl File [C:/Xilinx/Vivado/2018.3/data/ip/xpm/xpm_cdc/tcl/xpm_cdc_single.tcl] for cell 'u_udp/u0/mac_send/data_fifo/U0/inst_fifo_gen/gconvfifo.rf/grf.rf/rstblk/ngwrdrst.grst.g7serrst.gnsckt_wrst.gic_rst.xpm_cdc_single_inst_rrst_wr'
Sourcing Tcl File [C:/Xilinx/Vivado/2018.3/data/ip/xpm/xpm_cdc/tcl/xpm_cdc_single.tcl] for cell 'u_udp/u0/mac_receive/data_fifo/U0/inst_fifo_gen/gconvfifo.rf/grf.rf/rstblk/ngwrdrst.grst.g7serrst.gnsckt_wrst.gic_rst.xpm_cdc_single_inst_wrst_rd'
Finished Sourcing Tcl File [C:/Xilinx/Vivado/2018.3/data/ip/xpm/xpm_cdc/tcl/xpm_cdc_single.tcl] for cell 'u_udp/u0/mac_receive/data_fifo/U0/inst_fifo_gen/gconvfifo.rf/grf.rf/rstblk/ngwrdrst.grst.g7serrst.gnsckt_wrst.gic_rst.xpm_cdc_single_inst_wrst_rd'
Sourcing Tcl File [C:/Xilinx/Vivado/2018.3/data/ip/xpm/xpm_cdc/tcl/xpm_cdc_single.tcl] for cell 'u_udp/u0/mac_send/data_fifo/U0/inst_fifo_gen/gconvfifo.rf/grf.rf/rstblk/ngwrdrst.grst.g7serrst.gnsckt_wrst.gic_rst.xpm_cdc_single_inst_wrst_rd'
Finished Sourcing Tcl File [C:/Xilinx/Vivado/2018.3/data/ip/xpm/xpm_cdc/tcl/xpm_cdc_single.tcl] for cell 'u_udp/u0/mac_send/data_fifo/U0/inst_fifo_gen/gconvfifo.rf/grf.rf/rstblk/ngwrdrst.grst.g7serrst.gnsckt_wrst.gic_rst.xpm_cdc_single_inst_wrst_rd'
INFO: [Opt 31-138] Pushed 0 inverter(s) to 0 load pin(s).
Netlist sorting complete. Time (s): cpu = 00:00:00 ; elapsed = 00:00:00.010 . Memory (MB): peak = 1418.098 ; gain = 0.000
INFO: [Project 1-111] Unisim Transformation Summary:
  A total of 1290 instances were transformed.
  CFGLUT5 => CFGLUT5 (SRLC32E, SRL16E): 376 instances
  IOBUFDS_DIFF_OUT_INTERMDISABLE => IOBUFDS_DIFF_OUT_INTERMDISABLE (IBUFDS_INTERMDISABLE_INT, IBUFDS_INTERMDISABLE_INT, INV, OBUFTDS, OBUFTDS): 2 instances
  IOBUF_INTERMDISABLE => IOBUF_INTERMDISABLE (IBUF_INTERMDISABLE, OBUFT): 16 instances
  OBUFDS => OBUFDS_DUAL_BUF (INV, OBUFDS, OBUFDS): 1 instances
  RAM32M => RAM32M (RAMD32, RAMD32, RAMD32, RAMD32, RAMD32, RAMD32, RAMS32, RAMS32): 191 instances
  RAM64M => RAM64M (RAMD64E, RAMD64E, RAMD64E, RAMD64E): 416 instances
  RAM64X1D => RAM64X1D (RAMD64E, RAMD64E): 288 instances

31 Infos, 8 Warnings, 1 Critical Warnings and 0 Errors encountered.
link_design completed successfully
link_design: Time (s): cpu = 00:00:17 ; elapsed = 00:00:17 . Memory (MB): peak = 1418.098 ; gain = 1064.832
source V:/outputs/project2_v8_xadc_acquisition/scripts/apply_post_link_constraints.tcl
POST_LINK_CDC_CONSTRAINT_APPLIED
Command: opt_design
Attempting to get a license for feature 'Implementation' and/or device 'xc7a35t'
INFO: [Common 17-349] Got license for feature 'Implementation' and/or device 'xc7a35t'
Running DRC as a precondition to command opt_design

Starting DRC Task
INFO: [DRC 23-27] Running DRC with 2 threads
INFO: [Project 1-461] DRC finished with 0 Errors
INFO: [Project 1-462] Please refer to the DRC report (report_drc) for more information.

Time (s): cpu = 00:00:01 ; elapsed = 00:00:00.587 . Memory (MB): peak = 1418.098 ; gain = 0.000

Starting Cache Timing Information Task
Ending Cache Timing Information Task | Checksum: 1e7787f43

Time (s): cpu = 00:00:00 ; elapsed = 00:00:00.034 . Memory (MB): peak = 1418.098 ; gain = 0.000

Starting Logic Optimization Task

Phase 1 Generate And Synthesize Debug Cores
INFO: [Chipscope 16-329] Generating Script for core instance : dbg_hub 
INFO: [IP_Flow 19-3806] Processing IP xilinx.com:ip:xsdbm:3.0 for cell dbg_hub_CV.
Netlist sorting complete. Time (s): cpu = 00:00:00 ; elapsed = 00:00:00.029 . Memory (MB): peak = 1484.566 ; gain = 0.000
Phase 1 Generate And Synthesize Debug Cores | Checksum: 28152381e

Time (s): cpu = 00:00:03 ; elapsed = 00:00:44 . Memory (MB): peak = 1484.566 ; gain = 18.195

Phase 2 Retarget
INFO: [Opt 31-138] Pushed 5 inverter(s) to 23 load pin(s).
INFO: [Opt 31-49] Retargeted 0 cell(s).
Phase 2 Retarget | Checksum: 25b2b9a5a

Time (s): cpu = 00:00:04 ; elapsed = 00:00:45 . Memory (MB): peak = 1485.586 ; gain = 19.215
INFO: [Opt 31-389] Phase Retarget created 214 cells and removed 314 cells
INFO: [Opt 31-1021] In phase Retarget, 320 netlist objects are constrained preventing optimization. Please run opt_design with -debug_log to get more detail. 

Phase 3 Constant propagation
INFO: [Opt 31-138] Pushed 0 inverter(s) to 0 load pin(s).
Phase 3 Constant propagation | Checksum: 284708d87

Time (s): cpu = 00:00:05 ; elapsed = 00:00:46 . Memory (MB): peak = 1485.586 ; gain = 19.215
INFO: [Opt 31-389] Phase Constant propagation created 87 cells and removed 316 cells
INFO: [Opt 31-1021] In phase Constant propagation, 279 netlist objects are constrained preventing optimization. Please run opt_design with -debug_log to get more detail. 

Phase 4 Sweep
Phase 4 Sweep | Checksum: 1c7590eb2

Time (s): cpu = 00:00:06 ; elapsed = 00:00:47 . Memory (MB): peak = 1485.586 ; gain = 19.215
INFO: [Opt 31-389] Phase Sweep created 0 cells and removed 1496 cells
INFO: [Opt 31-1021] In phase Sweep, 1863 netlist objects are constrained preventing optimization. Please run opt_design with -debug_log to get more detail. 

Phase 5 BUFG optimization
INFO: [Opt 31-194] Inserted BUFG u_clock_and_reset/clk_wiz_0/inst/clk_out1_clk_wiz_0_BUFG_inst to drive 0 load(s) on clock net u_clock_and_reset/clk_wiz_0/inst/clk_out1_clk_wiz_0_BUFG
INFO: [Opt 31-194] Inserted BUFG u_clock_and_reset/clk_wiz_0/inst/clk_out2_clk_wiz_0_BUFG_inst to drive 0 load(s) on clock net u_clock_and_reset/clk_wiz_0/inst/clk_out2_clk_wiz_0_BUFG
INFO: [Opt 31-194] Inserted BUFG u_ddr3/u_mig/u_mig_7series_0_mig/u_ddr3_infrastructure/pll_clk3_out_BUFG_inst to drive 0 load(s) on clock net u_ddr3/u_mig/u_mig_7series_0_mig/u_ddr3_infrastructure/pll_clk3_out_BUFG
INFO: [Opt 31-193] Inserted 3 BUFG(s) on clock nets
Phase 5 BUFG optimization | Checksum: 1201b2176

Time (s): cpu = 00:00:07 ; elapsed = 00:00:47 . Memory (MB): peak = 1485.586 ; gain = 19.215
INFO: [Opt 31-662] Phase BUFG optimization created 0 cells of which 0 are BUFGs and removed 0 cells.

Phase 6 Shift Register Optimization
Phase 6 Shift Register Optimization | Checksum: 1a2c83f4b

Time (s): cpu = 00:00:08 ; elapsed = 00:00:49 . Memory (MB): peak = 1485.586 ; gain = 19.215
INFO: [Opt 31-389] Phase Shift Register Optimization created 0 cells and removed 0 cells

Phase 7 Post Processing Netlist
Phase 7 Post Processing Netlist | Checksum: 1a567c211

Time (s): cpu = 00:00:08 ; elapsed = 00:00:49 . Memory (MB): peak = 1485.586 ; gain = 19.215
INFO: [Opt 31-389] Phase Post Processing Netlist created 0 cells and removed 0 cells
INFO: [Opt 31-1021] In phase Post Processing Netlist, 157 netlist objects are constrained preventing optimization. Please run opt_design with -debug_log to get more detail. 
Opt_design Change Summary
=========================


-------------------------------------------------------------------------------------------------------------------------
|  Phase                        |  #Cells created  |  #Cells Removed  |  #Constrained objects preventing optimizations  |
-------------------------------------------------------------------------------------------------------------------------
|  Retarget                     |             214  |             314  |                                            320  |
|  Constant propagation         |              87  |             316  |                                            279  |
|  Sweep                        |               0  |            1496  |                                           1863  |
|  BUFG optimization            |               0  |               0  |                                              0  |
|  Shift Register Optimization  |               0  |               0  |                                              0  |
|  Post Processing Netlist      |               0  |               0  |                                            157  |
-------------------------------------------------------------------------------------------------------------------------



Starting Connectivity Check Task

Time (s): cpu = 00:00:00 ; elapsed = 00:00:00.062 . Memory (MB): peak = 1485.586 ; gain = 0.000
Ending Logic Optimization Task | Checksum: 1807fd00e

Time (s): cpu = 00:00:09 ; elapsed = 00:00:49 . Memory (MB): peak = 1485.586 ; gain = 19.215

Starting Power Optimization Task
INFO: [Pwropt 34-132] Skipping clock gating for clocks with a period < 2.00 ns.
INFO: [Timing 38-35] Done setting XDC timing constraints.
INFO: [Pwropt 34-9] Applying IDT optimizations ...
INFO: [Pwropt 34-10] Applying ODC optimizations ...
INFO: [Physopt 32-619] Estimated Timing Summary | WNS=0.983 | TNS=0.000 |
Running Vector-less Activity Propagation...

Finished Running Vector-less Activity Propagation


Starting PowerOpt Patch Enables Task
INFO: [Pwropt 34-162] WRITE_MODE attribute of 6 BRAM(s) out of a total of 38 has been updated to save power. Run report_power_opt to get a complete listing of the BRAMs updated.
INFO: [Pwropt 34-201] Structural ODC has moved 0 WE to EN ports
Number of BRAM Ports augmented: 36 newly gated: 0 Total Ports: 76
Ending PowerOpt Patch Enables Task | Checksum: 115b13d48

Time (s): cpu = 00:00:00 ; elapsed = 00:00:00.267 . Memory (MB): peak = 2042.898 ; gain = 0.000
Ending Power Optimization Task | Checksum: 115b13d48

Time (s): cpu = 00:00:12 ; elapsed = 00:00:07 . Memory (MB): peak = 2042.898 ; gain = 557.312

Starting Final Cleanup Task

Starting Logic Optimization Task
INFO: [Timing 38-35] Done setting XDC timing constraints.
Ending Logic Optimization Task | Checksum: ec51d013

Time (s): cpu = 00:00:03 ; elapsed = 00:00:03 . Memory (MB): peak = 2042.898 ; gain = 0.000
Ending Final Cleanup Task | Checksum: ec51d013

Time (s): cpu = 00:00:04 ; elapsed = 00:00:03 . Memory (MB): peak = 2042.898 ; gain = 0.000

Starting Netlist Obfuscation Task
Netlist sorting complete. Time (s): cpu = 00:00:00 ; elapsed = 00:00:00.012 . Memory (MB): peak = 2042.898 ; gain = 0.000
Ending Netlist Obfuscation Task | Checksum: ec51d013

Time (s): cpu = 00:00:00 ; elapsed = 00:00:00.012 . Memory (MB): peak = 2042.898 ; gain = 0.000
INFO: [Common 17-83] Releasing license: Implementation
66 Infos, 8 Warnings, 1 Critical Warnings and 0 Errors encountered.
opt_design completed successfully
opt_design: Time (s): cpu = 00:00:27 ; elapsed = 00:01:01 . Memory (MB): peak = 2042.898 ; gain = 624.801
Netlist sorting complete. Time (s): cpu = 00:00:00 ; elapsed = 00:00:00.014 . Memory (MB): peak = 2042.898 ; gain = 0.000
INFO: [Timing 38-480] Writing timing data to binary archive.
Writing placer database...
Writing XDEF routing.
Writing XDEF routing logical nets.
Writing XDEF routing special nets.
Write XDEF Complete: Time (s): cpu = 00:00:00 ; elapsed = 00:00:00.039 . Memory (MB): peak = 2042.898 ; gain = 0.000
Netlist sorting complete. Time (s): cpu = 00:00:00 ; elapsed = 00:00:00.014 . Memory (MB): peak = 2042.898 ; gain = 0.000
INFO: [Common 17-1381] The checkpoint 'V:/outputs/project2_v8_xadc_acquisition/build/project2_v8_xadc_acquisition.runs/impl_1/project2_v8_top_opt.dcp' has been generated.
INFO: [runtcl-4] Executing : report_drc -file project2_v8_top_drc_opted.rpt -pb project2_v8_top_drc_opted.pb -rpx project2_v8_top_drc_opted.rpx
Command: report_drc -file project2_v8_top_drc_opted.rpt -pb project2_v8_top_drc_opted.pb -rpx project2_v8_top_drc_opted.rpx
INFO: [IP_Flow 19-1839] IP Catalog is up to date.
INFO: [DRC 23-27] Running DRC with 2 threads
INFO: [Coretcl 2-168] The results of DRC are in file V:/outputs/project2_v8_xadc_acquisition/build/project2_v8_xadc_acquisition.runs/impl_1/project2_v8_top_drc_opted.rpt.
report_drc completed successfully
INFO: [Chipscope 16-240] Debug cores have already been implemented
Command: place_design
Attempting to get a license for feature 'Implementation' and/or device 'xc7a35t'
INFO: [Common 17-349] Got license for feature 'Implementation' and/or device 'xc7a35t'
INFO: [DRC 23-27] Running DRC with 2 threads
INFO: [Vivado_Tcl 4-198] DRC finished with 0 Errors
INFO: [Vivado_Tcl 4-199] Please refer to the DRC report (report_drc) for more information.
Running DRC as a precondition to command place_design
INFO: [DRC 23-27] Running DRC with 2 threads
WARNING: [DRC CHECK-3] Report rule limit reached: REQP-1839 rule limit reached: 20 violations have been found.
WARNING: [DRC REQP-1839] RAMB36 async control check: The RAMB36E1 u_adma/axi_rd_channel/rd_buffer/rd_data_fifo/U0/inst_fifo_gen/gconvfifo.rf/grf.rf/gntv_or_sync_fifo.mem/gbm.gbmg.gbmga.ngecc.bmg/inst_blk_mem_gen/gnbram.gnativebmg.native_blk_mem_gen/valid.cstr/ramloop[0].ram.r/prim_noinit.ram/DEVICE_7SERIES.NO_BMM_INFO.SDP.WIDE_PRIM36_NO_ECC.ram has an input control pin u_adma/axi_rd_channel/rd_buffer/rd_data_fifo/U0/inst_fifo_gen/gconvfifo.rf/grf.rf/gntv_or_sync_fifo.mem/gbm.gbmg.gbmga.ngecc.bmg/inst_blk_mem_gen/gnbram.gnativebmg.native_blk_mem_gen/valid.cstr/ramloop[0].ram.r/prim_noinit.ram/DEVICE_7SERIES.NO_BMM_INFO.SDP.WIDE_PRIM36_NO_ECC.ram/ADDRARDADDR[10] (net: u_adma/axi_rd_channel/rd_buffer/rd_data_fifo/U0/inst_fifo_gen/gconvfifo.rf/grf.rf/gntv_or_sync_fifo.mem/gbm.gbmg.gbmga.ngecc.bmg/inst_blk_mem_gen/gnbram.gnativebmg.native_blk_mem_gen/valid.cstr/ramloop[0].ram.r/prim_noinit.ram/DEVICE_7SERIES.NO_BMM_INFO.SDP.WIDE_PRIM36_NO_ECC.ram_0[4]) which is driven by a register (u_adma/axi_rd_channel/rd_buffer/rd_data_fifo/U0/inst_fifo_gen/gconvfifo.rf/grf.rf/gntv_or_sync_fifo.gl0.rd/rpntr/gc0.count_d1_reg[4]) that has an active asychronous set or reset. This may cause corruption of the memory contents and/or read values when the set/reset is asserted and is not analyzed by the default static timing analysis. It is suggested to eliminate the use of a set/reset to registers driving this RAMB pin or else use a synchronous reset in which the assertion of the reset is timed by default.
WARNING: [DRC REQP-1839] RAMB36 async control check: The RAMB36E1 u_adma/axi_rd_channel/rd_buffer/rd_data_fifo/U0/inst_fifo_gen/gconvfifo.rf/grf.rf/gntv_or_sync_fifo.mem/gbm.gbmg.gbmga.ngecc.bmg/inst_blk_mem_gen/gnbram.gnativebmg.native_blk_mem_gen/valid.cstr/ramloop[0].ram.r/prim_noinit.ram/DEVICE_7SERIES.NO_BMM_INFO.SDP.WIDE_PRIM36_NO_ECC.ram has an input control pin u_adma/axi_rd_channel/rd_buffer/rd_data_fifo/U0/inst_fifo_gen/gconvfifo.rf/grf.rf/gntv_or_sync_fifo.mem/gbm.gbmg.gbmga.ngecc.bmg/inst_blk_mem_gen/gnbram.gnativebmg.native_blk_mem_gen/valid.cstr/ramloop[0].ram.r/prim_noinit.ram/DEVICE_7SERIES.NO_BMM_INFO.SDP.WIDE_PRIM36_NO_ECC.ram/ADDRARDADDR[11] (net: u_adma/axi_rd_channel/rd_buffer/rd_data_fifo/U0/inst_fifo_gen/gconvfifo.rf/grf.rf/gntv_or_sync_fifo.mem/gbm.gbmg.gbmga.ngecc.bmg/inst_blk_mem_gen/gnbram.gnativebmg.native_blk_mem_gen/valid.cstr/ramloop[0].ram.r/prim_noinit.ram/DEVICE_7SERIES.NO_BMM_INFO.SDP.WIDE_PRIM36_NO_ECC.ram_0[5]) which is driven by a register (u_adma/axi_rd_channel/rd_buffer/rd_data_fifo/U0/inst_fifo_gen/gconvfifo.rf/grf.rf/gntv_or_sync_fifo.gl0.rd/rpntr/gc0.count_d1_reg[5]) that has an active asychronous set or reset. This may cause corruption of the memory contents and/or read values when the set/reset is asserted and is not analyzed by the default static timing analysis. It is suggested to eliminate the use of a set/reset to registers driving this RAMB pin or else use a synchronous reset in which the assertion of the reset is timed by default.
WARNING: [DRC REQP-1839] RAMB36 async control check: The RAMB36E1 u_adma/axi_rd_channel/rd_buffer/rd_data_fifo/U0/inst_fifo_gen/gconvfifo.rf/grf.rf/gntv_or_sync_fifo.mem/gbm.gbmg.gbmga.ngecc.bmg/inst_blk_mem_gen/gnbram.gnativebmg.native_blk_mem_gen/valid.cstr/ramloop[0].ram.r/prim_noinit.ram/DEVICE_7SERIES.NO_BMM_INFO.SDP.WIDE_PRIM36_NO_ECC.ram has an input control pin u_adma/axi_rd_channel/rd_buffer/rd_data_fifo/U0/inst_fifo_gen/gconvfifo.rf/grf.rf/gntv_or_sync_fifo.mem/gbm.gbmg.gbmga.ngecc.bmg/inst_blk_mem_gen/gnbram.gnativebmg.native_blk_mem_gen/valid.cstr/ramloop[0].ram.r/prim_noinit.ram/DEVICE_7SERIES.NO_BMM_INFO.SDP.WIDE_PRIM36_NO_ECC.ram/ADDRARDADDR[12] (net: u_adma/axi_rd_channel/rd_buffer/rd_data_fifo/U0/inst_fifo_gen/gconvfifo.rf/grf.rf/gntv_or_sync_fifo.mem/gbm.gbmg.gbmga.ngecc.bmg/inst_blk_mem_gen/gnbram.gnativebmg.native_blk_mem_gen/valid.cstr/ramloop[0].ram.r/prim_noinit.ram/DEVICE_7SERIES.NO_BMM_INFO.SDP.WIDE_PRIM36_NO_ECC.ram_0[6]) which is driven by a register (u_adma/axi_rd_channel/rd_buffer/rd_data_fifo/U0/inst_fifo_gen/gconvfifo.rf/grf.rf/gntv_or_sync_fifo.gl0.rd/rpntr/gc0.count_d1_reg[6]) that has an active asychronous set or reset. This may cause corruption of the memory contents and/or read values when the set/reset is asserted and is not analyzed by the default static timing analysis. It is suggested to eliminate the use of a set/reset to registers driving this RAMB pin or else use a synchronous reset in which the assertion of the reset is timed by default.
WARNING: [DRC REQP-1839] RAMB36 async control check: The RAMB36E1 u_adma/axi_rd_channel/rd_buffer/rd_data_fifo/U0/inst_fifo_gen/gconvfifo.rf/grf.rf/gntv_or_sync_fifo.mem/gbm.gbmg.gbmga.ngecc.bmg/inst_blk_mem_gen/gnbram.gnativebmg.native_blk_mem_gen/valid.cstr/ramloop[0].ram.r/prim_noinit.ram/DEVICE_7SERIES.NO_BMM_INFO.SDP.WIDE_PRIM36_NO_ECC.ram has an input control pin u_adma/axi_rd_channel/rd_buffer/rd_data_fifo/U0/inst_fifo_gen/gconvfifo.rf/grf.rf/gntv_or_sync_fifo.mem/gbm.gbmg.gbmga.ngecc.bmg/inst_blk_mem_gen/gnbram.gnativebmg.native_blk_mem_gen/valid.cstr/ramloop[0].ram.r/prim_noinit.ram/DEVICE_7SERIES.NO_BMM_INFO.SDP.WIDE_PRIM36_NO_ECC.ram/ADDRARDADDR[13] (net: u_adma/axi_rd_channel/rd_buffer/rd_data_fifo/U0/inst_fifo_gen/gconvfifo.rf/grf.rf/gntv_or_sync_fifo.mem/gbm.gbmg.gbmga.ngecc.bmg/inst_blk_mem_gen/gnbram.gnativebmg.native_blk_mem_gen/valid.cstr/ramloop[0].ram.r/prim_noinit.ram/DEVICE_7SERIES.NO_BMM_INFO.SDP.WIDE_PRIM36_NO_ECC.ram_0[7]) which is driven by a register (u_adma/axi_rd_channel/rd_buffer/rd_data_fifo/U0/inst_fifo_gen/gconvfifo.rf/grf.rf/gntv_or_sync_fifo.gl0.rd/rpntr/gc0.count_d1_reg[7]) that has an active asychronous set or reset. This may cause corruption of the memory contents and/or read values when the set/reset is asserted and is not analyzed by the default static timing analysis. It is suggested to eliminate the use of a set/reset to registers driving this RAMB pin or else use a synchronous reset in which the assertion of the reset is timed by default.
WARNING: [DRC REQP-1839] RAMB36 async control check: The RAMB36E1 u_adma/axi_rd_channel/rd_buffer/rd_data_fifo/U0/inst_fifo_gen/gconvfifo.rf/grf.rf/gntv_or_sync_fifo.mem/gbm.gbmg.gbmga.ngecc.bmg/inst_blk_mem_gen/gnbram.gnativebmg.native_blk_mem_gen/valid.cstr/ramloop[0].ram.r/prim_noinit.ram/DEVICE_7SERIES.NO_BMM_INFO.SDP.WIDE_PRIM36_NO_ECC.ram has an input control pin u_adma/axi_rd_channel/rd_buffer/rd_data_fifo/U0/inst_fifo_gen/gconvfifo.rf/grf.rf/gntv_or_sync_fifo.mem/gbm.gbmg.gbmga.ngecc.bmg/inst_blk_mem_gen/gnbram.gnativebmg.native_blk_mem_gen/valid.cstr/ramloop[0].ram.r/prim_noinit.ram/DEVICE_7SERIES.NO_BMM_INFO.SDP.WIDE_PRIM36_NO_ECC.ram/ADDRARDADDR[14] (net: u_adma/axi_rd_channel/rd_buffer/rd_data_fifo/U0/inst_fifo_gen/gconvfifo.rf/grf.rf/gntv_or_sync_fifo.mem/gbm.gbmg.gbmga.ngecc.bmg/inst_blk_mem_gen/gnbram.gnativebmg.native_blk_mem_gen/valid.cstr/ramloop[0].ram.r/prim_noinit.ram/DEVICE_7SERIES.NO_BMM_INFO.SDP.WIDE_PRIM36_NO_ECC.ram_0[8]) which is driven by a register (u_adma/axi_rd_channel/rd_buffer/rd_data_fifo/U0/inst_fifo_gen/gconvfifo.rf/grf.rf/gntv_or_sync_fifo.gl0.rd/rpntr/gc0.count_d1_reg[8]) that has an active asychronous set or reset. This may cause corruption of the memory contents and/or read values when the set/reset is asserted and is not analyzed by the default static timing analysis. It is suggested to eliminate the use of a set/reset to registers driving this RAMB pin or else use a synchronous reset in which the assertion of the reset is timed by default.
WARNING: [DRC REQP-1839] RAMB36 async control check: The RAMB36E1 u_adma/axi_rd_channel/rd_buffer/rd_data_fifo/U0/inst_fifo_gen/gconvfifo.rf/grf.rf/gntv_or_sync_fifo.mem/gbm.gbmg.gbmga.ngecc.bmg/inst_blk_mem_gen/gnbram.gnativebmg.native_blk_mem_gen/valid.cstr/ramloop[0].ram.r/prim_noinit.ram/DEVICE_7SERIES.NO_BMM_INFO.SDP.WIDE_PRIM36_NO_ECC.ram has an input control pin u_adma/axi_rd_channel/rd_buffer/rd_data_fifo/U0/inst_fifo_gen/gconvfifo.rf/grf.rf/gntv_or_sync_fifo.mem/gbm.gbmg.gbmga.ngecc.bmg/inst_blk_mem_gen/gnbram.gnativebmg.native_blk_mem_gen/valid.cstr/ramloop[0].ram.r/prim_noinit.ram/DEVICE_7SERIES.NO_BMM_INFO.SDP.WIDE_PRIM36_NO_ECC.ram/ADDRARDADDR[6] (net: u_adma/axi_rd_channel/rd_buffer/rd_data_fifo/U0/inst_fifo_gen/gconvfifo.rf/grf.rf/gntv_or_sync_fifo.mem/gbm.gbmg.gbmga.ngecc.bmg/inst_blk_mem_gen/gnbram.gnativebmg.native_blk_mem_gen/valid.cstr/ramloop[0].ram.r/prim_noinit.ram/DEVICE_7SERIES.NO_BMM_INFO.SDP.WIDE_PRIM36_NO_ECC.ram_0[0]) which is driven by a register (u_adma/axi_rd_channel/rd_buffer/rd_data_fifo/U0/inst_fifo_gen/gconvfifo.rf/grf.rf/gntv_or_sync_fifo.gl0.rd/rpntr/gc0.count_d1_reg[0]) that has an active asychronous set or reset. This may cause corruption of the memory contents and/or read values when the set/reset is asserted and is not analyzed by the default static timing analysis. It is suggested to eliminate the use of a set/reset to registers driving this RAMB pin or else use a synchronous reset in which the assertion of the reset is timed by default.
WARNING: [DRC REQP-1839] RAMB36 async control check: The RAMB36E1 u_adma/axi_rd_channel/rd_buffer/rd_data_fifo/U0/inst_fifo_gen/gconvfifo.rf/grf.rf/gntv_or_sync_fifo.mem/gbm.gbmg.gbmga.ngecc.bmg/inst_blk_mem_gen/gnbram.gnativebmg.native_blk_mem_gen/valid.cstr/ramloop[0].ram.r/prim_noinit.ram/DEVICE_7SERIES.NO_BMM_INFO.SDP.WIDE_PRIM36_NO_ECC.ram has an input control pin u_adma/axi_rd_channel/rd_buffer/rd_data_fifo/U0/inst_fifo_gen/gconvfifo.rf/grf.rf/gntv_or_sync_fifo.mem/gbm.gbmg.gbmga.ngecc.bmg/inst_blk_mem_gen/gnbram.gnativebmg.native_blk_mem_gen/valid.cstr/ramloop[0].ram.r/prim_noinit.ram/DEVICE_7SERIES.NO_BMM_INFO.SDP.WIDE_PRIM36_NO_ECC.ram/ADDRARDADDR[7] (net: u_adma/axi_rd_channel/rd_buffer/rd_data_fifo/U0/inst_fifo_gen/gconvfifo.rf/grf.rf/gntv_or_sync_fifo.mem/gbm.gbmg.gbmga.ngecc.bmg/inst_blk_mem_gen/gnbram.gnativebmg.native_blk_mem_gen/valid.cstr/ramloop[0].ram.r/prim_noinit.ram/DEVICE_7SERIES.NO_BMM_INFO.SDP.WIDE_PRIM36_NO_ECC.ram_0[1]) which is driven by a register (u_adma/axi_rd_channel/rd_buffer/rd_data_fifo/U0/inst_fifo_gen/gconvfifo.rf/grf.rf/gntv_or_sync_fifo.gl0.rd/rpntr/gc0.count_d1_reg[1]) that has an active asychronous set or reset. This may cause corruption of the memory contents and/or read values when the set/reset is asserted and is not analyzed by the default static timing analysis. It is suggested to eliminate the use of a set/reset to registers driving this RAMB pin or else use a synchronous reset in which the assertion of the reset is timed by default.
WARNING: [DRC REQP-1839] RAMB36 async control check: The RAMB36E1 u_adma/axi_rd_channel/rd_buffer/rd_data_fifo/U0/inst_fifo_gen/gconvfifo.rf/grf.rf/gntv_or_sync_fifo.mem/gbm.gbmg.gbmga.ngecc.bmg/inst_blk_mem_gen/gnbram.gnativebmg.native_blk_mem_gen/valid.cstr/ramloop[0].ram.r/prim_noinit.ram/DEVICE_7SERIES.NO_BMM_INFO.SDP.WIDE_PRIM36_NO_ECC.ram has an input control pin u_adma/axi_rd_channel/rd_buffer/rd_data_fifo/U0/inst_fifo_gen/gconvfifo.rf/grf.rf/gntv_or_sync_fifo.mem/gbm.gbmg.gbmga.ngecc.bmg/inst_blk_mem_gen/gnbram.gnativebmg.native_blk_mem_gen/valid.cstr/ramloop[0].ram.r/prim_noinit.ram/DEVICE_7SERIES.NO_BMM_INFO.SDP.WIDE_PRIM36_NO_ECC.ram/ADDRARDADDR[8] (net: u_adma/axi_rd_channel/rd_buffer/rd_data_fifo/U0/inst_fifo_gen/gconvfifo.rf/grf.rf/gntv_or_sync_fifo.mem/gbm.gbmg.gbmga.ngecc.bmg/inst_blk_mem_gen/gnbram.gnativebmg.native_blk_mem_gen/valid.cstr/ramloop[0].ram.r/prim_noinit.ram/DEVICE_7SERIES.NO_BMM_INFO.SDP.WIDE_PRIM36_NO_ECC.ram_0[2]) which is driven by a register (u_adma/axi_rd_channel/rd_buffer/rd_data_fifo/U0/inst_fifo_gen/gconvfifo.rf/grf.rf/gntv_or_sync_fifo.gl0.rd/rpntr/gc0.count_d1_reg[2]) that has an active asychronous set or reset. This may cause corruption of the memory contents and/or read values when the set/reset is asserted and is not analyzed by the default static timing analysis. It is suggested to eliminate the use of a set/reset to registers driving this RAMB pin or else use a synchronous reset in which the assertion of the reset is timed by default.
WARNING: [DRC REQP-1839] RAMB36 async control check: The RAMB36E1 u_adma/axi_rd_channel/rd_buffer/rd_data_fifo/U0/inst_fifo_gen/gconvfifo.rf/grf.rf/gntv_or_sync_fifo.mem/gbm.gbmg.gbmga.ngecc.bmg/inst_blk_mem_gen/gnbram.gnativebmg.native_blk_mem_gen/valid.cstr/ramloop[0].ram.r/prim_noinit.ram/DEVICE_7SERIES.NO_BMM_INFO.SDP.WIDE_PRIM36_NO_ECC.ram has an input control pin u_adma/axi_rd_channel/rd_buffer/rd_data_fifo/U0/inst_fifo_gen/gconvfifo.rf/grf.rf/gntv_or_sync_fifo.mem/gbm.gbmg.gbmga.ngecc.bmg/inst_blk_mem_gen/gnbram.gnativebmg.native_blk_mem_gen/valid.cstr/ramloop[0].ram.r/prim_noinit.ram/DEVICE_7SERIES.NO_BMM_INFO.SDP.WIDE_PRIM36_NO_ECC.ram/ADDRARDADDR[9] (net: u_adma/axi_rd_channel/rd_buffer/rd_data_fifo/U0/inst_fifo_gen/gconvfifo.rf/grf.rf/gntv_or_sync_fifo.mem/gbm.gbmg.gbmga.ngecc.bmg/inst_blk_mem_gen/gnbram.gnativebmg.native_blk_mem_gen/valid.cstr/ramloop[0].ram.r/prim_noinit.ram/DEVICE_7SERIES.NO_BMM_INFO.SDP.WIDE_PRIM36_NO_ECC.ram_0[3]) which is driven by a register (u_adma/axi_rd_channel/rd_buffer/rd_data_fifo/U0/inst_fifo_gen/gconvfifo.rf/grf.rf/gntv_or_sync_fifo.gl0.rd/rpntr/gc0.count_d1_reg[3]) that has an active asychronous set or reset. This may cause corruption of the memory contents and/or read values when the set/reset is asserted and is not analyzed by the default static timing analysis. It is suggested to eliminate the use of a set/reset to registers driving this RAMB pin or else use a synchronous reset in which the assertion of the reset is timed by default.
WARNING: [DRC REQP-1839] RAMB36 async control check: The RAMB36E1 u_adma/axi_rd_channel/rd_buffer/rd_data_fifo/U0/inst_fifo_gen/gconvfifo.rf/grf.rf/gntv_or_sync_fifo.mem/gbm.gbmg.gbmga.ngecc.bmg/inst_blk_mem_gen/gnbram.gnativebmg.native_blk_mem_gen/valid.cstr/ramloop[0].ram.r/prim_noinit.ram/DEVICE_7SERIES.NO_BMM_INFO.SDP.WIDE_PRIM36_NO_ECC.ram has an input control pin u_adma/axi_rd_channel/rd_buffer/rd_data_fifo/U0/inst_fifo_gen/gconvfifo.rf/grf.rf/gntv_or_sync_fifo.mem/gbm.gbmg.gbmga.ngecc.bmg/inst_blk_mem_gen/gnbram.gnativebmg.native_blk_mem_gen/valid.cstr/ramloop[0].ram.r/prim_noinit.ram/DEVICE_7SERIES.NO_BMM_INFO.SDP.WIDE_PRIM36_NO_ECC.ram/ADDRBWRADDR[10] (net: u_adma/axi_rd_channel/rd_buffer/rd_data_fifo/U0/inst_fifo_gen/gconvfifo.rf/grf.rf/gntv_or_sync_fifo.mem/gbm.gbmg.gbmga.ngecc.bmg/inst_blk_mem_gen/gnbram.gnativebmg.native_blk_mem_gen/valid.cstr/ramloop[0].ram.r/prim_noinit.ram/Q[4]) which is driven by a register (u_adma/axi_rd_channel/rd_buffer/rd_data_fifo/U0/inst_fifo_gen/gconvfifo.rf/grf.rf/gntv_or_sync_fifo.gl0.wr/wpntr/gic0.gc0.count_d2_reg[4]) that has an active asychronous set or reset. This may cause corruption of the memory contents and/or read values when the set/reset is asserted and is not analyzed by the default static timing analysis. It is suggested to eliminate the use of a set/reset to registers driving this RAMB pin or else use a synchronous reset in which the assertion of the reset is timed by default.
WARNING: [DRC REQP-1839] RAMB36 async control check: The RAMB36E1 u_adma/axi_rd_channel/rd_buffer/rd_data_fifo/U0/inst_fifo_gen/gconvfifo.rf/grf.rf/gntv_or_sync_fifo.mem/gbm.gbmg.gbmga.ngecc.bmg/inst_blk_mem_gen/gnbram.gnativebmg.native_blk_mem_gen/valid.cstr/ramloop[0].ram.r/prim_noinit.ram/DEVICE_7SERIES.NO_BMM_INFO.SDP.WIDE_PRIM36_NO_ECC.ram has an input control pin u_adma/axi_rd_channel/rd_buffer/rd_data_fifo/U0/inst_fifo_gen/gconvfifo.rf/grf.rf/gntv_or_sync_fifo.mem/gbm.gbmg.gbmga.ngecc.bmg/inst_blk_mem_gen/gnbram.gnativebmg.native_blk_mem_gen/valid.cstr/ramloop[0].ram.r/prim_noinit.ram/DEVICE_7SERIES.NO_BMM_INFO.SDP.WIDE_PRIM36_NO_ECC.ram/ADDRBWRADDR[11] (net: u_adma/axi_rd_channel/rd_buffer/rd_data_fifo/U0/inst_fifo_gen/gconvfifo.rf/grf.rf/gntv_or_sync_fifo.mem/gbm.gbmg.gbmga.ngecc.bmg/inst_blk_mem_gen/gnbram.gnativebmg.native_blk_mem_gen/valid.cstr/ramloop[0].ram.r/prim_noinit.ram/Q[5]) which is driven by a register (u_adma/axi_rd_channel/rd_buffer/rd_data_fifo/U0/inst_fifo_gen/gconvfifo.rf/grf.rf/gntv_or_sync_fifo.gl0.wr/wpntr/gic0.gc0.count_d2_reg[5]) that has an active asychronous set or reset. This may cause corruption of the memory contents and/or read values when the set/reset is asserted and is not analyzed by the default static timing analysis. It is suggested to eliminate the use of a set/reset to registers driving this RAMB pin or else use a synchronous reset in which the assertion of the reset is timed by default.
WARNING: [DRC REQP-1839] RAMB36 async control check: The RAMB36E1 u_adma/axi_rd_channel/rd_buffer/rd_data_fifo/U0/inst_fifo_gen/gconvfifo.rf/grf.rf/gntv_or_sync_fifo.mem/gbm.gbmg.gbmga.ngecc.bmg/inst_blk_mem_gen/gnbram.gnativebmg.native_blk_mem_gen/valid.cstr/ramloop[0].ram.r/prim_noinit.ram/DEVICE_7SERIES.NO_BMM_INFO.SDP.WIDE_PRIM36_NO_ECC.ram has an input control pin u_adma/axi_rd_channel/rd_buffer/rd_data_fifo/U0/inst_fifo_gen/gconvfifo.rf/grf.rf/gntv_or_sync_fifo.mem/gbm.gbmg.gbmga.ngecc.bmg/inst_blk_mem_gen/gnbram.gnativebmg.native_blk_mem_gen/valid.cstr/ramloop[0].ram.r/prim_noinit.ram/DEVICE_7SERIES.NO_BMM_INFO.SDP.WIDE_PRIM36_NO_ECC.ram/ADDRBWRADDR[12] (net: u_adma/axi_rd_channel/rd_buffer/rd_data_fifo/U0/inst_fifo_gen/gconvfifo.rf/grf.rf/gntv_or_sync_fifo.mem/gbm.gbmg.gbmga.ngecc.bmg/inst_blk_mem_gen/gnbram.gnativebmg.native_blk_mem_gen/valid.cstr/ramloop[0].ram.r/prim_noinit.ram/Q[6]) which is driven by a register (u_adma/axi_rd_channel/rd_buffer/rd_data_fifo/U0/inst_fifo_gen/gconvfifo.rf/grf.rf/gntv_or_sync_fifo.gl0.wr/wpntr/gic0.gc0.count_d2_reg[6]) that has an active asychronous set or reset. This may cause corruption of the memory contents and/or read values when the set/reset is asserted and is not analyzed by the default static timing analysis. It is suggested to eliminate the use of a set/reset to registers driving this RAMB pin or else use a synchronous reset in which the assertion of the reset is timed by default.
WARNING: [DRC REQP-1839] RAMB36 async control check: The RAMB36E1 u_adma/axi_rd_channel/rd_buffer/rd_data_fifo/U0/inst_fifo_gen/gconvfifo.rf/grf.rf/gntv_or_sync_fifo.mem/gbm.gbmg.gbmga.ngecc.bmg/inst_blk_mem_gen/gnbram.gnativebmg.native_blk_mem_gen/valid.cstr/ramloop[0].ram.r/prim_noinit.ram/DEVICE_7SERIES.NO_BMM_INFO.SDP.WIDE_PRIM36_NO_ECC.ram has an input control pin u_adma/axi_rd_channel/rd_buffer/rd_data_fifo/U0/inst_fifo_gen/gconvfifo.rf/grf.rf/gntv_or_sync_fifo.mem/gbm.gbmg.gbmga.ngecc.bmg/inst_blk_mem_gen/gnbram.gnativebmg.native_blk_mem_gen/valid.cstr/ramloop[0].ram.r/prim_noinit.ram/DEVICE_7SERIES.NO_BMM_INFO.SDP.WIDE_PRIM36_NO_ECC.ram/ADDRBWRADDR[13] (net: u_adma/axi_rd_channel/rd_buffer/rd_data_fifo/U0/inst_fifo_gen/gconvfifo.rf/grf.rf/gntv_or_sync_fifo.mem/gbm.gbmg.gbmga.ngecc.bmg/inst_blk_mem_gen/gnbram.gnativebmg.native_blk_mem_gen/valid.cstr/ramloop[0].ram.r/prim_noinit.ram/Q[7]) which is driven by a register (u_adma/axi_rd_channel/rd_buffer/rd_data_fifo/U0/inst_fifo_gen/gconvfifo.rf/grf.rf/gntv_or_sync_fifo.gl0.wr/wpntr/gic0.gc0.count_d2_reg[7]) that has an active asychronous set or reset. This may cause corruption of the memory contents and/or read values when the set/reset is asserted and is not analyzed by the default static timing analysis. It is suggested to eliminate the use of a set/reset to registers driving this RAMB pin or else use a synchronous reset in which the assertion of the reset is timed by default.
WARNING: [DRC REQP-1839] RAMB36 async control check: The RAMB36E1 u_adma/axi_rd_channel/rd_buffer/rd_data_fifo/U0/inst_fifo_gen/gconvfifo.rf/grf.rf/gntv_or_sync_fifo.mem/gbm.gbmg.gbmga.ngecc.bmg/inst_blk_mem_gen/gnbram.gnativebmg.native_blk_mem_gen/valid.cstr/ramloop[0].ram.r/prim_noinit.ram/DEVICE_7SERIES.NO_BMM_INFO.SDP.WIDE_PRIM36_NO_ECC.ram has an input control pin u_adma/axi_rd_channel/rd_buffer/rd_data_fifo/U0/inst_fifo_gen/gconvfifo.rf/grf.rf/gntv_or_sync_fifo.mem/gbm.gbmg.gbmga.ngecc.bmg/inst_blk_mem_gen/gnbram.gnativebmg.native_blk_mem_gen/valid.cstr/ramloop[0].ram.r/prim_noinit.ram/DEVICE_7SERIES.NO_BMM_INFO.SDP.WIDE_PRIM36_NO_ECC.ram/ADDRBWRADDR[14] (net: u_adma/axi_rd_channel/rd_buffer/rd_data_fifo/U0/inst_fifo_gen/gconvfifo.rf/grf.rf/gntv_or_sync_fifo.mem/gbm.gbmg.gbmga.ngecc.bmg/inst_blk_mem_gen/gnbram.gnativebmg.native_blk_mem_gen/valid.cstr/ramloop[0].ram.r/prim_noinit.ram/Q[8]) which is driven by a register (u_adma/axi_rd_channel/rd_buffer/rd_data_fifo/U0/inst_fifo_gen/gconvfifo.rf/grf.rf/gntv_or_sync_fifo.gl0.wr/wpntr/gic0.gc0.count_d2_reg[8]) that has an active asychronous set or reset. This may cause corruption of the memory contents and/or read values when the set/reset is asserted and is not analyzed by the default static timing analysis. It is suggested to eliminate the use of a set/reset to registers driving this RAMB pin or else use a synchronous reset in which the assertion of the reset is timed by default.
WARNING: [DRC REQP-1839] RAMB36 async control check: The RAMB36E1 u_adma/axi_rd_channel/rd_buffer/rd_data_fifo/U0/inst_fifo_gen/gconvfifo.rf/grf.rf/gntv_or_sync_fifo.mem/gbm.gbmg.gbmga.ngecc.bmg/inst_blk_mem_gen/gnbram.gnativebmg.native_blk_mem_gen/valid.cstr/ramloop[0].ram.r/prim_noinit.ram/DEVICE_7SERIES.NO_BMM_INFO.SDP.WIDE_PRIM36_NO_ECC.ram has an input control pin u_adma/axi_rd_channel/rd_buffer/rd_data_fifo/U0/inst_fifo_gen/gconvfifo.rf/grf.rf/gntv_or_sync_fifo.mem/gbm.gbmg.gbmga.ngecc.bmg/inst_blk_mem_gen/gnbram.gnativebmg.native_blk_mem_gen/valid.cstr/ramloop[0].ram.r/prim_noinit.ram/DEVICE_7SERIES.NO_BMM_INFO.SDP.WIDE_PRIM36_NO_ECC.ram/ADDRBWRADDR[6] (net: u_adma/axi_rd_channel/rd_buffer/rd_data_fifo/U0/inst_fifo_gen/gconvfifo.rf/grf.rf/gntv_or_sync_fifo.mem/gbm.gbmg.gbmga.ngecc.bmg/inst_blk_mem_gen/gnbram.gnativebmg.native_blk_mem_gen/valid.cstr/ramloop[0].ram.r/prim_noinit.ram/Q[0]) which is driven by a register (u_adma/axi_rd_channel/rd_buffer/rd_data_fifo/U0/inst_fifo_gen/gconvfifo.rf/grf.rf/gntv_or_sync_fifo.gl0.wr/wpntr/gic0.gc0.count_d2_reg[0]) that has an active asychronous set or reset. This may cause corruption of the memory contents and/or read values when the set/reset is asserted and is not analyzed by the default static timing analysis. It is suggested to eliminate the use of a set/reset to registers driving this RAMB pin or else use a synchronous reset in which the assertion of the reset is timed by default.
WARNING: [DRC REQP-1839] RAMB36 async control check: The RAMB36E1 u_adma/axi_rd_channel/rd_buffer/rd_data_fifo/U0/inst_fifo_gen/gconvfifo.rf/grf.rf/gntv_or_sync_fifo.mem/gbm.gbmg.gbmga.ngecc.bmg/inst_blk_mem_gen/gnbram.gnativebmg.native_blk_mem_gen/valid.cstr/ramloop[0].ram.r/prim_noinit.ram/DEVICE_7SERIES.NO_BMM_INFO.SDP.WIDE_PRIM36_NO_ECC.ram has an input control pin u_adma/axi_rd_channel/rd_buffer/rd_data_fifo/U0/inst_fifo_gen/gconvfifo.rf/grf.rf/gntv_or_sync_fifo.mem/gbm.gbmg.gbmga.ngecc.bmg/inst_blk_mem_gen/gnbram.gnativebmg.native_blk_mem_gen/valid.cstr/ramloop[0].ram.r/prim_noinit.ram/DEVICE_7SERIES.NO_BMM_INFO.SDP.WIDE_PRIM36_NO_ECC.ram/ADDRBWRADDR[7] (net: u_adma/axi_rd_channel/rd_buffer/rd_data_fifo/U0/inst_fifo_gen/gconvfifo.rf/grf.rf/gntv_or_sync_fifo.mem/gbm.gbmg.gbmga.ngecc.bmg/inst_blk_mem_gen/gnbram.gnativebmg.native_blk_mem_gen/valid.cstr/ramloop[0].ram.r/prim_noinit.ram/Q[1]) which is driven by a register (u_adma/axi_rd_channel/rd_buffer/rd_data_fifo/U0/inst_fifo_gen/gconvfifo.rf/grf.rf/gntv_or_sync_fifo.gl0.wr/wpntr/gic0.gc0.count_d2_reg[1]) that has an active asychronous set or reset. This may cause corruption of the memory contents and/or read values when the set/reset is asserted and is not analyzed by the default static timing analysis. It is suggested to eliminate the use of a set/reset to registers driving this RAMB pin or else use a synchronous reset in which the assertion of the reset is timed by default.
WARNING: [DRC REQP-1839] RAMB36 async control check: The RAMB36E1 u_adma/axi_rd_channel/rd_buffer/rd_data_fifo/U0/inst_fifo_gen/gconvfifo.rf/grf.rf/gntv_or_sync_fifo.mem/gbm.gbmg.gbmga.ngecc.bmg/inst_blk_mem_gen/gnbram.gnativebmg.native_blk_mem_gen/valid.cstr/ramloop[0].ram.r/prim_noinit.ram/DEVICE_7SERIES.NO_BMM_INFO.SDP.WIDE_PRIM36_NO_ECC.ram has an input control pin u_adma/axi_rd_channel/rd_buffer/rd_data_fifo/U0/inst_fifo_gen/gconvfifo.rf/grf.rf/gntv_or_sync_fifo.mem/gbm.gbmg.gbmga.ngecc.bmg/inst_blk_mem_gen/gnbram.gnativebmg.native_blk_mem_gen/valid.cstr/ramloop[0].ram.r/prim_noinit.ram/DEVICE_7SERIES.NO_BMM_INFO.SDP.WIDE_PRIM36_NO_ECC.ram/ADDRBWRADDR[8] (net: u_adma/axi_rd_channel/rd_buffer/rd_data_fifo/U0/inst_fifo_gen/gconvfifo.rf/grf.rf/gntv_or_sync_fifo.mem/gbm.gbmg.gbmga.ngecc.bmg/inst_blk_mem_gen/gnbram.gnativebmg.native_blk_mem_gen/valid.cstr/ramloop[0].ram.r/prim_noinit.ram/Q[2]) which is driven by a register (u_adma/axi_rd_channel/rd_buffer/rd_data_fifo/U0/inst_fifo_gen/gconvfifo.rf/grf.rf/gntv_or_sync_fifo.gl0.wr/wpntr/gic0.gc0.count_d2_reg[2]) that has an active asychronous set or reset. This may cause corruption of the memory contents and/or read values when the set/reset is asserted and is not analyzed by the default static timing analysis. It is suggested to eliminate the use of a set/reset to registers driving this RAMB pin or else use a synchronous reset in which the assertion of the reset is timed by default.
WARNING: [DRC REQP-1839] RAMB36 async control check: The RAMB36E1 u_adma/axi_rd_channel/rd_buffer/rd_data_fifo/U0/inst_fifo_gen/gconvfifo.rf/grf.rf/gntv_or_sync_fifo.mem/gbm.gbmg.gbmga.ngecc.bmg/inst_blk_mem_gen/gnbram.gnativebmg.native_blk_mem_gen/valid.cstr/ramloop[0].ram.r/prim_noinit.ram/DEVICE_7SERIES.NO_BMM_INFO.SDP.WIDE_PRIM36_NO_ECC.ram has an input control pin u_adma/axi_rd_channel/rd_buffer/rd_data_fifo/U0/inst_fifo_gen/gconvfifo.rf/grf.rf/gntv_or_sync_fifo.mem/gbm.gbmg.gbmga.ngecc.bmg/inst_blk_mem_gen/gnbram.gnativebmg.native_blk_mem_gen/valid.cstr/ramloop[0].ram.r/prim_noinit.ram/DEVICE_7SERIES.NO_BMM_INFO.SDP.WIDE_PRIM36_NO_ECC.ram/ADDRBWRADDR[9] (net: u_adma/axi_rd_channel/rd_buffer/rd_data_fifo/U0/inst_fifo_gen/gconvfifo.rf/grf.rf/gntv_or_sync_fifo.mem/gbm.gbmg.gbmga.ngecc.bmg/inst_blk_mem_gen/gnbram.gnativebmg.native_blk_mem_gen/valid.cstr/ramloop[0].ram.r/prim_noinit.ram/Q[3]) which is driven by a register (u_adma/axi_rd_channel/rd_buffer/rd_data_fifo/U0/inst_fifo_gen/gconvfifo.rf/grf.rf/gntv_or_sync_fifo.gl0.wr/wpntr/gic0.gc0.count_d2_reg[3]) that has an active asychronous set or reset. This may cause corruption of the memory contents and/or read values when the set/reset is asserted and is not analyzed by the default static timing analysis. It is suggested to eliminate the use of a set/reset to registers driving this RAMB pin or else use a synchronous reset in which the assertion of the reset is timed by default.
WARNING: [DRC REQP-1839] RAMB36 async control check: The RAMB36E1 u_adma/axi_rd_channel/rd_buffer/rd_data_fifo/U0/inst_fifo_gen/gconvfifo.rf/grf.rf/gntv_or_sync_fifo.mem/gbm.gbmg.gbmga.ngecc.bmg/inst_blk_mem_gen/gnbram.gnativebmg.native_blk_mem_gen/valid.cstr/ramloop[0].ram.r/prim_noinit.ram/DEVICE_7SERIES.NO_BMM_INFO.SDP.WIDE_PRIM36_NO_ECC.ram has an input control pin u_adma/axi_rd_channel/rd_buffer/rd_data_fifo/U0/inst_fifo_gen/gconvfifo.rf/grf.rf/gntv_or_sync_fifo.mem/gbm.gbmg.gbmga.ngecc.bmg/inst_blk_mem_gen/gnbram.gnativebmg.native_blk_mem_gen/valid.cstr/ramloop[0].ram.r/prim_noinit.ram/DEVICE_7SERIES.NO_BMM_INFO.SDP.WIDE_PRIM36_NO_ECC.ram/ENARDEN (net: u_adma/axi_rd_channel/rd_buffer/rd_data_fifo/U0/inst_fifo_gen/gconvfifo.rf/grf.rf/gntv_or_sync_fifo.mem/gbm.gbmg.gbmga.ngecc.bmg/inst_blk_mem_gen/gnbram.gnativebmg.native_blk_mem_gen/valid.cstr/ramloop[0].ram.r/prim_noinit.ram/DEVICE_7SERIES.NO_BMM_INFO.SDP.WIDE_PRIM36_NO_ECC.ram_ENARDEN_cooolgate_en_sig_29) which is driven by a register (u_adma/axi_rd_channel/rd_buffer/rd_data_fifo/U0/inst_fifo_gen/gconvfifo.rf/grf.rf/gntv_or_sync_fifo.gl0.rd/gr1.gr1_int.rfwft/gpregsm1.curr_fwft_state_reg[0]) that has an active asychronous set or reset. This may cause corruption of the memory contents and/or read values when the set/reset is asserted and is not analyzed by the default static timing analysis. It is suggested to eliminate the use of a set/reset to registers driving this RAMB pin or else use a synchronous reset in which the assertion of the reset is timed by default.
WARNING: [DRC REQP-1839] RAMB36 async control check: The RAMB36E1 u_adma/axi_rd_channel/rd_buffer/rd_data_fifo/U0/inst_fifo_gen/gconvfifo.rf/grf.rf/gntv_or_sync_fifo.mem/gbm.gbmg.gbmga.ngecc.bmg/inst_blk_mem_gen/gnbram.gnativebmg.native_blk_mem_gen/valid.cstr/ramloop[0].ram.r/prim_noinit.ram/DEVICE_7SERIES.NO_BMM_INFO.SDP.WIDE_PRIM36_NO_ECC.ram has an input control pin u_adma/axi_rd_channel/rd_buffer/rd_data_fifo/U0/inst_fifo_gen/gconvfifo.rf/grf.rf/gntv_or_sync_fifo.mem/gbm.gbmg.gbmga.ngecc.bmg/inst_blk_mem_gen/gnbram.gnativebmg.native_blk_mem_gen/valid.cstr/ramloop[0].ram.r/prim_noinit.ram/DEVICE_7SERIES.NO_BMM_INFO.SDP.WIDE_PRIM36_NO_ECC.ram/ENARDEN (net: u_adma/axi_rd_channel/rd_buffer/rd_data_fifo/U0/inst_fifo_gen/gconvfifo.rf/grf.rf/gntv_or_sync_fifo.mem/gbm.gbmg.gbmga.ngecc.bmg/inst_blk_mem_gen/gnbram.gnativebmg.native_blk_mem_gen/valid.cstr/ramloop[0].ram.r/prim_noinit.ram/DEVICE_7SERIES.NO_BMM_INFO.SDP.WIDE_PRIM36_NO_ECC.ram_ENARDEN_cooolgate_en_sig_29) which is driven by a register (u_adma/axi_rd_channel/rd_buffer/rd_data_fifo/U0/inst_fifo_gen/gconvfifo.rf/grf.rf/gntv_or_sync_fifo.gl0.rd/gras.rsts/ram_empty_fb_i_reg) that has an active asychronous set or reset. This may cause corruption of the memory contents and/or read values when the set/reset is asserted and is not analyzed by the default static timing analysis. It is suggested to eliminate the use of a set/reset to registers driving this RAMB pin or else use a synchronous reset in which the assertion of the reset is timed by default.
WARNING: [DRC REQP-1840] RAMB18 async control check: The RAMB18E1 u_udp/u1/ch0_data_fifo/U0/inst_fifo_gen/gconvfifo.rf/grf.rf/gntv_or_sync_fifo.mem/gbm.gbmg.gbmga.ngecc.bmg/inst_blk_mem_gen/gnbram.gnativebmg.native_blk_mem_gen/valid.cstr/ramloop[0].ram.r/prim_noinit.ram/DEVICE_7SERIES.NO_BMM_INFO.SDP.SIMPLE_PRIM18.ram has an input control pin u_udp/u1/ch0_data_fifo/U0/inst_fifo_gen/gconvfifo.rf/grf.rf/gntv_or_sync_fifo.mem/gbm.gbmg.gbmga.ngecc.bmg/inst_blk_mem_gen/gnbram.gnativebmg.native_blk_mem_gen/valid.cstr/ramloop[0].ram.r/prim_noinit.ram/DEVICE_7SERIES.NO_BMM_INFO.SDP.SIMPLE_PRIM18.ram/ENBWREN (net: u_udp/u1/ch0_data_fifo/U0/inst_fifo_gen/gconvfifo.rf/grf.rf/gntv_or_sync_fifo.mem/gbm.gbmg.gbmga.ngecc.bmg/inst_blk_mem_gen/gnbram.gnativebmg.native_blk_mem_gen/valid.cstr/ramloop[0].ram.r/prim_noinit.ram/DEVICE_7SERIES.NO_BMM_INFO.SDP.SIMPLE_PRIM18.ram_ENBWREN_cooolgate_en_sig_33) which is driven by a register (u_udp/app_tx_reset_d1_reg) that has an active asychronous set or reset. This may cause corruption of the memory contents and/or read values when the set/reset is asserted and is not analyzed by the default static timing analysis. It is suggested to eliminate the use of a set/reset to registers driving this RAMB pin or else use a synchronous reset in which the assertion of the reset is timed by default.
WARNING: [DRC REQP-1840] RAMB18 async control check: The RAMB18E1 u_udp/u1/ch0_data_fifo/U0/inst_fifo_gen/gconvfifo.rf/grf.rf/gntv_or_sync_fifo.mem/gbm.gbmg.gbmga.ngecc.bmg/inst_blk_mem_gen/gnbram.gnativebmg.native_blk_mem_gen/valid.cstr/ramloop[0].ram.r/prim_noinit.ram/DEVICE_7SERIES.NO_BMM_INFO.SDP.SIMPLE_PRIM18.ram has an input control pin u_udp/u1/ch0_data_fifo/U0/inst_fifo_gen/gconvfifo.rf/grf.rf/gntv_or_sync_fifo.mem/gbm.gbmg.gbmga.ngecc.bmg/inst_blk_mem_gen/gnbram.gnativebmg.native_blk_mem_gen/valid.cstr/ramloop[0].ram.r/prim_noinit.ram/DEVICE_7SERIES.NO_BMM_INFO.SDP.SIMPLE_PRIM18.ram/ENBWREN (net: u_udp/u1/ch0_data_fifo/U0/inst_fifo_gen/gconvfifo.rf/grf.rf/gntv_or_sync_fifo.mem/gbm.gbmg.gbmga.ngecc.bmg/inst_blk_mem_gen/gnbram.gnativebmg.native_blk_mem_gen/valid.cstr/ramloop[0].ram.r/prim_noinit.ram/DEVICE_7SERIES.NO_BMM_INFO.SDP.SIMPLE_PRIM18.ram_ENBWREN_cooolgate_en_sig_33) which is driven by a register (u_udp/app_tx_reset_reg) that has an active asychronous set or reset. This may cause corruption of the memory contents and/or read values when the set/reset is asserted and is not analyzed by the default static timing analysis. It is suggested to eliminate the use of a set/reset to registers driving this RAMB pin or else use a synchronous reset in which the assertion of the reset is timed by default.
WARNING: [DRC REQP-1840] RAMB18 async control check: The RAMB18E1 u_udp/u1/ch0_data_fifo/U0/inst_fifo_gen/gconvfifo.rf/grf.rf/gntv_or_sync_fifo.mem/gbm.gbmg.gbmga.ngecc.bmg/inst_blk_mem_gen/gnbram.gnativebmg.native_blk_mem_gen/valid.cstr/ramloop[0].ram.r/prim_noinit.ram/DEVICE_7SERIES.NO_BMM_INFO.SDP.SIMPLE_PRIM18.ram has an input control pin u_udp/u1/ch0_data_fifo/U0/inst_fifo_gen/gconvfifo.rf/grf.rf/gntv_or_sync_fifo.mem/gbm.gbmg.gbmga.ngecc.bmg/inst_blk_mem_gen/gnbram.gnativebmg.native_blk_mem_gen/valid.cstr/ramloop[0].ram.r/prim_noinit.ram/DEVICE_7SERIES.NO_BMM_INFO.SDP.SIMPLE_PRIM18.ram/RSTRAMB (net: u_udp/u1/ch0_data_fifo/U0/inst_fifo_gen/gconvfifo.rf/grf.rf/gntv_or_sync_fifo.mem/gbm.gbmg.gbmga.ngecc.bmg/inst_blk_mem_gen/gnbram.gnativebmg.native_blk_mem_gen/valid.cstr/ramloop[0].ram.r/prim_noinit.ram/srst) which is driven by a register (u_udp/app_tx_reset_reg) that has an active asychronous set or reset. This may cause corruption of the memory contents and/or read values when the set/reset is asserted and is not analyzed by the default static timing analysis. It is suggested to eliminate the use of a set/reset to registers driving this RAMB pin or else use a synchronous reset in which the assertion of the reset is timed by default.
WARNING: [DRC REQP-1840] RAMB18 async control check: The RAMB18E1 u_udp/u1/ch1_data_fifo/U0/inst_fifo_gen/gconvfifo.rf/grf.rf/gntv_or_sync_fifo.mem/gbm.gbmg.gbmga.ngecc.bmg/inst_blk_mem_gen/gnbram.gnativebmg.native_blk_mem_gen/valid.cstr/ramloop[0].ram.r/prim_noinit.ram/DEVICE_7SERIES.NO_BMM_INFO.SDP.SIMPLE_PRIM18.ram has an input control pin u_udp/u1/ch1_data_fifo/U0/inst_fifo_gen/gconvfifo.rf/grf.rf/gntv_or_sync_fifo.mem/gbm.gbmg.gbmga.ngecc.bmg/inst_blk_mem_gen/gnbram.gnativebmg.native_blk_mem_gen/valid.cstr/ramloop[0].ram.r/prim_noinit.ram/DEVICE_7SERIES.NO_BMM_INFO.SDP.SIMPLE_PRIM18.ram/ENBWREN (net: u_udp/u1/ch1_data_fifo/U0/inst_fifo_gen/gconvfifo.rf/grf.rf/gntv_or_sync_fifo.mem/gbm.gbmg.gbmga.ngecc.bmg/inst_blk_mem_gen/gnbram.gnativebmg.native_blk_mem_gen/valid.cstr/ramloop[0].ram.r/prim_noinit.ram/DEVICE_7SERIES.NO_BMM_INFO.SDP.SIMPLE_PRIM18.ram_ENBWREN_cooolgate_en_sig_34) which is driven by a register (u_udp/app_tx_reset_d1_reg) that has an active asychronous set or reset. This may cause corruption of the memory contents and/or read values when the set/reset is asserted and is not analyzed by the default static timing analysis. It is suggested to eliminate the use of a set/reset to registers driving this RAMB pin or else use a synchronous reset in which the assertion of the reset is timed by default.
WARNING: [DRC REQP-1840] RAMB18 async control check: The RAMB18E1 u_udp/u1/ch1_data_fifo/U0/inst_fifo_gen/gconvfifo.rf/grf.rf/gntv_or_sync_fifo.mem/gbm.gbmg.gbmga.ngecc.bmg/inst_blk_mem_gen/gnbram.gnativebmg.native_blk_mem_gen/valid.cstr/ramloop[0].ram.r/prim_noinit.ram/DEVICE_7SERIES.NO_BMM_INFO.SDP.SIMPLE_PRIM18.ram has an input control pin u_udp/u1/ch1_data_fifo/U0/inst_fifo_gen/gconvfifo.rf/grf.rf/gntv_or_sync_fifo.mem/gbm.gbmg.gbmga.ngecc.bmg/inst_blk_mem_gen/gnbram.gnativebmg.native_blk_mem_gen/valid.cstr/ramloop[0].ram.r/prim_noinit.ram/DEVICE_7SERIES.NO_BMM_INFO.SDP.SIMPLE_PRIM18.ram/ENBWREN (net: u_udp/u1/ch1_data_fifo/U0/inst_fifo_gen/gconvfifo.rf/grf.rf/gntv_or_sync_fifo.mem/gbm.gbmg.gbmga.ngecc.bmg/inst_blk_mem_gen/gnbram.gnativebmg.native_blk_mem_gen/valid.cstr/ramloop[0].ram.r/prim_noinit.ram/DEVICE_7SERIES.NO_BMM_INFO.SDP.SIMPLE_PRIM18.ram_ENBWREN_cooolgate_en_sig_34) which is driven by a register (u_udp/app_tx_reset_reg) that has an active asychronous set or reset. This may cause corruption of the memory contents and/or read values when the set/reset is asserted and is not analyzed by the default static timing analysis. It is suggested to eliminate the use of a set/reset to registers driving this RAMB pin or else use a synchronous reset in which the assertion of the reset is timed by default.
WARNING: [DRC REQP-1840] RAMB18 async control check: The RAMB18E1 u_udp/u1/ch1_data_fifo/U0/inst_fifo_gen/gconvfifo.rf/grf.rf/gntv_or_sync_fifo.mem/gbm.gbmg.gbmga.ngecc.bmg/inst_blk_mem_gen/gnbram.gnativebmg.native_blk_mem_gen/valid.cstr/ramloop[0].ram.r/prim_noinit.ram/DEVICE_7SERIES.NO_BMM_INFO.SDP.SIMPLE_PRIM18.ram has an input control pin u_udp/u1/ch1_data_fifo/U0/inst_fifo_gen/gconvfifo.rf/grf.rf/gntv_or_sync_fifo.mem/gbm.gbmg.gbmga.ngecc.bmg/inst_blk_mem_gen/gnbram.gnativebmg.native_blk_mem_gen/valid.cstr/ramloop[0].ram.r/prim_noinit.ram/DEVICE_7SERIES.NO_BMM_INFO.SDP.SIMPLE_PRIM18.ram/RSTRAMB (net: u_udp/u1/ch1_data_fifo/U0/inst_fifo_gen/gconvfifo.rf/grf.rf/gntv_or_sync_fifo.mem/gbm.gbmg.gbmga.ngecc.bmg/inst_blk_mem_gen/gnbram.gnativebmg.native_blk_mem_gen/valid.cstr/ramloop[0].ram.r/prim_noinit.ram/srst) which is driven by a register (u_udp/app_tx_reset_reg) that has an active asychronous set or reset. This may cause corruption of the memory contents and/or read values when the set/reset is asserted and is not analyzed by the default static timing analysis. It is suggested to eliminate the use of a set/reset to registers driving this RAMB pin or else use a synchronous reset in which the assertion of the reset is timed by default.
WARNING: [DRC REQP-1840] RAMB18 async control check: The RAMB18E1 u_udp/u5/ch0_data_fifo/U0/inst_fifo_gen/gconvfifo.rf/grf.rf/gntv_or_sync_fifo.mem/gbm.gbmg.gbmga.ngecc.bmg/inst_blk_mem_gen/gnbram.gnativebmg.native_blk_mem_gen/valid.cstr/ramloop[0].ram.r/prim_noinit.ram/DEVICE_7SERIES.NO_BMM_INFO.SDP.SIMPLE_PRIM18.ram has an input control pin u_udp/u5/ch0_data_fifo/U0/inst_fifo_gen/gconvfifo.rf/grf.rf/gntv_or_sync_fifo.mem/gbm.gbmg.gbmga.ngecc.bmg/inst_blk_mem_gen/gnbram.gnativebmg.native_blk_mem_gen/valid.cstr/ramloop[0].ram.r/prim_noinit.ram/DEVICE_7SERIES.NO_BMM_INFO.SDP.SIMPLE_PRIM18.ram/ENBWREN (net: u_udp/u5/ch0_data_fifo/U0/inst_fifo_gen/gconvfifo.rf/grf.rf/gntv_or_sync_fifo.mem/gbm.gbmg.gbmga.ngecc.bmg/inst_blk_mem_gen/gnbram.gnativebmg.native_blk_mem_gen/valid.cstr/ramloop[0].ram.r/prim_noinit.ram/DEVICE_7SERIES.NO_BMM_INFO.SDP.SIMPLE_PRIM18.ram_ENBWREN_cooolgate_en_sig_35) which is driven by a register (u_udp/app_tx_reset_d1_reg) that has an active asychronous set or reset. This may cause corruption of the memory contents and/or read values when the set/reset is asserted and is not analyzed by the default static timing analysis. It is suggested to eliminate the use of a set/reset to registers driving this RAMB pin or else use a synchronous reset in which the assertion of the reset is timed by default.
WARNING: [DRC REQP-1840] RAMB18 async control check: The RAMB18E1 u_udp/u5/ch0_data_fifo/U0/inst_fifo_gen/gconvfifo.rf/grf.rf/gntv_or_sync_fifo.mem/gbm.gbmg.gbmga.ngecc.bmg/inst_blk_mem_gen/gnbram.gnativebmg.native_blk_mem_gen/valid.cstr/ramloop[0].ram.r/prim_noinit.ram/DEVICE_7SERIES.NO_BMM_INFO.SDP.SIMPLE_PRIM18.ram has an input control pin u_udp/u5/ch0_data_fifo/U0/inst_fifo_gen/gconvfifo.rf/grf.rf/gntv_or_sync_fifo.mem/gbm.gbmg.gbmga.ngecc.bmg/inst_blk_mem_gen/gnbram.gnativebmg.native_blk_mem_gen/valid.cstr/ramloop[0].ram.r/prim_noinit.ram/DEVICE_7SERIES.NO_BMM_INFO.SDP.SIMPLE_PRIM18.ram/ENBWREN (net: u_udp/u5/ch0_data_fifo/U0/inst_fifo_gen/gconvfifo.rf/grf.rf/gntv_or_sync_fifo.mem/gbm.gbmg.gbmga.ngecc.bmg/inst_blk_mem_gen/gnbram.gnativebmg.native_blk_mem_gen/valid.cstr/ramloop[0].ram.r/prim_noinit.ram/DEVICE_7SERIES.NO_BMM_INFO.SDP.SIMPLE_PRIM18.ram_ENBWREN_cooolgate_en_sig_35) which is driven by a register (u_udp/app_tx_reset_reg) that has an active asychronous set or reset. This may cause corruption of the memory contents and/or read values when the set/reset is asserted and is not analyzed by the default static timing analysis. It is suggested to eliminate the use of a set/reset to registers driving this RAMB pin or else use a synchronous reset in which the assertion of the reset is timed by default.
WARNING: [DRC REQP-1840] RAMB18 async control check: The RAMB18E1 u_udp/u5/ch0_data_fifo/U0/inst_fifo_gen/gconvfifo.rf/grf.rf/gntv_or_sync_fifo.mem/gbm.gbmg.gbmga.ngecc.bmg/inst_blk_mem_gen/gnbram.gnativebmg.native_blk_mem_gen/valid.cstr/ramloop[0].ram.r/prim_noinit.ram/DEVICE_7SERIES.NO_BMM_INFO.SDP.SIMPLE_PRIM18.ram has an input control pin u_udp/u5/ch0_data_fifo/U0/inst_fifo_gen/gconvfifo.rf/grf.rf/gntv_or_sync_fifo.mem/gbm.gbmg.gbmga.ngecc.bmg/inst_blk_mem_gen/gnbram.gnativebmg.native_blk_mem_gen/valid.cstr/ramloop[0].ram.r/prim_noinit.ram/DEVICE_7SERIES.NO_BMM_INFO.SDP.SIMPLE_PRIM18.ram/RSTRAMB (net: u_udp/u5/ch0_data_fifo/U0/inst_fifo_gen/gconvfifo.rf/grf.rf/gntv_or_sync_fifo.mem/gbm.gbmg.gbmga.ngecc.bmg/inst_blk_mem_gen/gnbram.gnativebmg.native_blk_mem_gen/valid.cstr/ramloop[0].ram.r/prim_noinit.ram/srst) which is driven by a register (u_udp/app_tx_reset_reg) that has an active asychronous set or reset. This may cause corruption of the memory contents and/or read values when the set/reset is asserted and is not analyzed by the default static timing analysis. It is suggested to eliminate the use of a set/reset to registers driving this RAMB pin or else use a synchronous reset in which the assertion of the reset is timed by default.
WARNING: [DRC REQP-1840] RAMB18 async control check: The RAMB18E1 u_udp/u5/ch1_data_fifo/U0/inst_fifo_gen/gconvfifo.rf/grf.rf/gntv_or_sync_fifo.mem/gbm.gbmg.gbmga.ngecc.bmg/inst_blk_mem_gen/gnbram.gnativebmg.native_blk_mem_gen/valid.cstr/ramloop[0].ram.r/prim_noinit.ram/DEVICE_7SERIES.NO_BMM_INFO.SDP.SIMPLE_PRIM18.ram has an input control pin u_udp/u5/ch1_data_fifo/U0/inst_fifo_gen/gconvfifo.rf/grf.rf/gntv_or_sync_fifo.mem/gbm.gbmg.gbmga.ngecc.bmg/inst_blk_mem_gen/gnbram.gnativebmg.native_blk_mem_gen/valid.cstr/ramloop[0].ram.r/prim_noinit.ram/DEVICE_7SERIES.NO_BMM_INFO.SDP.SIMPLE_PRIM18.ram/ENBWREN (net: u_udp/u5/ch1_data_fifo/U0/inst_fifo_gen/gconvfifo.rf/grf.rf/gntv_or_sync_fifo.mem/gbm.gbmg.gbmga.ngecc.bmg/inst_blk_mem_gen/gnbram.gnativebmg.native_blk_mem_gen/valid.cstr/ramloop[0].ram.r/prim_noinit.ram/DEVICE_7SERIES.NO_BMM_INFO.SDP.SIMPLE_PRIM18.ram_ENBWREN_cooolgate_en_sig_36) which is driven by a register (u_udp/app_tx_reset_d1_reg) that has an active asychronous set or reset. This may cause corruption of the memory contents and/or read values when the set/reset is asserted and is not analyzed by the default static timing analysis. It is suggested to eliminate the use of a set/reset to registers driving this RAMB pin or else use a synchronous reset in which the assertion of the reset is timed by default.
WARNING: [DRC REQP-1840] RAMB18 async control check: The RAMB18E1 u_udp/u5/ch1_data_fifo/U0/inst_fifo_gen/gconvfifo.rf/grf.rf/gntv_or_sync_fifo.mem/gbm.gbmg.gbmga.ngecc.bmg/inst_blk_mem_gen/gnbram.gnativebmg.native_blk_mem_gen/valid.cstr/ramloop[0].ram.r/prim_noinit.ram/DEVICE_7SERIES.NO_BMM_INFO.SDP.SIMPLE_PRIM18.ram has an input control pin u_udp/u5/ch1_data_fifo/U0/inst_fifo_gen/gconvfifo.rf/grf.rf/gntv_or_sync_fifo.mem/gbm.gbmg.gbmga.ngecc.bmg/inst_blk_mem_gen/gnbram.gnativebmg.native_blk_mem_gen/valid.cstr/ramloop[0].ram.r/prim_noinit.ram/DEVICE_7SERIES.NO_BMM_INFO.SDP.SIMPLE_PRIM18.ram/ENBWREN (net: u_udp/u5/ch1_data_fifo/U0/inst_fifo_gen/gconvfifo.rf/grf.rf/gntv_or_sync_fifo.mem/gbm.gbmg.gbmga.ngecc.bmg/inst_blk_mem_gen/gnbram.gnativebmg.native_blk_mem_gen/valid.cstr/ramloop[0].ram.r/prim_noinit.ram/DEVICE_7SERIES.NO_BMM_INFO.SDP.SIMPLE_PRIM18.ram_ENBWREN_cooolgate_en_sig_36) which is driven by a register (u_udp/app_tx_reset_reg) that has an active asychronous set or reset. This may cause corruption of the memory contents and/or read values when the set/reset is asserted and is not analyzed by the default static timing analysis. It is suggested to eliminate the use of a set/reset to registers driving this RAMB pin or else use a synchronous reset in which the assertion of the reset is timed by default.
WARNING: [DRC REQP-1840] RAMB18 async control check: The RAMB18E1 u_udp/u5/ch1_data_fifo/U0/inst_fifo_gen/gconvfifo.rf/grf.rf/gntv_or_sync_fifo.mem/gbm.gbmg.gbmga.ngecc.bmg/inst_blk_mem_gen/gnbram.gnativebmg.native_blk_mem_gen/valid.cstr/ramloop[0].ram.r/prim_noinit.ram/DEVICE_7SERIES.NO_BMM_INFO.SDP.SIMPLE_PRIM18.ram has an input control pin u_udp/u5/ch1_data_fifo/U0/inst_fifo_gen/gconvfifo.rf/grf.rf/gntv_or_sync_fifo.mem/gbm.gbmg.gbmga.ngecc.bmg/inst_blk_mem_gen/gnbram.gnativebmg.native_blk_mem_gen/valid.cstr/ramloop[0].ram.r/prim_noinit.ram/DEVICE_7SERIES.NO_BMM_INFO.SDP.SIMPLE_PRIM18.ram/RSTRAMB (net: u_udp/u5/ch1_data_fifo/U0/inst_fifo_gen/gconvfifo.rf/grf.rf/gntv_or_sync_fifo.mem/gbm.gbmg.gbmga.ngecc.bmg/inst_blk_mem_gen/gnbram.gnativebmg.native_blk_mem_gen/valid.cstr/ramloop[0].ram.r/prim_noinit.ram/srst) which is driven by a register (u_udp/app_tx_reset_reg) that has an active asychronous set or reset. This may cause corruption of the memory contents and/or read values when the set/reset is asserted and is not analyzed by the default static timing analysis. It is suggested to eliminate the use of a set/reset to registers driving this RAMB pin or else use a synchronous reset in which the assertion of the reset is timed by default.
INFO: [Vivado_Tcl 4-198] DRC finished with 0 Errors, 33 Warnings
INFO: [Vivado_Tcl 4-199] Please refer to the DRC report (report_drc) for more information.

Starting Placer Task
INFO: [Place 30-611] Multithreading enabled for place_design using a maximum of 2 CPUs

Phase 1 Placer Initialization

Phase 1.1 Placer Initialization Netlist Sorting
Netlist sorting complete. Time (s): cpu = 00:00:00 ; elapsed = 00:00:00.012 . Memory (MB): peak = 2042.898 ; gain = 0.000
Phase 1.1 Placer Initialization Netlist Sorting | Checksum: a8e4f554

Time (s): cpu = 00:00:00 ; elapsed = 00:00:00.025 . Memory (MB): peak = 2042.898 ; gain = 0.000
Netlist sorting complete. Time (s): cpu = 00:00:00 ; elapsed = 00:00:00.013 . Memory (MB): peak = 2042.898 ; gain = 0.000

Phase 1.2 IO Placement/ Clock Placement/ Build Placer Device
Phase 1.2 IO Placement/ Clock Placement/ Build Placer Device | Checksum: 2f4ef2e9

Time (s): cpu = 00:00:01 ; elapsed = 00:00:00.957 . Memory (MB): peak = 2042.898 ; gain = 0.000
Phase 1 Placer Initialization | Checksum: 2f4ef2e9

Time (s): cpu = 00:00:01 ; elapsed = 00:00:00.960 . Memory (MB): peak = 2042.898 ; gain = 0.000
ERROR: [Place 30-99] Placer failed with error: 'There are more instances than sites for type XADC'
Please review all ERROR, CRITICAL WARNING, and WARNING messages during placement to understand the cause for failure.
Ending Placer Task | Checksum: 0446818b

Time (s): cpu = 00:00:01 ; elapsed = 00:00:00.962 . Memory (MB): peak = 2042.898 ; gain = 0.000
INFO: [Common 17-83] Releasing license: Implementation
82 Infos, 41 Warnings, 1 Critical Warnings and 2 Errors encountered.
place_design failed
ERROR: [Common 17-69] Command failed: Placer could not place all instances
INFO: [Common 17-206] Exiting Vivado at Tue Sep 22 19:45:15 2026...
[Tue Sep 22 19:45:17 2026] impl_1 finished
wait_on_run: Time (s): cpu = 00:00:00 ; elapsed = 00:03:56 . Memory (MB): peak = 365.496 ; gain = 3.832
# open_run impl_1
ERROR: [Common 17-69] Command failed: Run 'impl_1' failed. Unable to open
INFO: [Common 17-206] Exiting Vivado at Tue Sep 22 19:45:17 2026...
