Copyright 1986-2018 Xilinx, Inc. All Rights Reserved.
--------------------------------------------------------------------------------------------------------------------------------------------
| Tool Version : Vivado v.2018.3 (win64) Build 2405991 Thu Dec  6 23:38:27 MST 2018
| Date         : Tue Sep 22 09:56:01 2026
| Host         : Hugo running 64-bit major release  (build 9200)
| Command      : report_bus_skew -file archive/project2_v6_pipeline/reports/bus_skew.rpt
| Design       : project2_v6_top
| Device       : 7a35t-fgg484
| Speed File   : -2  PRODUCTION 1.23 2018-06-13
--------------------------------------------------------------------------------------------------------------------------------------------

Bus Skew Report

Table of Contents
-----------------
1. Bus Skew Report Summary
2. Bus Skew Report Per Constraint

1. Bus Skew Report Summary
--------------------------

Id  Position  From                            To                              Corner  Requirement(ns)  Actual(ns)  Slack(ns)
--  --------  ------------------------------  ------------------------------  ------  ---------------  ----------  ---------
1   94        [get_cells [list {u_adma/axi_wr_channel/wr_buffer/wr_data_fifo/U0/inst_fifo_gen/gconvfifo.rf/grf.rf/gntv_or_sync_fifo.gcx.clkx/rd_pntr_cdc_inst/src_gray_ff_reg[0]} {u_adma/axi_wr_channel/wr_buffer/wr_data_fifo/U0/inst_fifo_gen/gconvfifo.rf/grf.rf/gntv_or_sync_fifo.gcx.clkx/rd_pntr_cdc_inst/src_gray_ff_reg[1]} {u_adma/axi_wr_channel/wr_buffer/wr_data_fifo/U0/inst_fifo_gen/gconvfifo.rf/grf.rf/gntv_or_sync_fifo.gcx.clkx/rd_pntr_cdc_inst/src_gray_ff_reg[2]} {u_adma/axi_wr_channel/wr_buffer/wr_data_fifo/U0/inst_fifo_gen/gconvfifo.rf/grf.rf/gntv_or_sync_fifo.gcx.clkx/rd_pntr_cdc_inst/src_gray_ff_reg[3]} {u_adma/axi_wr_channel/wr_buffer/wr_data_fifo/U0/inst_fifo_gen/gconvfifo.rf/grf.rf/gntv_or_sync_fifo.gcx.clkx/rd_pntr_cdc_inst/src_gray_ff_reg[4]} {u_adma/axi_wr_channel/wr_buffer/wr_data_fifo/U0/inst_fifo_gen/gconvfifo.rf/grf.rf/gntv_or_sync_fifo.gcx.clkx/rd_pntr_cdc_inst/src_gray_ff_reg[5]} {u_adma/axi_wr_channel/wr_buffer/wr_data_fifo/U0/inst_fifo_gen/gconvfifo.rf/grf.rf/gntv_or_sync_fifo.gcx.clkx/rd_pntr_cdc_inst/src_gray_ff_reg[6]} {u_adma/axi_wr_channel/wr_buffer/wr_data_fifo/U0/inst_fifo_gen/gconvfifo.rf/grf.rf/gntv_or_sync_fifo.gcx.clkx/rd_pntr_cdc_inst/src_gray_ff_reg[7]} {u_adma/axi_wr_channel/wr_buffer/wr_data_fifo/U0/inst_fifo_gen/gconvfifo.rf/grf.rf/gntv_or_sync_fifo.gcx.clkx/rd_pntr_cdc_inst/src_gray_ff_reg[8]}]]
                                              [get_cells [list {u_adma/axi_wr_channel/wr_buffer/wr_data_fifo/U0/inst_fifo_gen/gconvfifo.rf/grf.rf/gntv_or_sync_fifo.gcx.clkx/rd_pntr_cdc_inst/dest_graysync_ff_reg[0][0]} {u_adma/axi_wr_channel/wr_buffer/wr_data_fifo/U0/inst_fifo_gen/gconvfifo.rf/grf.rf/gntv_or_sync_fifo.gcx.clkx/rd_pntr_cdc_inst/dest_graysync_ff_reg[0][1]} {u_adma/axi_wr_channel/wr_buffer/wr_data_fifo/U0/inst_fifo_gen/gconvfifo.rf/grf.rf/gntv_or_sync_fifo.gcx.clkx/rd_pntr_cdc_inst/dest_graysync_ff_reg[0][2]} {u_adma/axi_wr_channel/wr_buffer/wr_data_fifo/U0/inst_fifo_gen/gconvfifo.rf/grf.rf/gntv_or_sync_fifo.gcx.clkx/rd_pntr_cdc_inst/dest_graysync_ff_reg[0][3]} {u_adma/axi_wr_channel/wr_buffer/wr_data_fifo/U0/inst_fifo_gen/gconvfifo.rf/grf.rf/gntv_or_sync_fifo.gcx.clkx/rd_pntr_cdc_inst/dest_graysync_ff_reg[0][4]} {u_adma/axi_wr_channel/wr_buffer/wr_data_fifo/U0/inst_fifo_gen/gconvfifo.rf/grf.rf/gntv_or_sync_fifo.gcx.clkx/rd_pntr_cdc_inst/dest_graysync_ff_reg[0][5]} {u_adma/axi_wr_channel/wr_buffer/wr_data_fifo/U0/inst_fifo_gen/gconvfifo.rf/grf.rf/gntv_or_sync_fifo.gcx.clkx/rd_pntr_cdc_inst/dest_graysync_ff_reg[0][6]} {u_adma/axi_wr_channel/wr_buffer/wr_data_fifo/U0/inst_fifo_gen/gconvfifo.rf/grf.rf/gntv_or_sync_fifo.gcx.clkx/rd_pntr_cdc_inst/dest_graysync_ff_reg[0][7]} {u_adma/axi_wr_channel/wr_buffer/wr_data_fifo/U0/inst_fifo_gen/gconvfifo.rf/grf.rf/gntv_or_sync_fifo.gcx.clkx/rd_pntr_cdc_inst/dest_graysync_ff_reg[0][8]}]]
                                                                              Slow              8.000       1.155      6.845
2   96        [get_cells [list {u_adma/axi_wr_channel/wr_buffer/wr_data_fifo/U0/inst_fifo_gen/gconvfifo.rf/grf.rf/gntv_or_sync_fifo.gcx.clkx/wr_pntr_cdc_inst/src_gray_ff_reg[0]} {u_adma/axi_wr_channel/wr_buffer/wr_data_fifo/U0/inst_fifo_gen/gconvfifo.rf/grf.rf/gntv_or_sync_fifo.gcx.clkx/wr_pntr_cdc_inst/src_gray_ff_reg[1]} {u_adma/axi_wr_channel/wr_buffer/wr_data_fifo/U0/inst_fifo_gen/gconvfifo.rf/grf.rf/gntv_or_sync_fifo.gcx.clkx/wr_pntr_cdc_inst/src_gray_ff_reg[2]} {u_adma/axi_wr_channel/wr_buffer/wr_data_fifo/U0/inst_fifo_gen/gconvfifo.rf/grf.rf/gntv_or_sync_fifo.gcx.clkx/wr_pntr_cdc_inst/src_gray_ff_reg[3]} {u_adma/axi_wr_channel/wr_buffer/wr_data_fifo/U0/inst_fifo_gen/gconvfifo.rf/grf.rf/gntv_or_sync_fifo.gcx.clkx/wr_pntr_cdc_inst/src_gray_ff_reg[4]} {u_adma/axi_wr_channel/wr_buffer/wr_data_fifo/U0/inst_fifo_gen/gconvfifo.rf/grf.rf/gntv_or_sync_fifo.gcx.clkx/wr_pntr_cdc_inst/src_gray_ff_reg[5]} {u_adma/axi_wr_channel/wr_buffer/wr_data_fifo/U0/inst_fifo_gen/gconvfifo.rf/grf.rf/gntv_or_sync_fifo.gcx.clkx/wr_pntr_cdc_inst/src_gray_ff_reg[6]} {u_adma/axi_wr_channel/wr_buffer/wr_data_fifo/U0/inst_fifo_gen/gconvfifo.rf/grf.rf/gntv_or_sync_fifo.gcx.clkx/wr_pntr_cdc_inst/src_gray_ff_reg[7]} {u_adma/axi_wr_channel/wr_buffer/wr_data_fifo/U0/inst_fifo_gen/gconvfifo.rf/grf.rf/gntv_or_sync_fifo.gcx.clkx/wr_pntr_cdc_inst/src_gray_ff_reg[8]}]]
                                              [get_cells [list {u_adma/axi_wr_channel/wr_buffer/wr_data_fifo/U0/inst_fifo_gen/gconvfifo.rf/grf.rf/gntv_or_sync_fifo.gcx.clkx/wr_pntr_cdc_inst/dest_graysync_ff_reg[0][0]} {u_adma/axi_wr_channel/wr_buffer/wr_data_fifo/U0/inst_fifo_gen/gconvfifo.rf/grf.rf/gntv_or_sync_fifo.gcx.clkx/wr_pntr_cdc_inst/dest_graysync_ff_reg[0][1]} {u_adma/axi_wr_channel/wr_buffer/wr_data_fifo/U0/inst_fifo_gen/gconvfifo.rf/grf.rf/gntv_or_sync_fifo.gcx.clkx/wr_pntr_cdc_inst/dest_graysync_ff_reg[0][2]} {u_adma/axi_wr_channel/wr_buffer/wr_data_fifo/U0/inst_fifo_gen/gconvfifo.rf/grf.rf/gntv_or_sync_fifo.gcx.clkx/wr_pntr_cdc_inst/dest_graysync_ff_reg[0][3]} {u_adma/axi_wr_channel/wr_buffer/wr_data_fifo/U0/inst_fifo_gen/gconvfifo.rf/grf.rf/gntv_or_sync_fifo.gcx.clkx/wr_pntr_cdc_inst/dest_graysync_ff_reg[0][4]} {u_adma/axi_wr_channel/wr_buffer/wr_data_fifo/U0/inst_fifo_gen/gconvfifo.rf/grf.rf/gntv_or_sync_fifo.gcx.clkx/wr_pntr_cdc_inst/dest_graysync_ff_reg[0][5]} {u_adma/axi_wr_channel/wr_buffer/wr_data_fifo/U0/inst_fifo_gen/gconvfifo.rf/grf.rf/gntv_or_sync_fifo.gcx.clkx/wr_pntr_cdc_inst/dest_graysync_ff_reg[0][6]} {u_adma/axi_wr_channel/wr_buffer/wr_data_fifo/U0/inst_fifo_gen/gconvfifo.rf/grf.rf/gntv_or_sync_fifo.gcx.clkx/wr_pntr_cdc_inst/dest_graysync_ff_reg[0][7]} {u_adma/axi_wr_channel/wr_buffer/wr_data_fifo/U0/inst_fifo_gen/gconvfifo.rf/grf.rf/gntv_or_sync_fifo.gcx.clkx/wr_pntr_cdc_inst/dest_graysync_ff_reg[0][8]}]]
                                                                              Slow              8.000       0.905      7.095
3   98        [get_cells [list {u_udp/u0/mac_receive/frame_fifo/U0/inst_fifo_gen/gconvfifo.rf/grf.rf/gntv_or_sync_fifo.gcx.clkx/rd_pntr_cdc_inst/src_gray_ff_reg[0]} {u_udp/u0/mac_receive/frame_fifo/U0/inst_fifo_gen/gconvfifo.rf/grf.rf/gntv_or_sync_fifo.gcx.clkx/rd_pntr_cdc_inst/src_gray_ff_reg[1]} {u_udp/u0/mac_receive/frame_fifo/U0/inst_fifo_gen/gconvfifo.rf/grf.rf/gntv_or_sync_fifo.gcx.clkx/rd_pntr_cdc_inst/src_gray_ff_reg[2]} {u_udp/u0/mac_receive/frame_fifo/U0/inst_fifo_gen/gconvfifo.rf/grf.rf/gntv_or_sync_fifo.gcx.clkx/rd_pntr_cdc_inst/src_gray_ff_reg[3]}]]
                                              [get_cells [list {u_udp/u0/mac_receive/frame_fifo/U0/inst_fifo_gen/gconvfifo.rf/grf.rf/gntv_or_sync_fifo.gcx.clkx/rd_pntr_cdc_inst/dest_graysync_ff_reg[0][0]} {u_udp/u0/mac_receive/frame_fifo/U0/inst_fifo_gen/gconvfifo.rf/grf.rf/gntv_or_sync_fifo.gcx.clkx/rd_pntr_cdc_inst/dest_graysync_ff_reg[0][1]} {u_udp/u0/mac_receive/frame_fifo/U0/inst_fifo_gen/gconvfifo.rf/grf.rf/gntv_or_sync_fifo.gcx.clkx/rd_pntr_cdc_inst/dest_graysync_ff_reg[0][2]} {u_udp/u0/mac_receive/frame_fifo/U0/inst_fifo_gen/gconvfifo.rf/grf.rf/gntv_or_sync_fifo.gcx.clkx/rd_pntr_cdc_inst/dest_graysync_ff_reg[0][3]}]]
                                                                              Slow              8.000       0.765      7.235
4   100       [get_cells [list {u_udp/u0/mac_receive/frame_fifo/U0/inst_fifo_gen/gconvfifo.rf/grf.rf/gntv_or_sync_fifo.gcx.clkx/wr_pntr_cdc_inst/src_gray_ff_reg[0]} {u_udp/u0/mac_receive/frame_fifo/U0/inst_fifo_gen/gconvfifo.rf/grf.rf/gntv_or_sync_fifo.gcx.clkx/wr_pntr_cdc_inst/src_gray_ff_reg[1]} {u_udp/u0/mac_receive/frame_fifo/U0/inst_fifo_gen/gconvfifo.rf/grf.rf/gntv_or_sync_fifo.gcx.clkx/wr_pntr_cdc_inst/src_gray_ff_reg[2]} {u_udp/u0/mac_receive/frame_fifo/U0/inst_fifo_gen/gconvfifo.rf/grf.rf/gntv_or_sync_fifo.gcx.clkx/wr_pntr_cdc_inst/src_gray_ff_reg[3]}]]
                                              [get_cells [list {u_udp/u0/mac_receive/frame_fifo/U0/inst_fifo_gen/gconvfifo.rf/grf.rf/gntv_or_sync_fifo.gcx.clkx/wr_pntr_cdc_inst/dest_graysync_ff_reg[0][0]} {u_udp/u0/mac_receive/frame_fifo/U0/inst_fifo_gen/gconvfifo.rf/grf.rf/gntv_or_sync_fifo.gcx.clkx/wr_pntr_cdc_inst/dest_graysync_ff_reg[0][1]} {u_udp/u0/mac_receive/frame_fifo/U0/inst_fifo_gen/gconvfifo.rf/grf.rf/gntv_or_sync_fifo.gcx.clkx/wr_pntr_cdc_inst/dest_graysync_ff_reg[0][2]} {u_udp/u0/mac_receive/frame_fifo/U0/inst_fifo_gen/gconvfifo.rf/grf.rf/gntv_or_sync_fifo.gcx.clkx/wr_pntr_cdc_inst/dest_graysync_ff_reg[0][3]}]]
                                                                              Slow              8.000       0.683      7.317
5   102       [get_cells [list {u_udp/u6/icmp_receive/icmp_rx_fifo/U0/inst_fifo_gen/gconvfifo.rf/grf.rf/gntv_or_sync_fifo.gcx.clkx/rd_pntr_cdc_inst/src_gray_ff_reg[0]} {u_udp/u6/icmp_receive/icmp_rx_fifo/U0/inst_fifo_gen/gconvfifo.rf/grf.rf/gntv_or_sync_fifo.gcx.clkx/rd_pntr_cdc_inst/src_gray_ff_reg[1]} {u_udp/u6/icmp_receive/icmp_rx_fifo/U0/inst_fifo_gen/gconvfifo.rf/grf.rf/gntv_or_sync_fifo.gcx.clkx/rd_pntr_cdc_inst/src_gray_ff_reg[2]} {u_udp/u6/icmp_receive/icmp_rx_fifo/U0/inst_fifo_gen/gconvfifo.rf/grf.rf/gntv_or_sync_fifo.gcx.clkx/rd_pntr_cdc_inst/src_gray_ff_reg[3]}]]
                                              [get_cells [list {u_udp/u6/icmp_receive/icmp_rx_fifo/U0/inst_fifo_gen/gconvfifo.rf/grf.rf/gntv_or_sync_fifo.gcx.clkx/rd_pntr_cdc_inst/dest_graysync_ff_reg[0][0]} {u_udp/u6/icmp_receive/icmp_rx_fifo/U0/inst_fifo_gen/gconvfifo.rf/grf.rf/gntv_or_sync_fifo.gcx.clkx/rd_pntr_cdc_inst/dest_graysync_ff_reg[0][1]} {u_udp/u6/icmp_receive/icmp_rx_fifo/U0/inst_fifo_gen/gconvfifo.rf/grf.rf/gntv_or_sync_fifo.gcx.clkx/rd_pntr_cdc_inst/dest_graysync_ff_reg[0][2]} {u_udp/u6/icmp_receive/icmp_rx_fifo/U0/inst_fifo_gen/gconvfifo.rf/grf.rf/gntv_or_sync_fifo.gcx.clkx/rd_pntr_cdc_inst/dest_graysync_ff_reg[0][3]}]]
                                                                              Slow              8.000       0.759      7.241
6   104       [get_cells [list {u_udp/u6/icmp_receive/icmp_rx_fifo/U0/inst_fifo_gen/gconvfifo.rf/grf.rf/gntv_or_sync_fifo.gcx.clkx/wr_pntr_cdc_inst/src_gray_ff_reg[0]} {u_udp/u6/icmp_receive/icmp_rx_fifo/U0/inst_fifo_gen/gconvfifo.rf/grf.rf/gntv_or_sync_fifo.gcx.clkx/wr_pntr_cdc_inst/src_gray_ff_reg[1]} {u_udp/u6/icmp_receive/icmp_rx_fifo/U0/inst_fifo_gen/gconvfifo.rf/grf.rf/gntv_or_sync_fifo.gcx.clkx/wr_pntr_cdc_inst/src_gray_ff_reg[2]} {u_udp/u6/icmp_receive/icmp_rx_fifo/U0/inst_fifo_gen/gconvfifo.rf/grf.rf/gntv_or_sync_fifo.gcx.clkx/wr_pntr_cdc_inst/src_gray_ff_reg[3]}]]
                                              [get_cells [list {u_udp/u6/icmp_receive/icmp_rx_fifo/U0/inst_fifo_gen/gconvfifo.rf/grf.rf/gntv_or_sync_fifo.gcx.clkx/wr_pntr_cdc_inst/dest_graysync_ff_reg[0][0]} {u_udp/u6/icmp_receive/icmp_rx_fifo/U0/inst_fifo_gen/gconvfifo.rf/grf.rf/gntv_or_sync_fifo.gcx.clkx/wr_pntr_cdc_inst/dest_graysync_ff_reg[0][1]} {u_udp/u6/icmp_receive/icmp_rx_fifo/U0/inst_fifo_gen/gconvfifo.rf/grf.rf/gntv_or_sync_fifo.gcx.clkx/wr_pntr_cdc_inst/dest_graysync_ff_reg[0][2]} {u_udp/u6/icmp_receive/icmp_rx_fifo/U0/inst_fifo_gen/gconvfifo.rf/grf.rf/gntv_or_sync_fifo.gcx.clkx/wr_pntr_cdc_inst/dest_graysync_ff_reg[0][3]}]]
                                                                              Slow              8.000       1.093      6.907
7   106       [get_cells [list {u_adma/axi_wr_channel/wr_buffer/wr_cmd_fifo/U0/inst_fifo_gen/gconvfifo.rf/grf.rf/gntv_or_sync_fifo.gcx.clkx/rd_pntr_cdc_inst/src_gray_ff_reg[0]} {u_adma/axi_wr_channel/wr_buffer/wr_cmd_fifo/U0/inst_fifo_gen/gconvfifo.rf/grf.rf/gntv_or_sync_fifo.gcx.clkx/rd_pntr_cdc_inst/src_gray_ff_reg[1]} {u_adma/axi_wr_channel/wr_buffer/wr_cmd_fifo/U0/inst_fifo_gen/gconvfifo.rf/grf.rf/gntv_or_sync_fifo.gcx.clkx/rd_pntr_cdc_inst/src_gray_ff_reg[2]} {u_adma/axi_wr_channel/wr_buffer/wr_cmd_fifo/U0/inst_fifo_gen/gconvfifo.rf/grf.rf/gntv_or_sync_fifo.gcx.clkx/rd_pntr_cdc_inst/src_gray_ff_reg[3]}]]
                                              [get_cells [list {u_adma/axi_wr_channel/wr_buffer/wr_cmd_fifo/U0/inst_fifo_gen/gconvfifo.rf/grf.rf/gntv_or_sync_fifo.gcx.clkx/rd_pntr_cdc_inst/dest_graysync_ff_reg[0][0]} {u_adma/axi_wr_channel/wr_buffer/wr_cmd_fifo/U0/inst_fifo_gen/gconvfifo.rf/grf.rf/gntv_or_sync_fifo.gcx.clkx/rd_pntr_cdc_inst/dest_graysync_ff_reg[0][1]} {u_adma/axi_wr_channel/wr_buffer/wr_cmd_fifo/U0/inst_fifo_gen/gconvfifo.rf/grf.rf/gntv_or_sync_fifo.gcx.clkx/rd_pntr_cdc_inst/dest_graysync_ff_reg[0][2]} {u_adma/axi_wr_channel/wr_buffer/wr_cmd_fifo/U0/inst_fifo_gen/gconvfifo.rf/grf.rf/gntv_or_sync_fifo.gcx.clkx/rd_pntr_cdc_inst/dest_graysync_ff_reg[0][3]}]]
                                                                              Slow              8.000       0.868      7.132
8   108       [get_cells [list {u_adma/axi_wr_channel/wr_buffer/wr_cmd_fifo/U0/inst_fifo_gen/gconvfifo.rf/grf.rf/gntv_or_sync_fifo.gcx.clkx/wr_pntr_cdc_inst/src_gray_ff_reg[0]} {u_adma/axi_wr_channel/wr_buffer/wr_cmd_fifo/U0/inst_fifo_gen/gconvfifo.rf/grf.rf/gntv_or_sync_fifo.gcx.clkx/wr_pntr_cdc_inst/src_gray_ff_reg[1]} {u_adma/axi_wr_channel/wr_buffer/wr_cmd_fifo/U0/inst_fifo_gen/gconvfifo.rf/grf.rf/gntv_or_sync_fifo.gcx.clkx/wr_pntr_cdc_inst/src_gray_ff_reg[2]} {u_adma/axi_wr_channel/wr_buffer/wr_cmd_fifo/U0/inst_fifo_gen/gconvfifo.rf/grf.rf/gntv_or_sync_fifo.gcx.clkx/wr_pntr_cdc_inst/src_gray_ff_reg[3]}]]
                                              [get_cells [list {u_adma/axi_wr_channel/wr_buffer/wr_cmd_fifo/U0/inst_fifo_gen/gconvfifo.rf/grf.rf/gntv_or_sync_fifo.gcx.clkx/wr_pntr_cdc_inst/dest_graysync_ff_reg[0][0]} {u_adma/axi_wr_channel/wr_buffer/wr_cmd_fifo/U0/inst_fifo_gen/gconvfifo.rf/grf.rf/gntv_or_sync_fifo.gcx.clkx/wr_pntr_cdc_inst/dest_graysync_ff_reg[0][1]} {u_adma/axi_wr_channel/wr_buffer/wr_cmd_fifo/U0/inst_fifo_gen/gconvfifo.rf/grf.rf/gntv_or_sync_fifo.gcx.clkx/wr_pntr_cdc_inst/dest_graysync_ff_reg[0][2]} {u_adma/axi_wr_channel/wr_buffer/wr_cmd_fifo/U0/inst_fifo_gen/gconvfifo.rf/grf.rf/gntv_or_sync_fifo.gcx.clkx/wr_pntr_cdc_inst/dest_graysync_ff_reg[0][3]}]]
                                                                              Slow              8.000       0.886      7.114
9   110       [get_cells [list {u_udp/u0/mac_send/frame_fifo/U0/inst_fifo_gen/gconvfifo.rf/grf.rf/gntv_or_sync_fifo.gcx.clkx/rd_pntr_cdc_inst/src_gray_ff_reg[0]} {u_udp/u0/mac_send/frame_fifo/U0/inst_fifo_gen/gconvfifo.rf/grf.rf/gntv_or_sync_fifo.gcx.clkx/rd_pntr_cdc_inst/src_gray_ff_reg[1]} {u_udp/u0/mac_send/frame_fifo/U0/inst_fifo_gen/gconvfifo.rf/grf.rf/gntv_or_sync_fifo.gcx.clkx/rd_pntr_cdc_inst/src_gray_ff_reg[2]} {u_udp/u0/mac_send/frame_fifo/U0/inst_fifo_gen/gconvfifo.rf/grf.rf/gntv_or_sync_fifo.gcx.clkx/rd_pntr_cdc_inst/src_gray_ff_reg[3]}]]
                                              [get_cells [list {u_udp/u0/mac_send/frame_fifo/U0/inst_fifo_gen/gconvfifo.rf/grf.rf/gntv_or_sync_fifo.gcx.clkx/rd_pntr_cdc_inst/dest_graysync_ff_reg[0][0]} {u_udp/u0/mac_send/frame_fifo/U0/inst_fifo_gen/gconvfifo.rf/grf.rf/gntv_or_sync_fifo.gcx.clkx/rd_pntr_cdc_inst/dest_graysync_ff_reg[0][1]} {u_udp/u0/mac_send/frame_fifo/U0/inst_fifo_gen/gconvfifo.rf/grf.rf/gntv_or_sync_fifo.gcx.clkx/rd_pntr_cdc_inst/dest_graysync_ff_reg[0][2]} {u_udp/u0/mac_send/frame_fifo/U0/inst_fifo_gen/gconvfifo.rf/grf.rf/gntv_or_sync_fifo.gcx.clkx/rd_pntr_cdc_inst/dest_graysync_ff_reg[0][3]}]]
                                                                              Slow              8.000       0.823      7.177
10  112       [get_cells [list {u_udp/u0/mac_send/frame_fifo/U0/inst_fifo_gen/gconvfifo.rf/grf.rf/gntv_or_sync_fifo.gcx.clkx/wr_pntr_cdc_inst/src_gray_ff_reg[0]} {u_udp/u0/mac_send/frame_fifo/U0/inst_fifo_gen/gconvfifo.rf/grf.rf/gntv_or_sync_fifo.gcx.clkx/wr_pntr_cdc_inst/src_gray_ff_reg[1]} {u_udp/u0/mac_send/frame_fifo/U0/inst_fifo_gen/gconvfifo.rf/grf.rf/gntv_or_sync_fifo.gcx.clkx/wr_pntr_cdc_inst/src_gray_ff_reg[2]} {u_udp/u0/mac_send/frame_fifo/U0/inst_fifo_gen/gconvfifo.rf/grf.rf/gntv_or_sync_fifo.gcx.clkx/wr_pntr_cdc_inst/src_gray_ff_reg[3]}]]
                                              [get_cells [list {u_udp/u0/mac_send/frame_fifo/U0/inst_fifo_gen/gconvfifo.rf/grf.rf/gntv_or_sync_fifo.gcx.clkx/wr_pntr_cdc_inst/dest_graysync_ff_reg[0][0]} {u_udp/u0/mac_send/frame_fifo/U0/inst_fifo_gen/gconvfifo.rf/grf.rf/gntv_or_sync_fifo.gcx.clkx/wr_pntr_cdc_inst/dest_graysync_ff_reg[0][1]} {u_udp/u0/mac_send/frame_fifo/U0/inst_fifo_gen/gconvfifo.rf/grf.rf/gntv_or_sync_fifo.gcx.clkx/wr_pntr_cdc_inst/dest_graysync_ff_reg[0][2]} {u_udp/u0/mac_send/frame_fifo/U0/inst_fifo_gen/gconvfifo.rf/grf.rf/gntv_or_sync_fifo.gcx.clkx/wr_pntr_cdc_inst/dest_graysync_ff_reg[0][3]}]]
                                                                              Slow              8.000       0.920      7.080
11  114       [get_cells [list {u_udp/u3/arp_receive/arp_rx_fifo/U0/inst_fifo_gen/gconvfifo.rf/grf.rf/gntv_or_sync_fifo.gcx.clkx/rd_pntr_cdc_inst/src_gray_ff_reg[0]} {u_udp/u3/arp_receive/arp_rx_fifo/U0/inst_fifo_gen/gconvfifo.rf/grf.rf/gntv_or_sync_fifo.gcx.clkx/rd_pntr_cdc_inst/src_gray_ff_reg[1]} {u_udp/u3/arp_receive/arp_rx_fifo/U0/inst_fifo_gen/gconvfifo.rf/grf.rf/gntv_or_sync_fifo.gcx.clkx/rd_pntr_cdc_inst/src_gray_ff_reg[2]} {u_udp/u3/arp_receive/arp_rx_fifo/U0/inst_fifo_gen/gconvfifo.rf/grf.rf/gntv_or_sync_fifo.gcx.clkx/rd_pntr_cdc_inst/src_gray_ff_reg[3]}]]
                                              [get_cells [list {u_udp/u3/arp_receive/arp_rx_fifo/U0/inst_fifo_gen/gconvfifo.rf/grf.rf/gntv_or_sync_fifo.gcx.clkx/rd_pntr_cdc_inst/dest_graysync_ff_reg[0][0]} {u_udp/u3/arp_receive/arp_rx_fifo/U0/inst_fifo_gen/gconvfifo.rf/grf.rf/gntv_or_sync_fifo.gcx.clkx/rd_pntr_cdc_inst/dest_graysync_ff_reg[0][1]} {u_udp/u3/arp_receive/arp_rx_fifo/U0/inst_fifo_gen/gconvfifo.rf/grf.rf/gntv_or_sync_fifo.gcx.clkx/rd_pntr_cdc_inst/dest_graysync_ff_reg[0][2]} {u_udp/u3/arp_receive/arp_rx_fifo/U0/inst_fifo_gen/gconvfifo.rf/grf.rf/gntv_or_sync_fifo.gcx.clkx/rd_pntr_cdc_inst/dest_graysync_ff_reg[0][3]}]]
                                                                              Slow              8.000       0.873      7.127
12  116       [get_cells [list {u_udp/u3/arp_receive/arp_rx_fifo/U0/inst_fifo_gen/gconvfifo.rf/grf.rf/gntv_or_sync_fifo.gcx.clkx/wr_pntr_cdc_inst/src_gray_ff_reg[0]} {u_udp/u3/arp_receive/arp_rx_fifo/U0/inst_fifo_gen/gconvfifo.rf/grf.rf/gntv_or_sync_fifo.gcx.clkx/wr_pntr_cdc_inst/src_gray_ff_reg[1]} {u_udp/u3/arp_receive/arp_rx_fifo/U0/inst_fifo_gen/gconvfifo.rf/grf.rf/gntv_or_sync_fifo.gcx.clkx/wr_pntr_cdc_inst/src_gray_ff_reg[2]} {u_udp/u3/arp_receive/arp_rx_fifo/U0/inst_fifo_gen/gconvfifo.rf/grf.rf/gntv_or_sync_fifo.gcx.clkx/wr_pntr_cdc_inst/src_gray_ff_reg[3]}]]
                                              [get_cells [list {u_udp/u3/arp_receive/arp_rx_fifo/U0/inst_fifo_gen/gconvfifo.rf/grf.rf/gntv_or_sync_fifo.gcx.clkx/wr_pntr_cdc_inst/dest_graysync_ff_reg[0][0]} {u_udp/u3/arp_receive/arp_rx_fifo/U0/inst_fifo_gen/gconvfifo.rf/grf.rf/gntv_or_sync_fifo.gcx.clkx/wr_pntr_cdc_inst/dest_graysync_ff_reg[0][1]} {u_udp/u3/arp_receive/arp_rx_fifo/U0/inst_fifo_gen/gconvfifo.rf/grf.rf/gntv_or_sync_fifo.gcx.clkx/wr_pntr_cdc_inst/dest_graysync_ff_reg[0][2]} {u_udp/u3/arp_receive/arp_rx_fifo/U0/inst_fifo_gen/gconvfifo.rf/grf.rf/gntv_or_sync_fifo.gcx.clkx/wr_pntr_cdc_inst/dest_graysync_ff_reg[0][3]}]]
                                                                              Slow              8.000       0.826      7.174
13  118       [get_cells [list {u_udp/u0/mac_receive/data_fifo/U0/inst_fifo_gen/gconvfifo.rf/grf.rf/gntv_or_sync_fifo.gcx.clkx/rd_pntr_cdc_inst/src_gray_ff_reg[0]} \
          {u_udp/u0/mac_receive/data_fifo/U0/inst_fifo_gen/gconvfifo.rf/grf.rf/gntv_or_sync_fifo.gcx.clkx/rd_pntr_cdc_inst/src_gray_ff_reg[10]} \
          {u_udp/u0/mac_receive/data_fifo/U0/inst_fifo_gen/gconvfifo.rf/grf.rf/gntv_or_sync_fifo.gcx.clkx/rd_pntr_cdc_inst/src_gray_ff_reg[11]} \
          {u_udp/u0/mac_receive/data_fifo/U0/inst_fifo_gen/gconvfifo.rf/grf.rf/gntv_or_sync_fifo.gcx.clkx/rd_pntr_cdc_inst/src_gray_ff_reg[1]} \
          {u_udp/u0/mac_receive/data_fifo/U0/inst_fifo_gen/gconvfifo.rf/grf.rf/gntv_or_sync_fifo.gcx.clkx/rd_pntr_cdc_inst/src_gray_ff_reg[2]} \
          {u_udp/u0/mac_receive/data_fifo/U0/inst_fifo_gen/gconvfifo.rf/grf.rf/gntv_or_sync_fifo.gcx.clkx/rd_pntr_cdc_inst/src_gray_ff_reg[3]} \
          {u_udp/u0/mac_receive/data_fifo/U0/inst_fifo_gen/gconvfifo.rf/grf.rf/gntv_or_sync_fifo.gcx.clkx/rd_pntr_cdc_inst/src_gray_ff_reg[4]} \
          {u_udp/u0/mac_receive/data_fifo/U0/inst_fifo_gen/gconvfifo.rf/grf.rf/gntv_or_sync_fifo.gcx.clkx/rd_pntr_cdc_inst/src_gray_ff_reg[5]} \
          {u_udp/u0/mac_receive/data_fifo/U0/inst_fifo_gen/gconvfifo.rf/grf.rf/gntv_or_sync_fifo.gcx.clkx/rd_pntr_cdc_inst/src_gray_ff_reg[6]} \
          {u_udp/u0/mac_receive/data_fifo/U0/inst_fifo_gen/gconvfifo.rf/grf.rf/gntv_or_sync_fifo.gcx.clkx/rd_pntr_cdc_inst/src_gray_ff_reg[7]} \
          {u_udp/u0/mac_receive/data_fifo/U0/inst_fifo_gen/gconvfifo.rf/grf.rf/gntv_or_sync_fifo.gcx.clkx/rd_pntr_cdc_inst/src_gray_ff_reg[8]} \
          {u_udp/u0/mac_receive/data_fifo/U0/inst_fifo_gen/gconvfifo.rf/grf.rf/gntv_or_sync_fifo.gcx.clkx/rd_pntr_cdc_inst/src_gray_ff_reg[9]}]]
                                              [get_cells [list {u_udp/u0/mac_receive/data_fifo/U0/inst_fifo_gen/gconvfifo.rf/grf.rf/gntv_or_sync_fifo.gcx.clkx/rd_pntr_cdc_inst/dest_graysync_ff_reg[0][0]} \
          {u_udp/u0/mac_receive/data_fifo/U0/inst_fifo_gen/gconvfifo.rf/grf.rf/gntv_or_sync_fifo.gcx.clkx/rd_pntr_cdc_inst/dest_graysync_ff_reg[0][10]} \
          {u_udp/u0/mac_receive/data_fifo/U0/inst_fifo_gen/gconvfifo.rf/grf.rf/gntv_or_sync_fifo.gcx.clkx/rd_pntr_cdc_inst/dest_graysync_ff_reg[0][11]} \
          {u_udp/u0/mac_receive/data_fifo/U0/inst_fifo_gen/gconvfifo.rf/grf.rf/gntv_or_sync_fifo.gcx.clkx/rd_pntr_cdc_inst/dest_graysync_ff_reg[0][1]} \
          {u_udp/u0/mac_receive/data_fifo/U0/inst_fifo_gen/gconvfifo.rf/grf.rf/gntv_or_sync_fifo.gcx.clkx/rd_pntr_cdc_inst/dest_graysync_ff_reg[0][2]} \
          {u_udp/u0/mac_receive/data_fifo/U0/inst_fifo_gen/gconvfifo.rf/grf.rf/gntv_or_sync_fifo.gcx.clkx/rd_pntr_cdc_inst/dest_graysync_ff_reg[0][3]} \
          {u_udp/u0/mac_receive/data_fifo/U0/inst_fifo_gen/gconvfifo.rf/grf.rf/gntv_or_sync_fifo.gcx.clkx/rd_pntr_cdc_inst/dest_graysync_ff_reg[0][4]} \
          {u_udp/u0/mac_receive/data_fifo/U0/inst_fifo_gen/gconvfifo.rf/grf.rf/gntv_or_sync_fifo.gcx.clkx/rd_pntr_cdc_inst/dest_graysync_ff_reg[0][5]} \
          {u_udp/u0/mac_receive/data_fifo/U0/inst_fifo_gen/gconvfifo.rf/grf.rf/gntv_or_sync_fifo.gcx.clkx/rd_pntr_cdc_inst/dest_graysync_ff_reg[0][6]} \
          {u_udp/u0/mac_receive/data_fifo/U0/inst_fifo_gen/gconvfifo.rf/grf.rf/gntv_or_sync_fifo.gcx.clkx/rd_pntr_cdc_inst/dest_graysync_ff_reg[0][7]} \
          {u_udp/u0/mac_receive/data_fifo/U0/inst_fifo_gen/gconvfifo.rf/grf.rf/gntv_or_sync_fifo.gcx.clkx/rd_pntr_cdc_inst/dest_graysync_ff_reg[0][8]} \
          {u_udp/u0/mac_receive/data_fifo/U0/inst_fifo_gen/gconvfifo.rf/grf.rf/gntv_or_sync_fifo.gcx.clkx/rd_pntr_cdc_inst/dest_graysync_ff_reg[0][9]}]]
                                                                              Slow              8.000       1.004      6.996
14  120       [get_cells [list {u_udp/u0/mac_send/data_fifo/U0/inst_fifo_gen/gconvfifo.rf/grf.rf/gntv_or_sync_fifo.gcx.clkx/rd_pntr_cdc_inst/src_gray_ff_reg[0]} \
          {u_udp/u0/mac_send/data_fifo/U0/inst_fifo_gen/gconvfifo.rf/grf.rf/gntv_or_sync_fifo.gcx.clkx/rd_pntr_cdc_inst/src_gray_ff_reg[10]} \
          {u_udp/u0/mac_send/data_fifo/U0/inst_fifo_gen/gconvfifo.rf/grf.rf/gntv_or_sync_fifo.gcx.clkx/rd_pntr_cdc_inst/src_gray_ff_reg[11]} \
          {u_udp/u0/mac_send/data_fifo/U0/inst_fifo_gen/gconvfifo.rf/grf.rf/gntv_or_sync_fifo.gcx.clkx/rd_pntr_cdc_inst/src_gray_ff_reg[1]} \
          {u_udp/u0/mac_send/data_fifo/U0/inst_fifo_gen/gconvfifo.rf/grf.rf/gntv_or_sync_fifo.gcx.clkx/rd_pntr_cdc_inst/src_gray_ff_reg[2]} \
          {u_udp/u0/mac_send/data_fifo/U0/inst_fifo_gen/gconvfifo.rf/grf.rf/gntv_or_sync_fifo.gcx.clkx/rd_pntr_cdc_inst/src_gray_ff_reg[3]} \
          {u_udp/u0/mac_send/data_fifo/U0/inst_fifo_gen/gconvfifo.rf/grf.rf/gntv_or_sync_fifo.gcx.clkx/rd_pntr_cdc_inst/src_gray_ff_reg[4]} \
          {u_udp/u0/mac_send/data_fifo/U0/inst_fifo_gen/gconvfifo.rf/grf.rf/gntv_or_sync_fifo.gcx.clkx/rd_pntr_cdc_inst/src_gray_ff_reg[5]} \
          {u_udp/u0/mac_send/data_fifo/U0/inst_fifo_gen/gconvfifo.rf/grf.rf/gntv_or_sync_fifo.gcx.clkx/rd_pntr_cdc_inst/src_gray_ff_reg[6]} \
          {u_udp/u0/mac_send/data_fifo/U0/inst_fifo_gen/gconvfifo.rf/grf.rf/gntv_or_sync_fifo.gcx.clkx/rd_pntr_cdc_inst/src_gray_ff_reg[7]} \
          {u_udp/u0/mac_send/data_fifo/U0/inst_fifo_gen/gconvfifo.rf/grf.rf/gntv_or_sync_fifo.gcx.clkx/rd_pntr_cdc_inst/src_gray_ff_reg[8]} \
          {u_udp/u0/mac_send/data_fifo/U0/inst_fifo_gen/gconvfifo.rf/grf.rf/gntv_or_sync_fifo.gcx.clkx/rd_pntr_cdc_inst/src_gray_ff_reg[9]}]]
                                              [get_cells [list {u_udp/u0/mac_send/data_fifo/U0/inst_fifo_gen/gconvfifo.rf/grf.rf/gntv_or_sync_fifo.gcx.clkx/rd_pntr_cdc_inst/dest_graysync_ff_reg[0][0]} \
          {u_udp/u0/mac_send/data_fifo/U0/inst_fifo_gen/gconvfifo.rf/grf.rf/gntv_or_sync_fifo.gcx.clkx/rd_pntr_cdc_inst/dest_graysync_ff_reg[0][10]} \
          {u_udp/u0/mac_send/data_fifo/U0/inst_fifo_gen/gconvfifo.rf/grf.rf/gntv_or_sync_fifo.gcx.clkx/rd_pntr_cdc_inst/dest_graysync_ff_reg[0][11]} \
          {u_udp/u0/mac_send/data_fifo/U0/inst_fifo_gen/gconvfifo.rf/grf.rf/gntv_or_sync_fifo.gcx.clkx/rd_pntr_cdc_inst/dest_graysync_ff_reg[0][1]} \
          {u_udp/u0/mac_send/data_fifo/U0/inst_fifo_gen/gconvfifo.rf/grf.rf/gntv_or_sync_fifo.gcx.clkx/rd_pntr_cdc_inst/dest_graysync_ff_reg[0][2]} \
          {u_udp/u0/mac_send/data_fifo/U0/inst_fifo_gen/gconvfifo.rf/grf.rf/gntv_or_sync_fifo.gcx.clkx/rd_pntr_cdc_inst/dest_graysync_ff_reg[0][3]} \
          {u_udp/u0/mac_send/data_fifo/U0/inst_fifo_gen/gconvfifo.rf/grf.rf/gntv_or_sync_fifo.gcx.clkx/rd_pntr_cdc_inst/dest_graysync_ff_reg[0][4]} \
          {u_udp/u0/mac_send/data_fifo/U0/inst_fifo_gen/gconvfifo.rf/grf.rf/gntv_or_sync_fifo.gcx.clkx/rd_pntr_cdc_inst/dest_graysync_ff_reg[0][5]} \
          {u_udp/u0/mac_send/data_fifo/U0/inst_fifo_gen/gconvfifo.rf/grf.rf/gntv_or_sync_fifo.gcx.clkx/rd_pntr_cdc_inst/dest_graysync_ff_reg[0][6]} \
          {u_udp/u0/mac_send/data_fifo/U0/inst_fifo_gen/gconvfifo.rf/grf.rf/gntv_or_sync_fifo.gcx.clkx/rd_pntr_cdc_inst/dest_graysync_ff_reg[0][7]} \
          {u_udp/u0/mac_send/data_fifo/U0/inst_fifo_gen/gconvfifo.rf/grf.rf/gntv_or_sync_fifo.gcx.clkx/rd_pntr_cdc_inst/dest_graysync_ff_reg[0][8]} \
          {u_udp/u0/mac_send/data_fifo/U0/inst_fifo_gen/gconvfifo.rf/grf.rf/gntv_or_sync_fifo.gcx.clkx/rd_pntr_cdc_inst/dest_graysync_ff_reg[0][9]}]]
                                                                              Slow              8.000       1.299      6.701
15  122       [get_cells [list {u_udp/u0/mac_receive/data_fifo/U0/inst_fifo_gen/gconvfifo.rf/grf.rf/gntv_or_sync_fifo.gcx.clkx/wr_pntr_cdc_inst/src_gray_ff_reg[0]} \
          {u_udp/u0/mac_receive/data_fifo/U0/inst_fifo_gen/gconvfifo.rf/grf.rf/gntv_or_sync_fifo.gcx.clkx/wr_pntr_cdc_inst/src_gray_ff_reg[10]} \
          {u_udp/u0/mac_receive/data_fifo/U0/inst_fifo_gen/gconvfifo.rf/grf.rf/gntv_or_sync_fifo.gcx.clkx/wr_pntr_cdc_inst/src_gray_ff_reg[11]} \
          {u_udp/u0/mac_receive/data_fifo/U0/inst_fifo_gen/gconvfifo.rf/grf.rf/gntv_or_sync_fifo.gcx.clkx/wr_pntr_cdc_inst/src_gray_ff_reg[1]} \
          {u_udp/u0/mac_receive/data_fifo/U0/inst_fifo_gen/gconvfifo.rf/grf.rf/gntv_or_sync_fifo.gcx.clkx/wr_pntr_cdc_inst/src_gray_ff_reg[2]} \
          {u_udp/u0/mac_receive/data_fifo/U0/inst_fifo_gen/gconvfifo.rf/grf.rf/gntv_or_sync_fifo.gcx.clkx/wr_pntr_cdc_inst/src_gray_ff_reg[3]} \
          {u_udp/u0/mac_receive/data_fifo/U0/inst_fifo_gen/gconvfifo.rf/grf.rf/gntv_or_sync_fifo.gcx.clkx/wr_pntr_cdc_inst/src_gray_ff_reg[4]} \
          {u_udp/u0/mac_receive/data_fifo/U0/inst_fifo_gen/gconvfifo.rf/grf.rf/gntv_or_sync_fifo.gcx.clkx/wr_pntr_cdc_inst/src_gray_ff_reg[5]} \
          {u_udp/u0/mac_receive/data_fifo/U0/inst_fifo_gen/gconvfifo.rf/grf.rf/gntv_or_sync_fifo.gcx.clkx/wr_pntr_cdc_inst/src_gray_ff_reg[6]} \
          {u_udp/u0/mac_receive/data_fifo/U0/inst_fifo_gen/gconvfifo.rf/grf.rf/gntv_or_sync_fifo.gcx.clkx/wr_pntr_cdc_inst/src_gray_ff_reg[7]} \
          {u_udp/u0/mac_receive/data_fifo/U0/inst_fifo_gen/gconvfifo.rf/grf.rf/gntv_or_sync_fifo.gcx.clkx/wr_pntr_cdc_inst/src_gray_ff_reg[8]} \
          {u_udp/u0/mac_receive/data_fifo/U0/inst_fifo_gen/gconvfifo.rf/grf.rf/gntv_or_sync_fifo.gcx.clkx/wr_pntr_cdc_inst/src_gray_ff_reg[9]}]]
                                              [get_cells [list {u_udp/u0/mac_receive/data_fifo/U0/inst_fifo_gen/gconvfifo.rf/grf.rf/gntv_or_sync_fifo.gcx.clkx/wr_pntr_cdc_inst/dest_graysync_ff_reg[0][0]} \
          {u_udp/u0/mac_receive/data_fifo/U0/inst_fifo_gen/gconvfifo.rf/grf.rf/gntv_or_sync_fifo.gcx.clkx/wr_pntr_cdc_inst/dest_graysync_ff_reg[0][10]} \
          {u_udp/u0/mac_receive/data_fifo/U0/inst_fifo_gen/gconvfifo.rf/grf.rf/gntv_or_sync_fifo.gcx.clkx/wr_pntr_cdc_inst/dest_graysync_ff_reg[0][11]} \
          {u_udp/u0/mac_receive/data_fifo/U0/inst_fifo_gen/gconvfifo.rf/grf.rf/gntv_or_sync_fifo.gcx.clkx/wr_pntr_cdc_inst/dest_graysync_ff_reg[0][1]} \
          {u_udp/u0/mac_receive/data_fifo/U0/inst_fifo_gen/gconvfifo.rf/grf.rf/gntv_or_sync_fifo.gcx.clkx/wr_pntr_cdc_inst/dest_graysync_ff_reg[0][2]} \
          {u_udp/u0/mac_receive/data_fifo/U0/inst_fifo_gen/gconvfifo.rf/grf.rf/gntv_or_sync_fifo.gcx.clkx/wr_pntr_cdc_inst/dest_graysync_ff_reg[0][3]} \
          {u_udp/u0/mac_receive/data_fifo/U0/inst_fifo_gen/gconvfifo.rf/grf.rf/gntv_or_sync_fifo.gcx.clkx/wr_pntr_cdc_inst/dest_graysync_ff_reg[0][4]} \
          {u_udp/u0/mac_receive/data_fifo/U0/inst_fifo_gen/gconvfifo.rf/grf.rf/gntv_or_sync_fifo.gcx.clkx/wr_pntr_cdc_inst/dest_graysync_ff_reg[0][5]} \
          {u_udp/u0/mac_receive/data_fifo/U0/inst_fifo_gen/gconvfifo.rf/grf.rf/gntv_or_sync_fifo.gcx.clkx/wr_pntr_cdc_inst/dest_graysync_ff_reg[0][6]} \
          {u_udp/u0/mac_receive/data_fifo/U0/inst_fifo_gen/gconvfifo.rf/grf.rf/gntv_or_sync_fifo.gcx.clkx/wr_pntr_cdc_inst/dest_graysync_ff_reg[0][7]} \
          {u_udp/u0/mac_receive/data_fifo/U0/inst_fifo_gen/gconvfifo.rf/grf.rf/gntv_or_sync_fifo.gcx.clkx/wr_pntr_cdc_inst/dest_graysync_ff_reg[0][8]} \
          {u_udp/u0/mac_receive/data_fifo/U0/inst_fifo_gen/gconvfifo.rf/grf.rf/gntv_or_sync_fifo.gcx.clkx/wr_pntr_cdc_inst/dest_graysync_ff_reg[0][9]}]]
                                                                              Slow              8.000       0.913      7.087
16  124       [get_cells [list {u_udp/u0/mac_send/data_fifo/U0/inst_fifo_gen/gconvfifo.rf/grf.rf/gntv_or_sync_fifo.gcx.clkx/wr_pntr_cdc_inst/src_gray_ff_reg[0]} \
          {u_udp/u0/mac_send/data_fifo/U0/inst_fifo_gen/gconvfifo.rf/grf.rf/gntv_or_sync_fifo.gcx.clkx/wr_pntr_cdc_inst/src_gray_ff_reg[10]} \
          {u_udp/u0/mac_send/data_fifo/U0/inst_fifo_gen/gconvfifo.rf/grf.rf/gntv_or_sync_fifo.gcx.clkx/wr_pntr_cdc_inst/src_gray_ff_reg[11]} \
          {u_udp/u0/mac_send/data_fifo/U0/inst_fifo_gen/gconvfifo.rf/grf.rf/gntv_or_sync_fifo.gcx.clkx/wr_pntr_cdc_inst/src_gray_ff_reg[1]} \
          {u_udp/u0/mac_send/data_fifo/U0/inst_fifo_gen/gconvfifo.rf/grf.rf/gntv_or_sync_fifo.gcx.clkx/wr_pntr_cdc_inst/src_gray_ff_reg[2]} \
          {u_udp/u0/mac_send/data_fifo/U0/inst_fifo_gen/gconvfifo.rf/grf.rf/gntv_or_sync_fifo.gcx.clkx/wr_pntr_cdc_inst/src_gray_ff_reg[3]} \
          {u_udp/u0/mac_send/data_fifo/U0/inst_fifo_gen/gconvfifo.rf/grf.rf/gntv_or_sync_fifo.gcx.clkx/wr_pntr_cdc_inst/src_gray_ff_reg[4]} \
          {u_udp/u0/mac_send/data_fifo/U0/inst_fifo_gen/gconvfifo.rf/grf.rf/gntv_or_sync_fifo.gcx.clkx/wr_pntr_cdc_inst/src_gray_ff_reg[5]} \
          {u_udp/u0/mac_send/data_fifo/U0/inst_fifo_gen/gconvfifo.rf/grf.rf/gntv_or_sync_fifo.gcx.clkx/wr_pntr_cdc_inst/src_gray_ff_reg[6]} \
          {u_udp/u0/mac_send/data_fifo/U0/inst_fifo_gen/gconvfifo.rf/grf.rf/gntv_or_sync_fifo.gcx.clkx/wr_pntr_cdc_inst/src_gray_ff_reg[7]} \
          {u_udp/u0/mac_send/data_fifo/U0/inst_fifo_gen/gconvfifo.rf/grf.rf/gntv_or_sync_fifo.gcx.clkx/wr_pntr_cdc_inst/src_gray_ff_reg[8]} \
          {u_udp/u0/mac_send/data_fifo/U0/inst_fifo_gen/gconvfifo.rf/grf.rf/gntv_or_sync_fifo.gcx.clkx/wr_pntr_cdc_inst/src_gray_ff_reg[9]}]]
                                              [get_cells [list {u_udp/u0/mac_send/data_fifo/U0/inst_fifo_gen/gconvfifo.rf/grf.rf/gntv_or_sync_fifo.gcx.clkx/wr_pntr_cdc_inst/dest_graysync_ff_reg[0][0]} \
          {u_udp/u0/mac_send/data_fifo/U0/inst_fifo_gen/gconvfifo.rf/grf.rf/gntv_or_sync_fifo.gcx.clkx/wr_pntr_cdc_inst/dest_graysync_ff_reg[0][10]} \
          {u_udp/u0/mac_send/data_fifo/U0/inst_fifo_gen/gconvfifo.rf/grf.rf/gntv_or_sync_fifo.gcx.clkx/wr_pntr_cdc_inst/dest_graysync_ff_reg[0][11]} \
          {u_udp/u0/mac_send/data_fifo/U0/inst_fifo_gen/gconvfifo.rf/grf.rf/gntv_or_sync_fifo.gcx.clkx/wr_pntr_cdc_inst/dest_graysync_ff_reg[0][1]} \
          {u_udp/u0/mac_send/data_fifo/U0/inst_fifo_gen/gconvfifo.rf/grf.rf/gntv_or_sync_fifo.gcx.clkx/wr_pntr_cdc_inst/dest_graysync_ff_reg[0][2]} \
          {u_udp/u0/mac_send/data_fifo/U0/inst_fifo_gen/gconvfifo.rf/grf.rf/gntv_or_sync_fifo.gcx.clkx/wr_pntr_cdc_inst/dest_graysync_ff_reg[0][3]} \
          {u_udp/u0/mac_send/data_fifo/U0/inst_fifo_gen/gconvfifo.rf/grf.rf/gntv_or_sync_fifo.gcx.clkx/wr_pntr_cdc_inst/dest_graysync_ff_reg[0][4]} \
          {u_udp/u0/mac_send/data_fifo/U0/inst_fifo_gen/gconvfifo.rf/grf.rf/gntv_or_sync_fifo.gcx.clkx/wr_pntr_cdc_inst/dest_graysync_ff_reg[0][5]} \
          {u_udp/u0/mac_send/data_fifo/U0/inst_fifo_gen/gconvfifo.rf/grf.rf/gntv_or_sync_fifo.gcx.clkx/wr_pntr_cdc_inst/dest_graysync_ff_reg[0][6]} \
          {u_udp/u0/mac_send/data_fifo/U0/inst_fifo_gen/gconvfifo.rf/grf.rf/gntv_or_sync_fifo.gcx.clkx/wr_pntr_cdc_inst/dest_graysync_ff_reg[0][7]} \
          {u_udp/u0/mac_send/data_fifo/U0/inst_fifo_gen/gconvfifo.rf/grf.rf/gntv_or_sync_fifo.gcx.clkx/wr_pntr_cdc_inst/dest_graysync_ff_reg[0][8]} \
          {u_udp/u0/mac_send/data_fifo/U0/inst_fifo_gen/gconvfifo.rf/grf.rf/gntv_or_sync_fifo.gcx.clkx/wr_pntr_cdc_inst/dest_graysync_ff_reg[0][9]}]]
                                                                              Slow              8.000       1.038      6.962
17  145       [get_cells [list {dbg_hub/inst/BSCANID.u_xsdbm_id/CORE_XSDB.UUT_MASTER/U_ICON_INTERFACE/U_CMD6_RD/U_RD_FIFO/SUBCORE_FIFO.xsdbm_v3_0_0_rdfifo_inst/inst_fifo_gen/gconvfifo.rf/grf.rf/gntv_or_sync_fifo.gcx.clkx/gnxpm_cdc.rd_pntr_gc_reg[0]} {dbg_hub/inst/BSCANID.u_xsdbm_id/CORE_XSDB.UUT_MASTER/U_ICON_INTERFACE/U_CMD6_RD/U_RD_FIFO/SUBCORE_FIFO.xsdbm_v3_0_0_rdfifo_inst/inst_fifo_gen/gconvfifo.rf/grf.rf/gntv_or_sync_fifo.gcx.clkx/gnxpm_cdc.rd_pntr_gc_reg[1]} {dbg_hub/inst/BSCANID.u_xsdbm_id/CORE_XSDB.UUT_MASTER/U_ICON_INTERFACE/U_CMD6_RD/U_RD_FIFO/SUBCORE_FIFO.xsdbm_v3_0_0_rdfifo_inst/inst_fifo_gen/gconvfifo.rf/grf.rf/gntv_or_sync_fifo.gcx.clkx/gnxpm_cdc.rd_pntr_gc_reg[2]} {dbg_hub/inst/BSCANID.u_xsdbm_id/CORE_XSDB.UUT_MASTER/U_ICON_INTERFACE/U_CMD6_RD/U_RD_FIFO/SUBCORE_FIFO.xsdbm_v3_0_0_rdfifo_inst/inst_fifo_gen/gconvfifo.rf/grf.rf/gntv_or_sync_fifo.gcx.clkx/gnxpm_cdc.rd_pntr_gc_reg[3]}]]
                                              [get_cells [list {dbg_hub/inst/BSCANID.u_xsdbm_id/CORE_XSDB.UUT_MASTER/U_ICON_INTERFACE/U_CMD6_RD/U_RD_FIFO/SUBCORE_FIFO.xsdbm_v3_0_0_rdfifo_inst/inst_fifo_gen/gconvfifo.rf/grf.rf/gntv_or_sync_fifo.gcx.clkx/gnxpm_cdc.gsync_stage[1].wr_stg_inst/Q_reg_reg[0]} {dbg_hub/inst/BSCANID.u_xsdbm_id/CORE_XSDB.UUT_MASTER/U_ICON_INTERFACE/U_CMD6_RD/U_RD_FIFO/SUBCORE_FIFO.xsdbm_v3_0_0_rdfifo_inst/inst_fifo_gen/gconvfifo.rf/grf.rf/gntv_or_sync_fifo.gcx.clkx/gnxpm_cdc.gsync_stage[1].wr_stg_inst/Q_reg_reg[1]} {dbg_hub/inst/BSCANID.u_xsdbm_id/CORE_XSDB.UUT_MASTER/U_ICON_INTERFACE/U_CMD6_RD/U_RD_FIFO/SUBCORE_FIFO.xsdbm_v3_0_0_rdfifo_inst/inst_fifo_gen/gconvfifo.rf/grf.rf/gntv_or_sync_fifo.gcx.clkx/gnxpm_cdc.gsync_stage[1].wr_stg_inst/Q_reg_reg[2]} {dbg_hub/inst/BSCANID.u_xsdbm_id/CORE_XSDB.UUT_MASTER/U_ICON_INTERFACE/U_CMD6_RD/U_RD_FIFO/SUBCORE_FIFO.xsdbm_v3_0_0_rdfifo_inst/inst_fifo_gen/gconvfifo.rf/grf.rf/gntv_or_sync_fifo.gcx.clkx/gnxpm_cdc.gsync_stage[1].wr_stg_inst/Q_reg_reg[3]}]]
                                                                              Slow             10.000       0.709      9.291
18  147       [get_cells [list {dbg_hub/inst/BSCANID.u_xsdbm_id/CORE_XSDB.UUT_MASTER/U_ICON_INTERFACE/U_CMD6_RD/U_RD_FIFO/SUBCORE_FIFO.xsdbm_v3_0_0_rdfifo_inst/inst_fifo_gen/gconvfifo.rf/grf.rf/gntv_or_sync_fifo.gcx.clkx/gnxpm_cdc.wr_pntr_gc_reg[0]} {dbg_hub/inst/BSCANID.u_xsdbm_id/CORE_XSDB.UUT_MASTER/U_ICON_INTERFACE/U_CMD6_RD/U_RD_FIFO/SUBCORE_FIFO.xsdbm_v3_0_0_rdfifo_inst/inst_fifo_gen/gconvfifo.rf/grf.rf/gntv_or_sync_fifo.gcx.clkx/gnxpm_cdc.wr_pntr_gc_reg[1]} {dbg_hub/inst/BSCANID.u_xsdbm_id/CORE_XSDB.UUT_MASTER/U_ICON_INTERFACE/U_CMD6_RD/U_RD_FIFO/SUBCORE_FIFO.xsdbm_v3_0_0_rdfifo_inst/inst_fifo_gen/gconvfifo.rf/grf.rf/gntv_or_sync_fifo.gcx.clkx/gnxpm_cdc.wr_pntr_gc_reg[2]} {dbg_hub/inst/BSCANID.u_xsdbm_id/CORE_XSDB.UUT_MASTER/U_ICON_INTERFACE/U_CMD6_RD/U_RD_FIFO/SUBCORE_FIFO.xsdbm_v3_0_0_rdfifo_inst/inst_fifo_gen/gconvfifo.rf/grf.rf/gntv_or_sync_fifo.gcx.clkx/gnxpm_cdc.wr_pntr_gc_reg[3]}]]
                                              [get_cells [list {dbg_hub/inst/BSCANID.u_xsdbm_id/CORE_XSDB.UUT_MASTER/U_ICON_INTERFACE/U_CMD6_RD/U_RD_FIFO/SUBCORE_FIFO.xsdbm_v3_0_0_rdfifo_inst/inst_fifo_gen/gconvfifo.rf/grf.rf/gntv_or_sync_fifo.gcx.clkx/gnxpm_cdc.gsync_stage[1].rd_stg_inst/Q_reg_reg[0]} {dbg_hub/inst/BSCANID.u_xsdbm_id/CORE_XSDB.UUT_MASTER/U_ICON_INTERFACE/U_CMD6_RD/U_RD_FIFO/SUBCORE_FIFO.xsdbm_v3_0_0_rdfifo_inst/inst_fifo_gen/gconvfifo.rf/grf.rf/gntv_or_sync_fifo.gcx.clkx/gnxpm_cdc.gsync_stage[1].rd_stg_inst/Q_reg_reg[1]} {dbg_hub/inst/BSCANID.u_xsdbm_id/CORE_XSDB.UUT_MASTER/U_ICON_INTERFACE/U_CMD6_RD/U_RD_FIFO/SUBCORE_FIFO.xsdbm_v3_0_0_rdfifo_inst/inst_fifo_gen/gconvfifo.rf/grf.rf/gntv_or_sync_fifo.gcx.clkx/gnxpm_cdc.gsync_stage[1].rd_stg_inst/Q_reg_reg[2]} {dbg_hub/inst/BSCANID.u_xsdbm_id/CORE_XSDB.UUT_MASTER/U_ICON_INTERFACE/U_CMD6_RD/U_RD_FIFO/SUBCORE_FIFO.xsdbm_v3_0_0_rdfifo_inst/inst_fifo_gen/gconvfifo.rf/grf.rf/gntv_or_sync_fifo.gcx.clkx/gnxpm_cdc.gsync_stage[1].rd_stg_inst/Q_reg_reg[3]}]]
                                                                              Slow             10.000       0.639      9.361
19  150       [get_cells [list {dbg_hub/inst/BSCANID.u_xsdbm_id/CORE_XSDB.UUT_MASTER/U_ICON_INTERFACE/U_CMD6_WR/U_WR_FIFO/SUBCORE_FIFO.xsdbm_v3_0_0_wrfifo_inst/inst_fifo_gen/gconvfifo.rf/grf.rf/gntv_or_sync_fifo.gcx.clkx/gnxpm_cdc.rd_pntr_gc_reg[0]} {dbg_hub/inst/BSCANID.u_xsdbm_id/CORE_XSDB.UUT_MASTER/U_ICON_INTERFACE/U_CMD6_WR/U_WR_FIFO/SUBCORE_FIFO.xsdbm_v3_0_0_wrfifo_inst/inst_fifo_gen/gconvfifo.rf/grf.rf/gntv_or_sync_fifo.gcx.clkx/gnxpm_cdc.rd_pntr_gc_reg[1]} {dbg_hub/inst/BSCANID.u_xsdbm_id/CORE_XSDB.UUT_MASTER/U_ICON_INTERFACE/U_CMD6_WR/U_WR_FIFO/SUBCORE_FIFO.xsdbm_v3_0_0_wrfifo_inst/inst_fifo_gen/gconvfifo.rf/grf.rf/gntv_or_sync_fifo.gcx.clkx/gnxpm_cdc.rd_pntr_gc_reg[2]} {dbg_hub/inst/BSCANID.u_xsdbm_id/CORE_XSDB.UUT_MASTER/U_ICON_INTERFACE/U_CMD6_WR/U_WR_FIFO/SUBCORE_FIFO.xsdbm_v3_0_0_wrfifo_inst/inst_fifo_gen/gconvfifo.rf/grf.rf/gntv_or_sync_fifo.gcx.clkx/gnxpm_cdc.rd_pntr_gc_reg[3]}]]
                                              [get_cells [list {dbg_hub/inst/BSCANID.u_xsdbm_id/CORE_XSDB.UUT_MASTER/U_ICON_INTERFACE/U_CMD6_WR/U_WR_FIFO/SUBCORE_FIFO.xsdbm_v3_0_0_wrfifo_inst/inst_fifo_gen/gconvfifo.rf/grf.rf/gntv_or_sync_fifo.gcx.clkx/gnxpm_cdc.gsync_stage[1].wr_stg_inst/Q_reg_reg[0]} {dbg_hub/inst/BSCANID.u_xsdbm_id/CORE_XSDB.UUT_MASTER/U_ICON_INTERFACE/U_CMD6_WR/U_WR_FIFO/SUBCORE_FIFO.xsdbm_v3_0_0_wrfifo_inst/inst_fifo_gen/gconvfifo.rf/grf.rf/gntv_or_sync_fifo.gcx.clkx/gnxpm_cdc.gsync_stage[1].wr_stg_inst/Q_reg_reg[1]} {dbg_hub/inst/BSCANID.u_xsdbm_id/CORE_XSDB.UUT_MASTER/U_ICON_INTERFACE/U_CMD6_WR/U_WR_FIFO/SUBCORE_FIFO.xsdbm_v3_0_0_wrfifo_inst/inst_fifo_gen/gconvfifo.rf/grf.rf/gntv_or_sync_fifo.gcx.clkx/gnxpm_cdc.gsync_stage[1].wr_stg_inst/Q_reg_reg[2]} {dbg_hub/inst/BSCANID.u_xsdbm_id/CORE_XSDB.UUT_MASTER/U_ICON_INTERFACE/U_CMD6_WR/U_WR_FIFO/SUBCORE_FIFO.xsdbm_v3_0_0_wrfifo_inst/inst_fifo_gen/gconvfifo.rf/grf.rf/gntv_or_sync_fifo.gcx.clkx/gnxpm_cdc.gsync_stage[1].wr_stg_inst/Q_reg_reg[3]}]]
                                                                              Slow             10.000       0.807      9.193
20  152       [get_cells [list {dbg_hub/inst/BSCANID.u_xsdbm_id/CORE_XSDB.UUT_MASTER/U_ICON_INTERFACE/U_CMD6_WR/U_WR_FIFO/SUBCORE_FIFO.xsdbm_v3_0_0_wrfifo_inst/inst_fifo_gen/gconvfifo.rf/grf.rf/gntv_or_sync_fifo.gcx.clkx/gnxpm_cdc.wr_pntr_gc_reg[0]} {dbg_hub/inst/BSCANID.u_xsdbm_id/CORE_XSDB.UUT_MASTER/U_ICON_INTERFACE/U_CMD6_WR/U_WR_FIFO/SUBCORE_FIFO.xsdbm_v3_0_0_wrfifo_inst/inst_fifo_gen/gconvfifo.rf/grf.rf/gntv_or_sync_fifo.gcx.clkx/gnxpm_cdc.wr_pntr_gc_reg[1]} {dbg_hub/inst/BSCANID.u_xsdbm_id/CORE_XSDB.UUT_MASTER/U_ICON_INTERFACE/U_CMD6_WR/U_WR_FIFO/SUBCORE_FIFO.xsdbm_v3_0_0_wrfifo_inst/inst_fifo_gen/gconvfifo.rf/grf.rf/gntv_or_sync_fifo.gcx.clkx/gnxpm_cdc.wr_pntr_gc_reg[2]} {dbg_hub/inst/BSCANID.u_xsdbm_id/CORE_XSDB.UUT_MASTER/U_ICON_INTERFACE/U_CMD6_WR/U_WR_FIFO/SUBCORE_FIFO.xsdbm_v3_0_0_wrfifo_inst/inst_fifo_gen/gconvfifo.rf/grf.rf/gntv_or_sync_fifo.gcx.clkx/gnxpm_cdc.wr_pntr_gc_reg[3]}]]
                                              [get_cells [list {dbg_hub/inst/BSCANID.u_xsdbm_id/CORE_XSDB.UUT_MASTER/U_ICON_INTERFACE/U_CMD6_WR/U_WR_FIFO/SUBCORE_FIFO.xsdbm_v3_0_0_wrfifo_inst/inst_fifo_gen/gconvfifo.rf/grf.rf/gntv_or_sync_fifo.gcx.clkx/gnxpm_cdc.gsync_stage[1].rd_stg_inst/Q_reg_reg[0]} {dbg_hub/inst/BSCANID.u_xsdbm_id/CORE_XSDB.UUT_MASTER/U_ICON_INTERFACE/U_CMD6_WR/U_WR_FIFO/SUBCORE_FIFO.xsdbm_v3_0_0_wrfifo_inst/inst_fifo_gen/gconvfifo.rf/grf.rf/gntv_or_sync_fifo.gcx.clkx/gnxpm_cdc.gsync_stage[1].rd_stg_inst/Q_reg_reg[1]} {dbg_hub/inst/BSCANID.u_xsdbm_id/CORE_XSDB.UUT_MASTER/U_ICON_INTERFACE/U_CMD6_WR/U_WR_FIFO/SUBCORE_FIFO.xsdbm_v3_0_0_wrfifo_inst/inst_fifo_gen/gconvfifo.rf/grf.rf/gntv_or_sync_fifo.gcx.clkx/gnxpm_cdc.gsync_stage[1].rd_stg_inst/Q_reg_reg[2]} {dbg_hub/inst/BSCANID.u_xsdbm_id/CORE_XSDB.UUT_MASTER/U_ICON_INTERFACE/U_CMD6_WR/U_WR_FIFO/SUBCORE_FIFO.xsdbm_v3_0_0_wrfifo_inst/inst_fifo_gen/gconvfifo.rf/grf.rf/gntv_or_sync_fifo.gcx.clkx/gnxpm_cdc.gsync_stage[1].rd_stg_inst/Q_reg_reg[3]}]]
                                                                              Slow             10.000       0.749      9.251


2. Bus Skew Report Per Constraint
---------------------------------

Id: 1
set_bus_skew -from [get_cells [list {u_adma/axi_wr_channel/wr_buffer/wr_data_fifo/U0/inst_fifo_gen/gconvfifo.rf/grf.rf/gntv_or_sync_fifo.gcx.clkx/rd_pntr_cdc_inst/src_gray_ff_reg[0]} {u_adma/axi_wr_channel/wr_buffer/wr_data_fifo/U0/inst_fifo_gen/gconvfifo.rf/grf.rf/gntv_or_sync_fifo.gcx.clkx/rd_pntr_cdc_inst/src_gray_ff_reg[1]} {u_adma/axi_wr_channel/wr_buffer/wr_data_fifo/U0/inst_fifo_gen/gconvfifo.rf/grf.rf/gntv_or_sync_fifo.gcx.clkx/rd_pntr_cdc_inst/src_gray_ff_reg[2]} {u_adma/axi_wr_channel/wr_buffer/wr_data_fifo/U0/inst_fifo_gen/gconvfifo.rf/grf.rf/gntv_or_sync_fifo.gcx.clkx/rd_pntr_cdc_inst/src_gray_ff_reg[3]} {u_adma/axi_wr_channel/wr_buffer/wr_data_fifo/U0/inst_fifo_gen/gconvfifo.rf/grf.rf/gntv_or_sync_fifo.gcx.clkx/rd_pntr_cdc_inst/src_gray_ff_reg[4]} {u_adma/axi_wr_channel/wr_buffer/wr_data_fifo/U0/inst_fifo_gen/gconvfifo.rf/grf.rf/gntv_or_sync_fifo.gcx.clkx/rd_pntr_cdc_inst/src_gray_ff_reg[5]} {u_adma/axi_wr_channel/wr_buffer/wr_data_fifo/U0/inst_fifo_gen/gconvfifo.rf/grf.rf/gntv_or_sync_fifo.gcx.clkx/rd_pntr_cdc_inst/src_gray_ff_reg[6]} {u_adma/axi_wr_channel/wr_buffer/wr_data_fifo/U0/inst_fifo_gen/gconvfifo.rf/grf.rf/gntv_or_sync_fifo.gcx.clkx/rd_pntr_cdc_inst/src_gray_ff_reg[7]} {u_adma/axi_wr_channel/wr_buffer/wr_data_fifo/U0/inst_fifo_gen/gconvfifo.rf/grf.rf/gntv_or_sync_fifo.gcx.clkx/rd_pntr_cdc_inst/src_gray_ff_reg[8]}]] -to [get_cells [list {u_adma/axi_wr_channel/wr_buffer/wr_data_fifo/U0/inst_fifo_gen/gconvfifo.rf/grf.rf/gntv_or_sync_fifo.gcx.clkx/rd_pntr_cdc_inst/dest_graysync_ff_reg[0][0]} {u_adma/axi_wr_channel/wr_buffer/wr_data_fifo/U0/inst_fifo_gen/gconvfifo.rf/grf.rf/gntv_or_sync_fifo.gcx.clkx/rd_pntr_cdc_inst/dest_graysync_ff_reg[0][1]} {u_adma/axi_wr_channel/wr_buffer/wr_data_fifo/U0/inst_fifo_gen/gconvfifo.rf/grf.rf/gntv_or_sync_fifo.gcx.clkx/rd_pntr_cdc_inst/dest_graysync_ff_reg[0][2]} {u_adma/axi_wr_channel/wr_buffer/wr_data_fifo/U0/inst_fifo_gen/gconvfifo.rf/grf.rf/gntv_or_sync_fifo.gcx.clkx/rd_pntr_cdc_inst/dest_graysync_ff_reg[0][3]} {u_adma/axi_wr_channel/wr_buffer/wr_data_fifo/U0/inst_fifo_gen/gconvfifo.rf/grf.rf/gntv_or_sync_fifo.gcx.clkx/rd_pntr_cdc_inst/dest_graysync_ff_reg[0][4]} {u_adma/axi_wr_channel/wr_buffer/wr_data_fifo/U0/inst_fifo_gen/gconvfifo.rf/grf.rf/gntv_or_sync_fifo.gcx.clkx/rd_pntr_cdc_inst/dest_graysync_ff_reg[0][5]} {u_adma/axi_wr_channel/wr_buffer/wr_data_fifo/U0/inst_fifo_gen/gconvfifo.rf/grf.rf/gntv_or_sync_fifo.gcx.clkx/rd_pntr_cdc_inst/dest_graysync_ff_reg[0][6]} {u_adma/axi_wr_channel/wr_buffer/wr_data_fifo/U0/inst_fifo_gen/gconvfifo.rf/grf.rf/gntv_or_sync_fifo.gcx.clkx/rd_pntr_cdc_inst/dest_graysync_ff_reg[0][7]} {u_adma/axi_wr_channel/wr_buffer/wr_data_fifo/U0/inst_fifo_gen/gconvfifo.rf/grf.rf/gntv_or_sync_fifo.gcx.clkx/rd_pntr_cdc_inst/dest_graysync_ff_reg[0][8]}]] 8.000
Requirement: 8.000ns
Endpoints: 9

From Clock            To Clock              Endpoint Pin                    Reference Pin                   Corner  Actual(ns)  Slack(ns)
--------------------  --------------------  ------------------------------  ------------------------------  ------  ----------  ---------
clk_pll_i             clk_out2_clk_wiz_0    u_adma/axi_wr_channel/wr_buffer/wr_data_fifo/U0/inst_fifo_gen/gconvfifo.rf/grf.rf/gntv_or_sync_fifo.gcx.clkx/rd_pntr_cdc_inst/dest_graysync_ff_reg[0][1]/D
                                                                            u_adma/axi_wr_channel/wr_buffer/wr_data_fifo/U0/inst_fifo_gen/gconvfifo.rf/grf.rf/gntv_or_sync_fifo.gcx.clkx/rd_pntr_cdc_inst/dest_graysync_ff_reg[0][8]/D
                                                                                                            Slow         1.155      6.845


Slack (MET) :             6.845ns  (requirement - actual skew)
  Endpoint Source:        u_adma/axi_wr_channel/wr_buffer/wr_data_fifo/U0/inst_fifo_gen/gconvfifo.rf/grf.rf/gntv_or_sync_fifo.gcx.clkx/rd_pntr_cdc_inst/src_gray_ff_reg[1]/C
                            (rising edge-triggered cell FDRE clocked by clk_pll_i)
  Endpoint Destination:   u_adma/axi_wr_channel/wr_buffer/wr_data_fifo/U0/inst_fifo_gen/gconvfifo.rf/grf.rf/gntv_or_sync_fifo.gcx.clkx/rd_pntr_cdc_inst/dest_graysync_ff_reg[0][1]/D
                            (rising edge-triggered cell FDRE clocked by clk_out2_clk_wiz_0)
  Reference Source:       u_adma/axi_wr_channel/wr_buffer/wr_data_fifo/U0/inst_fifo_gen/gconvfifo.rf/grf.rf/gntv_or_sync_fifo.gcx.clkx/rd_pntr_cdc_inst/src_gray_ff_reg[8]/C
                            (rising edge-triggered cell FDRE clocked by clk_pll_i)
  Reference Destination:  u_adma/axi_wr_channel/wr_buffer/wr_data_fifo/U0/inst_fifo_gen/gconvfifo.rf/grf.rf/gntv_or_sync_fifo.gcx.clkx/rd_pntr_cdc_inst/dest_graysync_ff_reg[0][8]/D
                            (rising edge-triggered cell FDRE clocked by clk_out2_clk_wiz_0)
  Path Type:              Bus Skew (Max at Slow Process Corner)
  Requirement:            8.000ns
  Endpoint Relative Delay:    3.305ns
  Reference Relative Delay:   1.924ns
  Relative CRPR:              0.505ns
  Uncertainty:                0.279ns
  Actual Bus Skew:            1.155ns  (Endpoint Relative Delay - Reference Relative Delay - Relative CRPR + Uncertainty)

Endpoint path:
    Location             Delay type                Incr(ns)  Path(ns)    Netlist Resource(s)
  -------------------------------------------------------------------    -------------------
                         (clock clk_pll_i rise edge)
                                                      0.000     0.000 r  
    R4                                                0.000     0.000 r  sys_clk (IN)
                         net (fo=0)                   0.000     0.000    u_clock_and_reset/clk_wiz_0/inst/clk_in1
    R4                   IBUF (Prop_ibuf_I_O)         1.432     1.432 r  u_clock_and_reset/clk_wiz_0/inst/clkin1_ibufg/O
                         net (fo=1, routed)           1.065     2.497    u_clock_and_reset/clk_wiz_0/inst/clk_in1_clk_wiz_0
    MMCME2_ADV_X1Y0      MMCME2_ADV (Prop_mmcme2_adv_CLKIN1_CLKOUT0)
                                                     -5.921    -3.424 r  u_clock_and_reset/clk_wiz_0/inst/mmcm_adv_inst/CLKOUT0
                         net (fo=1, routed)           1.421    -2.004    u_clock_and_reset/clk_wiz_0/inst/clk_out1_clk_wiz_0
    BUFGCTRL_X0Y1        BUFG (Prop_bufg_I_O)         0.081    -1.923 r  u_clock_and_reset/clk_wiz_0/inst/clkout1_buf/O
                         net (fo=64, routed)          1.394    -0.528    u_ddr3/u_mig/u_mig_7series_0_mig/u_ddr3_infrastructure/CLK
    PLLE2_ADV_X1Y1       PLLE2_ADV (Prop_plle2_adv_CLKIN1_CLKOUT3)
                                                      0.077    -0.451 r  u_ddr3/u_mig/u_mig_7series_0_mig/u_ddr3_infrastructure/plle2_i/CLKOUT3
                         net (fo=1, routed)           1.062     0.611    u_ddr3/u_mig/u_mig_7series_0_mig/u_ddr3_infrastructure/pll_clk3_out
    BUFHCE_X1Y12         BUFH (Prop_bufh_I_O)         0.106     0.717 r  u_ddr3/u_mig/u_mig_7series_0_mig/u_ddr3_infrastructure/u_bufh_pll_clk3/O
                         net (fo=1, routed)           0.702     1.419    u_ddr3/u_mig/u_mig_7series_0_mig/u_ddr3_infrastructure/pll_clk3
    MMCME2_ADV_X1Y1      MMCME2_ADV (Prop_mmcme2_adv_CLKIN1_CLKFBOUT)
                                                     -2.874    -1.455 r  u_ddr3/u_mig/u_mig_7series_0_mig/u_ddr3_infrastructure/gen_mmcm.mmcm_i/CLKFBOUT
                         net (fo=1, routed)           1.421    -0.035    u_ddr3/u_mig/u_mig_7series_0_mig/u_ddr3_infrastructure/clk_pll_i
    BUFGCTRL_X0Y16       BUFG (Prop_bufg_I_O)         0.081     0.046 r  u_ddr3/u_mig/u_mig_7series_0_mig/u_ddr3_infrastructure/u_bufg_clkdiv0/O
                         net (fo=18081, routed)       1.510     1.556    u_adma/axi_wr_channel/wr_buffer/wr_data_fifo/U0/inst_fifo_gen/gconvfifo.rf/grf.rf/gntv_or_sync_fifo.gcx.clkx/rd_pntr_cdc_inst/src_clk
    SLICE_X9Y116         FDRE                                         r  u_adma/axi_wr_channel/wr_buffer/wr_data_fifo/U0/inst_fifo_gen/gconvfifo.rf/grf.rf/gntv_or_sync_fifo.gcx.clkx/rd_pntr_cdc_inst/src_gray_ff_reg[1]/C
  -------------------------------------------------------------------    -------------------
    SLICE_X9Y116         FDRE (Prop_fdre_C_Q)         0.348     1.904 r  u_adma/axi_wr_channel/wr_buffer/wr_data_fifo/U0/inst_fifo_gen/gconvfifo.rf/grf.rf/gntv_or_sync_fifo.gcx.clkx/rd_pntr_cdc_inst/src_gray_ff_reg[1]/Q
                         net (fo=1, routed)           0.637     2.541    u_adma/axi_wr_channel/wr_buffer/wr_data_fifo/U0/inst_fifo_gen/gconvfifo.rf/grf.rf/gntv_or_sync_fifo.gcx.clkx/rd_pntr_cdc_inst/async_path[1]
    SLICE_X8Y116         FDRE                                         r  u_adma/axi_wr_channel/wr_buffer/wr_data_fifo/U0/inst_fifo_gen/gconvfifo.rf/grf.rf/gntv_or_sync_fifo.gcx.clkx/rd_pntr_cdc_inst/dest_graysync_ff_reg[0][1]/D
  -------------------------------------------------------------------    -------------------

                         (clock clk_out2_clk_wiz_0 rise edge)
                                                      0.000     0.000 r  
    R4                                                0.000     0.000 r  sys_clk (IN)
                         net (fo=0)                   0.000     0.000    u_clock_and_reset/clk_wiz_0/inst/clk_in1
    R4                   IBUF (Prop_ibuf_I_O)         1.366     1.366 r  u_clock_and_reset/clk_wiz_0/inst/clkin1_ibufg/O
                         net (fo=1, routed)           1.004     2.369    u_clock_and_reset/clk_wiz_0/inst/clk_in1_clk_wiz_0
    MMCME2_ADV_X1Y0      MMCME2_ADV (Prop_mmcme2_adv_CLKIN1_CLKOUT1)
                                                     -6.057    -3.688 r  u_clock_and_reset/clk_wiz_0/inst/mmcm_adv_inst/CLKOUT1
                         net (fo=1, routed)           1.352    -2.335    u_clock_and_reset/clk_wiz_0/inst/clk_out2_clk_wiz_0
    BUFGCTRL_X0Y0        BUFG (Prop_bufg_I_O)         0.077    -2.258 r  u_clock_and_reset/clk_wiz_0/inst/clkout2_buf/O
                         net (fo=2732, routed)        1.397    -0.861    u_adma/axi_wr_channel/wr_buffer/wr_data_fifo/U0/inst_fifo_gen/gconvfifo.rf/grf.rf/gntv_or_sync_fifo.gcx.clkx/rd_pntr_cdc_inst/dest_clk
    SLICE_X8Y116         FDRE                                         r  u_adma/axi_wr_channel/wr_buffer/wr_data_fifo/U0/inst_fifo_gen/gconvfifo.rf/grf.rf/gntv_or_sync_fifo.gcx.clkx/rd_pntr_cdc_inst/dest_graysync_ff_reg[0][1]/C
                         clock pessimism              0.263    -0.598    
    SLICE_X8Y116         FDRE (Setup_fdre_C_D)       -0.166    -0.764    u_adma/axi_wr_channel/wr_buffer/wr_data_fifo/U0/inst_fifo_gen/gconvfifo.rf/grf.rf/gntv_or_sync_fifo.gcx.clkx/rd_pntr_cdc_inst/dest_graysync_ff_reg[0][1]
  -------------------------------------------------------------------
                         data arrival                           2.541    
                         clock arrival                         -0.764    
  -------------------------------------------------------------------
                         relative delay                         3.305    

Reference path:
    Location             Delay type                Incr(ns)  Path(ns)    Netlist Resource(s)
  -------------------------------------------------------------------    -------------------
                         (clock clk_pll_i rise edge)
                                                      0.000     0.000 r  
    R4                                                0.000     0.000 r  sys_clk (IN)
                         net (fo=0)                   0.000     0.000    u_clock_and_reset/clk_wiz_0/inst/clk_in1
    R4                   IBUF (Prop_ibuf_I_O)         1.366     1.366 r  u_clock_and_reset/clk_wiz_0/inst/clkin1_ibufg/O
                         net (fo=1, routed)           1.004     2.369    u_clock_and_reset/clk_wiz_0/inst/clk_in1_clk_wiz_0
    MMCME2_ADV_X1Y0      MMCME2_ADV (Prop_mmcme2_adv_CLKIN1_CLKOUT0)
                                                     -6.057    -3.688 r  u_clock_and_reset/clk_wiz_0/inst/mmcm_adv_inst/CLKOUT0
                         net (fo=1, routed)           1.352    -2.335    u_clock_and_reset/clk_wiz_0/inst/clk_out1_clk_wiz_0
    BUFGCTRL_X0Y1        BUFG (Prop_bufg_I_O)         0.077    -2.258 r  u_clock_and_reset/clk_wiz_0/inst/clkout1_buf/O
                         net (fo=64, routed)          1.290    -0.968    u_ddr3/u_mig/u_mig_7series_0_mig/u_ddr3_infrastructure/CLK
    PLLE2_ADV_X1Y1       PLLE2_ADV (Prop_plle2_adv_CLKIN1_CLKOUT3)
                                                      0.073    -0.895 r  u_ddr3/u_mig/u_mig_7series_0_mig/u_ddr3_infrastructure/plle2_i/CLKOUT3
                         net (fo=1, routed)           0.929     0.034    u_ddr3/u_mig/u_mig_7series_0_mig/u_ddr3_infrastructure/pll_clk3_out
    BUFHCE_X1Y12         BUFH (Prop_bufh_I_O)         0.069     0.103 r  u_ddr3/u_mig/u_mig_7series_0_mig/u_ddr3_infrastructure/u_bufh_pll_clk3/O
                         net (fo=1, routed)           0.664     0.767    u_ddr3/u_mig/u_mig_7series_0_mig/u_ddr3_infrastructure/pll_clk3
    MMCME2_ADV_X1Y1      MMCME2_ADV (Prop_mmcme2_adv_CLKIN1_CLKFBOUT)
                                                     -2.699    -1.932 r  u_ddr3/u_mig/u_mig_7series_0_mig/u_ddr3_infrastructure/gen_mmcm.mmcm_i/CLKFBOUT
                         net (fo=1, routed)           1.352    -0.579    u_ddr3/u_mig/u_mig_7series_0_mig/u_ddr3_infrastructure/clk_pll_i
    BUFGCTRL_X0Y16       BUFG (Prop_bufg_I_O)         0.077    -0.502 r  u_ddr3/u_mig/u_mig_7series_0_mig/u_ddr3_infrastructure/u_bufg_clkdiv0/O
                         net (fo=18081, routed)       1.391     0.889    u_adma/axi_wr_channel/wr_buffer/wr_data_fifo/U0/inst_fifo_gen/gconvfifo.rf/grf.rf/gntv_or_sync_fifo.gcx.clkx/rd_pntr_cdc_inst/src_clk
    SLICE_X12Y120        FDRE                                         r  u_adma/axi_wr_channel/wr_buffer/wr_data_fifo/U0/inst_fifo_gen/gconvfifo.rf/grf.rf/gntv_or_sync_fifo.gcx.clkx/rd_pntr_cdc_inst/src_gray_ff_reg[8]/C
  -------------------------------------------------------------------    -------------------
    SLICE_X12Y120        FDRE (Prop_fdre_C_Q)         0.347     1.236 r  u_adma/axi_wr_channel/wr_buffer/wr_data_fifo/U0/inst_fifo_gen/gconvfifo.rf/grf.rf/gntv_or_sync_fifo.gcx.clkx/rd_pntr_cdc_inst/src_gray_ff_reg[8]/Q
                         net (fo=1, routed)           0.200     1.435    u_adma/axi_wr_channel/wr_buffer/wr_data_fifo/U0/inst_fifo_gen/gconvfifo.rf/grf.rf/gntv_or_sync_fifo.gcx.clkx/rd_pntr_cdc_inst/async_path[8]
    SLICE_X12Y119        FDRE                                         r  u_adma/axi_wr_channel/wr_buffer/wr_data_fifo/U0/inst_fifo_gen/gconvfifo.rf/grf.rf/gntv_or_sync_fifo.gcx.clkx/rd_pntr_cdc_inst/dest_graysync_ff_reg[0][8]/D
  -------------------------------------------------------------------    -------------------

                         (clock clk_out2_clk_wiz_0 rise edge)
                                                      0.000     0.000 r  
    R4                                                0.000     0.000 r  sys_clk (IN)
                         net (fo=0)                   0.000     0.000    u_clock_and_reset/clk_wiz_0/inst/clk_in1
    R4                   IBUF (Prop_ibuf_I_O)         1.432     1.432 r  u_clock_and_reset/clk_wiz_0/inst/clkin1_ibufg/O
                         net (fo=1, routed)           1.065     2.497    u_clock_and_reset/clk_wiz_0/inst/clk_in1_clk_wiz_0
    MMCME2_ADV_X1Y0      MMCME2_ADV (Prop_mmcme2_adv_CLKIN1_CLKOUT1)
                                                     -5.921    -3.424 r  u_clock_and_reset/clk_wiz_0/inst/mmcm_adv_inst/CLKOUT1
                         net (fo=1, routed)           1.421    -2.004    u_clock_and_reset/clk_wiz_0/inst/clk_out2_clk_wiz_0
    BUFGCTRL_X0Y0        BUFG (Prop_bufg_I_O)         0.081    -1.923 r  u_clock_and_reset/clk_wiz_0/inst/clkout2_buf/O
                         net (fo=2732, routed)        1.510    -0.413    u_adma/axi_wr_channel/wr_buffer/wr_data_fifo/U0/inst_fifo_gen/gconvfifo.rf/grf.rf/gntv_or_sync_fifo.gcx.clkx/rd_pntr_cdc_inst/dest_clk
    SLICE_X12Y119        FDRE                                         r  u_adma/axi_wr_channel/wr_buffer/wr_data_fifo/U0/inst_fifo_gen/gconvfifo.rf/grf.rf/gntv_or_sync_fifo.gcx.clkx/rd_pntr_cdc_inst/dest_graysync_ff_reg[0][8]/C
                         clock pessimism             -0.263    -0.676    
    SLICE_X12Y119        FDRE (Hold_fdre_C_D)         0.187    -0.489    u_adma/axi_wr_channel/wr_buffer/wr_data_fifo/U0/inst_fifo_gen/gconvfifo.rf/grf.rf/gntv_or_sync_fifo.gcx.clkx/rd_pntr_cdc_inst/dest_graysync_ff_reg[0][8]
  -------------------------------------------------------------------
                         data arrival                           1.435    
                         clock arrival                         -0.489    
  -------------------------------------------------------------------
                         relative delay                         1.924    



Id: 2
set_bus_skew -from [get_cells [list {u_adma/axi_wr_channel/wr_buffer/wr_data_fifo/U0/inst_fifo_gen/gconvfifo.rf/grf.rf/gntv_or_sync_fifo.gcx.clkx/wr_pntr_cdc_inst/src_gray_ff_reg[0]} {u_adma/axi_wr_channel/wr_buffer/wr_data_fifo/U0/inst_fifo_gen/gconvfifo.rf/grf.rf/gntv_or_sync_fifo.gcx.clkx/wr_pntr_cdc_inst/src_gray_ff_reg[1]} {u_adma/axi_wr_channel/wr_buffer/wr_data_fifo/U0/inst_fifo_gen/gconvfifo.rf/grf.rf/gntv_or_sync_fifo.gcx.clkx/wr_pntr_cdc_inst/src_gray_ff_reg[2]} {u_adma/axi_wr_channel/wr_buffer/wr_data_fifo/U0/inst_fifo_gen/gconvfifo.rf/grf.rf/gntv_or_sync_fifo.gcx.clkx/wr_pntr_cdc_inst/src_gray_ff_reg[3]} {u_adma/axi_wr_channel/wr_buffer/wr_data_fifo/U0/inst_fifo_gen/gconvfifo.rf/grf.rf/gntv_or_sync_fifo.gcx.clkx/wr_pntr_cdc_inst/src_gray_ff_reg[4]} {u_adma/axi_wr_channel/wr_buffer/wr_data_fifo/U0/inst_fifo_gen/gconvfifo.rf/grf.rf/gntv_or_sync_fifo.gcx.clkx/wr_pntr_cdc_inst/src_gray_ff_reg[5]} {u_adma/axi_wr_channel/wr_buffer/wr_data_fifo/U0/inst_fifo_gen/gconvfifo.rf/grf.rf/gntv_or_sync_fifo.gcx.clkx/wr_pntr_cdc_inst/src_gray_ff_reg[6]} {u_adma/axi_wr_channel/wr_buffer/wr_data_fifo/U0/inst_fifo_gen/gconvfifo.rf/grf.rf/gntv_or_sync_fifo.gcx.clkx/wr_pntr_cdc_inst/src_gray_ff_reg[7]} {u_adma/axi_wr_channel/wr_buffer/wr_data_fifo/U0/inst_fifo_gen/gconvfifo.rf/grf.rf/gntv_or_sync_fifo.gcx.clkx/wr_pntr_cdc_inst/src_gray_ff_reg[8]}]] -to [get_cells [list {u_adma/axi_wr_channel/wr_buffer/wr_data_fifo/U0/inst_fifo_gen/gconvfifo.rf/grf.rf/gntv_or_sync_fifo.gcx.clkx/wr_pntr_cdc_inst/dest_graysync_ff_reg[0][0]} {u_adma/axi_wr_channel/wr_buffer/wr_data_fifo/U0/inst_fifo_gen/gconvfifo.rf/grf.rf/gntv_or_sync_fifo.gcx.clkx/wr_pntr_cdc_inst/dest_graysync_ff_reg[0][1]} {u_adma/axi_wr_channel/wr_buffer/wr_data_fifo/U0/inst_fifo_gen/gconvfifo.rf/grf.rf/gntv_or_sync_fifo.gcx.clkx/wr_pntr_cdc_inst/dest_graysync_ff_reg[0][2]} {u_adma/axi_wr_channel/wr_buffer/wr_data_fifo/U0/inst_fifo_gen/gconvfifo.rf/grf.rf/gntv_or_sync_fifo.gcx.clkx/wr_pntr_cdc_inst/dest_graysync_ff_reg[0][3]} {u_adma/axi_wr_channel/wr_buffer/wr_data_fifo/U0/inst_fifo_gen/gconvfifo.rf/grf.rf/gntv_or_sync_fifo.gcx.clkx/wr_pntr_cdc_inst/dest_graysync_ff_reg[0][4]} {u_adma/axi_wr_channel/wr_buffer/wr_data_fifo/U0/inst_fifo_gen/gconvfifo.rf/grf.rf/gntv_or_sync_fifo.gcx.clkx/wr_pntr_cdc_inst/dest_graysync_ff_reg[0][5]} {u_adma/axi_wr_channel/wr_buffer/wr_data_fifo/U0/inst_fifo_gen/gconvfifo.rf/grf.rf/gntv_or_sync_fifo.gcx.clkx/wr_pntr_cdc_inst/dest_graysync_ff_reg[0][6]} {u_adma/axi_wr_channel/wr_buffer/wr_data_fifo/U0/inst_fifo_gen/gconvfifo.rf/grf.rf/gntv_or_sync_fifo.gcx.clkx/wr_pntr_cdc_inst/dest_graysync_ff_reg[0][7]} {u_adma/axi_wr_channel/wr_buffer/wr_data_fifo/U0/inst_fifo_gen/gconvfifo.rf/grf.rf/gntv_or_sync_fifo.gcx.clkx/wr_pntr_cdc_inst/dest_graysync_ff_reg[0][8]}]] 8.000
Requirement: 8.000ns
Endpoints: 9

From Clock            To Clock              Endpoint Pin                    Reference Pin                   Corner  Actual(ns)  Slack(ns)
--------------------  --------------------  ------------------------------  ------------------------------  ------  ----------  ---------
clk_out2_clk_wiz_0    clk_pll_i             u_adma/axi_wr_channel/wr_buffer/wr_data_fifo/U0/inst_fifo_gen/gconvfifo.rf/grf.rf/gntv_or_sync_fifo.gcx.clkx/wr_pntr_cdc_inst/dest_graysync_ff_reg[0][5]/D
                                                                            u_adma/axi_wr_channel/wr_buffer/wr_data_fifo/U0/inst_fifo_gen/gconvfifo.rf/grf.rf/gntv_or_sync_fifo.gcx.clkx/wr_pntr_cdc_inst/dest_graysync_ff_reg[0][8]/D
                                                                                                            Slow         0.905      7.095


Slack (MET) :             7.095ns  (requirement - actual skew)
  Endpoint Source:        u_adma/axi_wr_channel/wr_buffer/wr_data_fifo/U0/inst_fifo_gen/gconvfifo.rf/grf.rf/gntv_or_sync_fifo.gcx.clkx/wr_pntr_cdc_inst/src_gray_ff_reg[5]/C
                            (rising edge-triggered cell FDRE clocked by clk_out2_clk_wiz_0)
  Endpoint Destination:   u_adma/axi_wr_channel/wr_buffer/wr_data_fifo/U0/inst_fifo_gen/gconvfifo.rf/grf.rf/gntv_or_sync_fifo.gcx.clkx/wr_pntr_cdc_inst/dest_graysync_ff_reg[0][5]/D
                            (rising edge-triggered cell FDRE clocked by clk_pll_i)
  Reference Source:       u_adma/axi_wr_channel/wr_buffer/wr_data_fifo/U0/inst_fifo_gen/gconvfifo.rf/grf.rf/gntv_or_sync_fifo.gcx.clkx/wr_pntr_cdc_inst/src_gray_ff_reg[8]/C
                            (rising edge-triggered cell FDRE clocked by clk_out2_clk_wiz_0)
  Reference Destination:  u_adma/axi_wr_channel/wr_buffer/wr_data_fifo/U0/inst_fifo_gen/gconvfifo.rf/grf.rf/gntv_or_sync_fifo.gcx.clkx/wr_pntr_cdc_inst/dest_graysync_ff_reg[0][8]/D
                            (rising edge-triggered cell FDRE clocked by clk_pll_i)
  Path Type:              Bus Skew (Max at Slow Process Corner)
  Requirement:            8.000ns
  Endpoint Relative Delay:   -0.558ns
  Reference Relative Delay:  -1.797ns
  Relative CRPR:              0.562ns
  Uncertainty:                0.228ns
  Actual Bus Skew:            0.905ns  (Endpoint Relative Delay - Reference Relative Delay - Relative CRPR + Uncertainty)

Endpoint path:
    Location             Delay type                Incr(ns)  Path(ns)    Netlist Resource(s)
  -------------------------------------------------------------------    -------------------
                         (clock clk_out2_clk_wiz_0 rise edge)
                                                      0.000     0.000 r  
    R4                                                0.000     0.000 r  sys_clk (IN)
                         net (fo=0)                   0.000     0.000    u_clock_and_reset/clk_wiz_0/inst/clk_in1
    R4                   IBUF (Prop_ibuf_I_O)         1.432     1.432 r  u_clock_and_reset/clk_wiz_0/inst/clkin1_ibufg/O
                         net (fo=1, routed)           1.065     2.497    u_clock_and_reset/clk_wiz_0/inst/clk_in1_clk_wiz_0
    MMCME2_ADV_X1Y0      MMCME2_ADV (Prop_mmcme2_adv_CLKIN1_CLKOUT1)
                                                     -5.921    -3.424 r  u_clock_and_reset/clk_wiz_0/inst/mmcm_adv_inst/CLKOUT1
                         net (fo=1, routed)           1.421    -2.004    u_clock_and_reset/clk_wiz_0/inst/clk_out2_clk_wiz_0
    BUFGCTRL_X0Y0        BUFG (Prop_bufg_I_O)         0.081    -1.923 r  u_clock_and_reset/clk_wiz_0/inst/clkout2_buf/O
                         net (fo=2732, routed)        1.583    -0.340    u_adma/axi_wr_channel/wr_buffer/wr_data_fifo/U0/inst_fifo_gen/gconvfifo.rf/grf.rf/gntv_or_sync_fifo.gcx.clkx/wr_pntr_cdc_inst/src_clk
    SLICE_X7Y113         FDRE                                         r  u_adma/axi_wr_channel/wr_buffer/wr_data_fifo/U0/inst_fifo_gen/gconvfifo.rf/grf.rf/gntv_or_sync_fifo.gcx.clkx/wr_pntr_cdc_inst/src_gray_ff_reg[5]/C
  -------------------------------------------------------------------    -------------------
    SLICE_X7Y113         FDRE (Prop_fdre_C_Q)         0.348     0.008 r  u_adma/axi_wr_channel/wr_buffer/wr_data_fifo/U0/inst_fifo_gen/gconvfifo.rf/grf.rf/gntv_or_sync_fifo.gcx.clkx/wr_pntr_cdc_inst/src_gray_ff_reg[5]/Q
                         net (fo=1, routed)           0.492     0.500    u_adma/axi_wr_channel/wr_buffer/wr_data_fifo/U0/inst_fifo_gen/gconvfifo.rf/grf.rf/gntv_or_sync_fifo.gcx.clkx/wr_pntr_cdc_inst/async_path[5]
    SLICE_X6Y114         FDRE                                         r  u_adma/axi_wr_channel/wr_buffer/wr_data_fifo/U0/inst_fifo_gen/gconvfifo.rf/grf.rf/gntv_or_sync_fifo.gcx.clkx/wr_pntr_cdc_inst/dest_graysync_ff_reg[0][5]/D
  -------------------------------------------------------------------    -------------------

                         (clock clk_pll_i rise edge)
                                                      0.000     0.000 r  
    R4                                                0.000     0.000 r  sys_clk (IN)
                         net (fo=0)                   0.000     0.000    u_clock_and_reset/clk_wiz_0/inst/clk_in1
    R4                   IBUF (Prop_ibuf_I_O)         1.366     1.366 r  u_clock_and_reset/clk_wiz_0/inst/clkin1_ibufg/O
                         net (fo=1, routed)           1.004     2.369    u_clock_and_reset/clk_wiz_0/inst/clk_in1_clk_wiz_0
    MMCME2_ADV_X1Y0      MMCME2_ADV (Prop_mmcme2_adv_CLKIN1_CLKOUT0)
                                                     -6.057    -3.688 r  u_clock_and_reset/clk_wiz_0/inst/mmcm_adv_inst/CLKOUT0
                         net (fo=1, routed)           1.352    -2.335    u_clock_and_reset/clk_wiz_0/inst/clk_out1_clk_wiz_0
    BUFGCTRL_X0Y1        BUFG (Prop_bufg_I_O)         0.077    -2.258 r  u_clock_and_reset/clk_wiz_0/inst/clkout1_buf/O
                         net (fo=64, routed)          1.290    -0.968    u_ddr3/u_mig/u_mig_7series_0_mig/u_ddr3_infrastructure/CLK
    PLLE2_ADV_X1Y1       PLLE2_ADV (Prop_plle2_adv_CLKIN1_CLKOUT3)
                                                      0.073    -0.895 r  u_ddr3/u_mig/u_mig_7series_0_mig/u_ddr3_infrastructure/plle2_i/CLKOUT3
                         net (fo=1, routed)           0.929     0.034    u_ddr3/u_mig/u_mig_7series_0_mig/u_ddr3_infrastructure/pll_clk3_out
    BUFHCE_X1Y12         BUFH (Prop_bufh_I_O)         0.069     0.103 r  u_ddr3/u_mig/u_mig_7series_0_mig/u_ddr3_infrastructure/u_bufh_pll_clk3/O
                         net (fo=1, routed)           0.664     0.767    u_ddr3/u_mig/u_mig_7series_0_mig/u_ddr3_infrastructure/pll_clk3
    MMCME2_ADV_X1Y1      MMCME2_ADV (Prop_mmcme2_adv_CLKIN1_CLKFBOUT)
                                                     -2.699    -1.932 r  u_ddr3/u_mig/u_mig_7series_0_mig/u_ddr3_infrastructure/gen_mmcm.mmcm_i/CLKFBOUT
                         net (fo=1, routed)           1.352    -0.579    u_ddr3/u_mig/u_mig_7series_0_mig/u_ddr3_infrastructure/clk_pll_i
    BUFGCTRL_X0Y16       BUFG (Prop_bufg_I_O)         0.077    -0.502 r  u_ddr3/u_mig/u_mig_7series_0_mig/u_ddr3_infrastructure/u_bufg_clkdiv0/O
                         net (fo=18081, routed)       1.464     0.962    u_adma/axi_wr_channel/wr_buffer/wr_data_fifo/U0/inst_fifo_gen/gconvfifo.rf/grf.rf/gntv_or_sync_fifo.gcx.clkx/wr_pntr_cdc_inst/dest_clk
    SLICE_X6Y114         FDRE                                         r  u_adma/axi_wr_channel/wr_buffer/wr_data_fifo/U0/inst_fifo_gen/gconvfifo.rf/grf.rf/gntv_or_sync_fifo.gcx.clkx/wr_pntr_cdc_inst/dest_graysync_ff_reg[0][5]/C
                         clock pessimism              0.263     1.225    
    SLICE_X6Y114         FDRE (Setup_fdre_C_D)       -0.167     1.058    u_adma/axi_wr_channel/wr_buffer/wr_data_fifo/U0/inst_fifo_gen/gconvfifo.rf/grf.rf/gntv_or_sync_fifo.gcx.clkx/wr_pntr_cdc_inst/dest_graysync_ff_reg[0][5]
  -------------------------------------------------------------------
                         data arrival                           0.500    
                         clock arrival                          1.058    
  -------------------------------------------------------------------
                         relative delay                        -0.558    

Reference path:
    Location             Delay type                Incr(ns)  Path(ns)    Netlist Resource(s)
  -------------------------------------------------------------------    -------------------
                         (clock clk_out2_clk_wiz_0 rise edge)
                                                      0.000     0.000 r  
    R4                                                0.000     0.000 r  sys_clk (IN)
                         net (fo=0)                   0.000     0.000    u_clock_and_reset/clk_wiz_0/inst/clk_in1
    R4                   IBUF (Prop_ibuf_I_O)         1.366     1.366 r  u_clock_and_reset/clk_wiz_0/inst/clkin1_ibufg/O
                         net (fo=1, routed)           1.004     2.369    u_clock_and_reset/clk_wiz_0/inst/clk_in1_clk_wiz_0
    MMCME2_ADV_X1Y0      MMCME2_ADV (Prop_mmcme2_adv_CLKIN1_CLKOUT1)
                                                     -6.057    -3.688 r  u_clock_and_reset/clk_wiz_0/inst/mmcm_adv_inst/CLKOUT1
                         net (fo=1, routed)           1.352    -2.335    u_clock_and_reset/clk_wiz_0/inst/clk_out2_clk_wiz_0
    BUFGCTRL_X0Y0        BUFG (Prop_bufg_I_O)         0.077    -2.258 r  u_clock_and_reset/clk_wiz_0/inst/clkout2_buf/O
                         net (fo=2732, routed)        1.467    -0.791    u_adma/axi_wr_channel/wr_buffer/wr_data_fifo/U0/inst_fifo_gen/gconvfifo.rf/grf.rf/gntv_or_sync_fifo.gcx.clkx/wr_pntr_cdc_inst/src_clk
    SLICE_X7Y113         FDRE                                         r  u_adma/axi_wr_channel/wr_buffer/wr_data_fifo/U0/inst_fifo_gen/gconvfifo.rf/grf.rf/gntv_or_sync_fifo.gcx.clkx/wr_pntr_cdc_inst/src_gray_ff_reg[8]/C
  -------------------------------------------------------------------    -------------------
    SLICE_X7Y113         FDRE (Prop_fdre_C_Q)         0.304    -0.487 r  u_adma/axi_wr_channel/wr_buffer/wr_data_fifo/U0/inst_fifo_gen/gconvfifo.rf/grf.rf/gntv_or_sync_fifo.gcx.clkx/wr_pntr_cdc_inst/src_gray_ff_reg[8]/Q
                         net (fo=1, routed)           0.190    -0.298    u_adma/axi_wr_channel/wr_buffer/wr_data_fifo/U0/inst_fifo_gen/gconvfifo.rf/grf.rf/gntv_or_sync_fifo.gcx.clkx/wr_pntr_cdc_inst/async_path[8]
    SLICE_X5Y113         FDRE                                         r  u_adma/axi_wr_channel/wr_buffer/wr_data_fifo/U0/inst_fifo_gen/gconvfifo.rf/grf.rf/gntv_or_sync_fifo.gcx.clkx/wr_pntr_cdc_inst/dest_graysync_ff_reg[0][8]/D
  -------------------------------------------------------------------    -------------------

                         (clock clk_pll_i rise edge)
                                                      0.000     0.000 r  
    R4                                                0.000     0.000 r  sys_clk (IN)
                         net (fo=0)                   0.000     0.000    u_clock_and_reset/clk_wiz_0/inst/clk_in1
    R4                   IBUF (Prop_ibuf_I_O)         1.432     1.432 r  u_clock_and_reset/clk_wiz_0/inst/clkin1_ibufg/O
                         net (fo=1, routed)           1.065     2.497    u_clock_and_reset/clk_wiz_0/inst/clk_in1_clk_wiz_0
    MMCME2_ADV_X1Y0      MMCME2_ADV (Prop_mmcme2_adv_CLKIN1_CLKOUT0)
                                                     -5.921    -3.424 r  u_clock_and_reset/clk_wiz_0/inst/mmcm_adv_inst/CLKOUT0
                         net (fo=1, routed)           1.421    -2.004    u_clock_and_reset/clk_wiz_0/inst/clk_out1_clk_wiz_0
    BUFGCTRL_X0Y1        BUFG (Prop_bufg_I_O)         0.081    -1.923 r  u_clock_and_reset/clk_wiz_0/inst/clkout1_buf/O
                         net (fo=64, routed)          1.394    -0.528    u_ddr3/u_mig/u_mig_7series_0_mig/u_ddr3_infrastructure/CLK
    PLLE2_ADV_X1Y1       PLLE2_ADV (Prop_plle2_adv_CLKIN1_CLKOUT3)
                                                      0.077    -0.451 r  u_ddr3/u_mig/u_mig_7series_0_mig/u_ddr3_infrastructure/plle2_i/CLKOUT3
                         net (fo=1, routed)           1.062     0.611    u_ddr3/u_mig/u_mig_7series_0_mig/u_ddr3_infrastructure/pll_clk3_out
    BUFHCE_X1Y12         BUFH (Prop_bufh_I_O)         0.106     0.717 r  u_ddr3/u_mig/u_mig_7series_0_mig/u_ddr3_infrastructure/u_bufh_pll_clk3/O
                         net (fo=1, routed)           0.702     1.419    u_ddr3/u_mig/u_mig_7series_0_mig/u_ddr3_infrastructure/pll_clk3
    MMCME2_ADV_X1Y1      MMCME2_ADV (Prop_mmcme2_adv_CLKIN1_CLKFBOUT)
                                                     -2.874    -1.455 r  u_ddr3/u_mig/u_mig_7series_0_mig/u_ddr3_infrastructure/gen_mmcm.mmcm_i/CLKFBOUT
                         net (fo=1, routed)           1.421    -0.035    u_ddr3/u_mig/u_mig_7series_0_mig/u_ddr3_infrastructure/clk_pll_i
    BUFGCTRL_X0Y16       BUFG (Prop_bufg_I_O)         0.081     0.046 r  u_ddr3/u_mig/u_mig_7series_0_mig/u_ddr3_infrastructure/u_bufg_clkdiv0/O
                         net (fo=18081, routed)       1.580     1.626    u_adma/axi_wr_channel/wr_buffer/wr_data_fifo/U0/inst_fifo_gen/gconvfifo.rf/grf.rf/gntv_or_sync_fifo.gcx.clkx/wr_pntr_cdc_inst/dest_clk
    SLICE_X5Y113         FDRE                                         r  u_adma/axi_wr_channel/wr_buffer/wr_data_fifo/U0/inst_fifo_gen/gconvfifo.rf/grf.rf/gntv_or_sync_fifo.gcx.clkx/wr_pntr_cdc_inst/dest_graysync_ff_reg[0][8]/C
                         clock pessimism             -0.263     1.363    
    SLICE_X5Y113         FDRE (Hold_fdre_C_D)         0.136     1.499    u_adma/axi_wr_channel/wr_buffer/wr_data_fifo/U0/inst_fifo_gen/gconvfifo.rf/grf.rf/gntv_or_sync_fifo.gcx.clkx/wr_pntr_cdc_inst/dest_graysync_ff_reg[0][8]
  -------------------------------------------------------------------
                         data arrival                          -0.298    
                         clock arrival                          1.499    
  -------------------------------------------------------------------
                         relative delay                        -1.797    



Id: 3
set_bus_skew -from [get_cells [list {u_udp/u0/mac_receive/frame_fifo/U0/inst_fifo_gen/gconvfifo.rf/grf.rf/gntv_or_sync_fifo.gcx.clkx/rd_pntr_cdc_inst/src_gray_ff_reg[0]} {u_udp/u0/mac_receive/frame_fifo/U0/inst_fifo_gen/gconvfifo.rf/grf.rf/gntv_or_sync_fifo.gcx.clkx/rd_pntr_cdc_inst/src_gray_ff_reg[1]} {u_udp/u0/mac_receive/frame_fifo/U0/inst_fifo_gen/gconvfifo.rf/grf.rf/gntv_or_sync_fifo.gcx.clkx/rd_pntr_cdc_inst/src_gray_ff_reg[2]} {u_udp/u0/mac_receive/frame_fifo/U0/inst_fifo_gen/gconvfifo.rf/grf.rf/gntv_or_sync_fifo.gcx.clkx/rd_pntr_cdc_inst/src_gray_ff_reg[3]}]] -to [get_cells [list {u_udp/u0/mac_receive/frame_fifo/U0/inst_fifo_gen/gconvfifo.rf/grf.rf/gntv_or_sync_fifo.gcx.clkx/rd_pntr_cdc_inst/dest_graysync_ff_reg[0][0]} {u_udp/u0/mac_receive/frame_fifo/U0/inst_fifo_gen/gconvfifo.rf/grf.rf/gntv_or_sync_fifo.gcx.clkx/rd_pntr_cdc_inst/dest_graysync_ff_reg[0][1]} {u_udp/u0/mac_receive/frame_fifo/U0/inst_fifo_gen/gconvfifo.rf/grf.rf/gntv_or_sync_fifo.gcx.clkx/rd_pntr_cdc_inst/dest_graysync_ff_reg[0][2]} {u_udp/u0/mac_receive/frame_fifo/U0/inst_fifo_gen/gconvfifo.rf/grf.rf/gntv_or_sync_fifo.gcx.clkx/rd_pntr_cdc_inst/dest_graysync_ff_reg[0][3]}]] 8.000
Requirement: 8.000ns
Endpoints: 4

From Clock            To Clock              Endpoint Pin                    Reference Pin                   Corner  Actual(ns)  Slack(ns)
--------------------  --------------------  ------------------------------  ------------------------------  ------  ----------  ---------
clk_out2_clk_wiz_0    eth_rxc               u_udp/u0/mac_receive/frame_fifo/U0/inst_fifo_gen/gconvfifo.rf/grf.rf/gntv_or_sync_fifo.gcx.clkx/rd_pntr_cdc_inst/dest_graysync_ff_reg[0][1]/D
                                                                            u_udp/u0/mac_receive/frame_fifo/U0/inst_fifo_gen/gconvfifo.rf/grf.rf/gntv_or_sync_fifo.gcx.clkx/rd_pntr_cdc_inst/dest_graysync_ff_reg[0][2]/D
                                                                                                            Slow         0.765      7.235


Slack (MET) :             7.235ns  (requirement - actual skew)
  Endpoint Source:        u_udp/u0/mac_receive/frame_fifo/U0/inst_fifo_gen/gconvfifo.rf/grf.rf/gntv_or_sync_fifo.gcx.clkx/rd_pntr_cdc_inst/src_gray_ff_reg[1]/C
                            (rising edge-triggered cell FDRE clocked by clk_out2_clk_wiz_0)
  Endpoint Destination:   u_udp/u0/mac_receive/frame_fifo/U0/inst_fifo_gen/gconvfifo.rf/grf.rf/gntv_or_sync_fifo.gcx.clkx/rd_pntr_cdc_inst/dest_graysync_ff_reg[0][1]/D
                            (rising edge-triggered cell FDRE clocked by eth_rxc)
  Reference Source:       u_udp/u0/mac_receive/frame_fifo/U0/inst_fifo_gen/gconvfifo.rf/grf.rf/gntv_or_sync_fifo.gcx.clkx/rd_pntr_cdc_inst/src_gray_ff_reg[2]/C
                            (rising edge-triggered cell FDRE clocked by clk_out2_clk_wiz_0)
  Reference Destination:  u_udp/u0/mac_receive/frame_fifo/U0/inst_fifo_gen/gconvfifo.rf/grf.rf/gntv_or_sync_fifo.gcx.clkx/rd_pntr_cdc_inst/dest_graysync_ff_reg[0][2]/D
                            (rising edge-triggered cell FDRE clocked by eth_rxc)
  Path Type:              Bus Skew (Max at Slow Process Corner)
  Requirement:            8.000ns
  Endpoint Relative Delay:   -3.890ns
  Reference Relative Delay:  -5.084ns
  Relative CRPR:              0.666ns
  Uncertainty:                0.238ns
  Actual Bus Skew:            0.765ns  (Endpoint Relative Delay - Reference Relative Delay - Relative CRPR + Uncertainty)

Endpoint path:
    Location             Delay type                Incr(ns)  Path(ns)    Netlist Resource(s)
  -------------------------------------------------------------------    -------------------
                         (clock clk_out2_clk_wiz_0 rise edge)
                                                      0.000     0.000 r  
    R4                                                0.000     0.000 r  sys_clk (IN)
                         net (fo=0)                   0.000     0.000    u_clock_and_reset/clk_wiz_0/inst/clk_in1
    R4                   IBUF (Prop_ibuf_I_O)         1.432     1.432 r  u_clock_and_reset/clk_wiz_0/inst/clkin1_ibufg/O
                         net (fo=1, routed)           1.065     2.497    u_clock_and_reset/clk_wiz_0/inst/clk_in1_clk_wiz_0
    MMCME2_ADV_X1Y0      MMCME2_ADV (Prop_mmcme2_adv_CLKIN1_CLKOUT1)
                                                     -5.921    -3.424 r  u_clock_and_reset/clk_wiz_0/inst/mmcm_adv_inst/CLKOUT1
                         net (fo=1, routed)           1.421    -2.004    u_clock_and_reset/clk_wiz_0/inst/clk_out2_clk_wiz_0
    BUFGCTRL_X0Y0        BUFG (Prop_bufg_I_O)         0.081    -1.923 r  u_clock_and_reset/clk_wiz_0/inst/clkout2_buf/O
                         net (fo=2732, routed)        1.421    -0.502    u_udp/u0/mac_receive/frame_fifo/U0/inst_fifo_gen/gconvfifo.rf/grf.rf/gntv_or_sync_fifo.gcx.clkx/rd_pntr_cdc_inst/src_clk
    SLICE_X3Y24          FDRE                                         r  u_udp/u0/mac_receive/frame_fifo/U0/inst_fifo_gen/gconvfifo.rf/grf.rf/gntv_or_sync_fifo.gcx.clkx/rd_pntr_cdc_inst/src_gray_ff_reg[1]/C
  -------------------------------------------------------------------    -------------------
    SLICE_X3Y24          FDRE (Prop_fdre_C_Q)         0.348    -0.154 r  u_udp/u0/mac_receive/frame_fifo/U0/inst_fifo_gen/gconvfifo.rf/grf.rf/gntv_or_sync_fifo.gcx.clkx/rd_pntr_cdc_inst/src_gray_ff_reg[1]/Q
                         net (fo=1, routed)           0.407     0.253    u_udp/u0/mac_receive/frame_fifo/U0/inst_fifo_gen/gconvfifo.rf/grf.rf/gntv_or_sync_fifo.gcx.clkx/rd_pntr_cdc_inst/async_path[1]
    SLICE_X1Y24          FDRE                                         r  u_udp/u0/mac_receive/frame_fifo/U0/inst_fifo_gen/gconvfifo.rf/grf.rf/gntv_or_sync_fifo.gcx.clkx/rd_pntr_cdc_inst/dest_graysync_ff_reg[0][1]/D
  -------------------------------------------------------------------    -------------------

                         (clock eth_rxc rise edge)    0.000     0.000 r  
    W19                                               0.000     0.000 r  eth_rxc (IN)
                         net (fo=0)                   0.000     0.000    u_rgmii/u0/eth_rxc
    W19                  IBUF (Prop_ibuf_I_O)         1.357     1.357 r  u_rgmii/u0/rgmii_clk_ibuf/O
                         net (fo=2, routed)           1.604     2.962    u_rgmii/u0/phy_rgmii_rx_clk_ibuf
    BUFGCTRL_X0Y3        BUFG (Prop_bufg_I_O)         0.077     3.039 r  u_rgmii/u0/BUFG_rx_clk/O
                         net (fo=443, routed)         1.315     4.353    u_udp/u0/mac_receive/frame_fifo/U0/inst_fifo_gen/gconvfifo.rf/grf.rf/gntv_or_sync_fifo.gcx.clkx/rd_pntr_cdc_inst/dest_clk
    SLICE_X1Y24          FDRE                                         r  u_udp/u0/mac_receive/frame_fifo/U0/inst_fifo_gen/gconvfifo.rf/grf.rf/gntv_or_sync_fifo.gcx.clkx/rd_pntr_cdc_inst/dest_graysync_ff_reg[0][1]/C
                         clock pessimism              0.000     4.353    
    SLICE_X1Y24          FDRE (Setup_fdre_C_D)       -0.210     4.143    u_udp/u0/mac_receive/frame_fifo/U0/inst_fifo_gen/gconvfifo.rf/grf.rf/gntv_or_sync_fifo.gcx.clkx/rd_pntr_cdc_inst/dest_graysync_ff_reg[0][1]
  -------------------------------------------------------------------
                         data arrival                           0.253    
                         clock arrival                          4.143    
  -------------------------------------------------------------------
                         relative delay                        -3.890    

Reference path:
    Location             Delay type                Incr(ns)  Path(ns)    Netlist Resource(s)
  -------------------------------------------------------------------    -------------------
                         (clock clk_out2_clk_wiz_0 rise edge)
                                                      0.000     0.000 r  
    R4                                                0.000     0.000 r  sys_clk (IN)
                         net (fo=0)                   0.000     0.000    u_clock_and_reset/clk_wiz_0/inst/clk_in1
    R4                   IBUF (Prop_ibuf_I_O)         1.366     1.366 r  u_clock_and_reset/clk_wiz_0/inst/clkin1_ibufg/O
                         net (fo=1, routed)           1.004     2.369    u_clock_and_reset/clk_wiz_0/inst/clk_in1_clk_wiz_0
    MMCME2_ADV_X1Y0      MMCME2_ADV (Prop_mmcme2_adv_CLKIN1_CLKOUT1)
                                                     -6.057    -3.688 r  u_clock_and_reset/clk_wiz_0/inst/mmcm_adv_inst/CLKOUT1
                         net (fo=1, routed)           1.352    -2.335    u_clock_and_reset/clk_wiz_0/inst/clk_out2_clk_wiz_0
    BUFGCTRL_X0Y0        BUFG (Prop_bufg_I_O)         0.077    -2.258 r  u_clock_and_reset/clk_wiz_0/inst/clkout2_buf/O
                         net (fo=2732, routed)        1.315    -0.944    u_udp/u0/mac_receive/frame_fifo/U0/inst_fifo_gen/gconvfifo.rf/grf.rf/gntv_or_sync_fifo.gcx.clkx/rd_pntr_cdc_inst/src_clk
    SLICE_X3Y24          FDRE                                         r  u_udp/u0/mac_receive/frame_fifo/U0/inst_fifo_gen/gconvfifo.rf/grf.rf/gntv_or_sync_fifo.gcx.clkx/rd_pntr_cdc_inst/src_gray_ff_reg[2]/C
  -------------------------------------------------------------------    -------------------
    SLICE_X3Y24          FDRE (Prop_fdre_C_Q)         0.304    -0.640 r  u_udp/u0/mac_receive/frame_fifo/U0/inst_fifo_gen/gconvfifo.rf/grf.rf/gntv_or_sync_fifo.gcx.clkx/rd_pntr_cdc_inst/src_gray_ff_reg[2]/Q
                         net (fo=1, routed)           0.309    -0.330    u_udp/u0/mac_receive/frame_fifo/U0/inst_fifo_gen/gconvfifo.rf/grf.rf/gntv_or_sync_fifo.gcx.clkx/rd_pntr_cdc_inst/async_path[2]
    SLICE_X1Y25          FDRE                                         r  u_udp/u0/mac_receive/frame_fifo/U0/inst_fifo_gen/gconvfifo.rf/grf.rf/gntv_or_sync_fifo.gcx.clkx/rd_pntr_cdc_inst/dest_graysync_ff_reg[0][2]/D
  -------------------------------------------------------------------    -------------------

                         (clock eth_rxc rise edge)    0.000     0.000 r  
    W19                                               0.000     0.000 r  eth_rxc (IN)
                         net (fo=0)                   0.000     0.000    u_rgmii/u0/eth_rxc
    W19                  IBUF (Prop_ibuf_I_O)         1.423     1.423 r  u_rgmii/u0/rgmii_clk_ibuf/O
                         net (fo=2, routed)           1.693     3.116    u_rgmii/u0/phy_rgmii_rx_clk_ibuf
    BUFGCTRL_X0Y3        BUFG (Prop_bufg_I_O)         0.081     3.197 r  u_rgmii/u0/BUFG_rx_clk/O
                         net (fo=443, routed)         1.421     4.618    u_udp/u0/mac_receive/frame_fifo/U0/inst_fifo_gen/gconvfifo.rf/grf.rf/gntv_or_sync_fifo.gcx.clkx/rd_pntr_cdc_inst/dest_clk
    SLICE_X1Y25          FDRE                                         r  u_udp/u0/mac_receive/frame_fifo/U0/inst_fifo_gen/gconvfifo.rf/grf.rf/gntv_or_sync_fifo.gcx.clkx/rd_pntr_cdc_inst/dest_graysync_ff_reg[0][2]/C
                         clock pessimism              0.000     4.618    
    SLICE_X1Y25          FDRE (Hold_fdre_C_D)         0.136     4.754    u_udp/u0/mac_receive/frame_fifo/U0/inst_fifo_gen/gconvfifo.rf/grf.rf/gntv_or_sync_fifo.gcx.clkx/rd_pntr_cdc_inst/dest_graysync_ff_reg[0][2]
  -------------------------------------------------------------------
                         data arrival                          -0.330    
                         clock arrival                          4.754    
  -------------------------------------------------------------------
                         relative delay                        -5.084    



Id: 4
set_bus_skew -from [get_cells [list {u_udp/u0/mac_receive/frame_fifo/U0/inst_fifo_gen/gconvfifo.rf/grf.rf/gntv_or_sync_fifo.gcx.clkx/wr_pntr_cdc_inst/src_gray_ff_reg[0]} {u_udp/u0/mac_receive/frame_fifo/U0/inst_fifo_gen/gconvfifo.rf/grf.rf/gntv_or_sync_fifo.gcx.clkx/wr_pntr_cdc_inst/src_gray_ff_reg[1]} {u_udp/u0/mac_receive/frame_fifo/U0/inst_fifo_gen/gconvfifo.rf/grf.rf/gntv_or_sync_fifo.gcx.clkx/wr_pntr_cdc_inst/src_gray_ff_reg[2]} {u_udp/u0/mac_receive/frame_fifo/U0/inst_fifo_gen/gconvfifo.rf/grf.rf/gntv_or_sync_fifo.gcx.clkx/wr_pntr_cdc_inst/src_gray_ff_reg[3]}]] -to [get_cells [list {u_udp/u0/mac_receive/frame_fifo/U0/inst_fifo_gen/gconvfifo.rf/grf.rf/gntv_or_sync_fifo.gcx.clkx/wr_pntr_cdc_inst/dest_graysync_ff_reg[0][0]} {u_udp/u0/mac_receive/frame_fifo/U0/inst_fifo_gen/gconvfifo.rf/grf.rf/gntv_or_sync_fifo.gcx.clkx/wr_pntr_cdc_inst/dest_graysync_ff_reg[0][1]} {u_udp/u0/mac_receive/frame_fifo/U0/inst_fifo_gen/gconvfifo.rf/grf.rf/gntv_or_sync_fifo.gcx.clkx/wr_pntr_cdc_inst/dest_graysync_ff_reg[0][2]} {u_udp/u0/mac_receive/frame_fifo/U0/inst_fifo_gen/gconvfifo.rf/grf.rf/gntv_or_sync_fifo.gcx.clkx/wr_pntr_cdc_inst/dest_graysync_ff_reg[0][3]}]] 8.000
Requirement: 8.000ns
Endpoints: 4

From Clock            To Clock              Endpoint Pin                    Reference Pin                   Corner  Actual(ns)  Slack(ns)
--------------------  --------------------  ------------------------------  ------------------------------  ------  ----------  ---------
eth_rxc               clk_out2_clk_wiz_0    u_udp/u0/mac_receive/frame_fifo/U0/inst_fifo_gen/gconvfifo.rf/grf.rf/gntv_or_sync_fifo.gcx.clkx/wr_pntr_cdc_inst/dest_graysync_ff_reg[0][0]/D
                                                                            u_udp/u0/mac_receive/frame_fifo/U0/inst_fifo_gen/gconvfifo.rf/grf.rf/gntv_or_sync_fifo.gcx.clkx/wr_pntr_cdc_inst/dest_graysync_ff_reg[0][3]/D
                                                                                                            Slow         0.683      7.317


Slack (MET) :             7.317ns  (requirement - actual skew)
  Endpoint Source:        u_udp/u0/mac_receive/frame_fifo/U0/inst_fifo_gen/gconvfifo.rf/grf.rf/gntv_or_sync_fifo.gcx.clkx/wr_pntr_cdc_inst/src_gray_ff_reg[0]/C
                            (rising edge-triggered cell FDRE clocked by eth_rxc)
  Endpoint Destination:   u_udp/u0/mac_receive/frame_fifo/U0/inst_fifo_gen/gconvfifo.rf/grf.rf/gntv_or_sync_fifo.gcx.clkx/wr_pntr_cdc_inst/dest_graysync_ff_reg[0][0]/D
                            (rising edge-triggered cell FDRE clocked by clk_out2_clk_wiz_0)
  Reference Source:       u_udp/u0/mac_receive/frame_fifo/U0/inst_fifo_gen/gconvfifo.rf/grf.rf/gntv_or_sync_fifo.gcx.clkx/wr_pntr_cdc_inst/src_gray_ff_reg[3]/C
                            (rising edge-triggered cell FDRE clocked by eth_rxc)
  Reference Destination:  u_udp/u0/mac_receive/frame_fifo/U0/inst_fifo_gen/gconvfifo.rf/grf.rf/gntv_or_sync_fifo.gcx.clkx/wr_pntr_cdc_inst/dest_graysync_ff_reg[0][3]/D
                            (rising edge-triggered cell FDRE clocked by clk_out2_clk_wiz_0)
  Path Type:              Bus Skew (Max at Slow Process Corner)
  Requirement:            8.000ns
  Endpoint Relative Delay:    6.338ns
  Reference Relative Delay:   5.266ns
  Relative CRPR:              0.626ns
  Uncertainty:                0.238ns
  Actual Bus Skew:            0.683ns  (Endpoint Relative Delay - Reference Relative Delay - Relative CRPR + Uncertainty)

Endpoint path:
    Location             Delay type                Incr(ns)  Path(ns)    Netlist Resource(s)
  -------------------------------------------------------------------    -------------------
                         (clock eth_rxc rise edge)    0.000     0.000 r  
    W19                                               0.000     0.000 r  eth_rxc (IN)
                         net (fo=0)                   0.000     0.000    u_rgmii/u0/eth_rxc
    W19                  IBUF (Prop_ibuf_I_O)         1.423     1.423 r  u_rgmii/u0/rgmii_clk_ibuf/O
                         net (fo=2, routed)           1.693     3.116    u_rgmii/u0/phy_rgmii_rx_clk_ibuf
    BUFGCTRL_X0Y3        BUFG (Prop_bufg_I_O)         0.081     3.197 r  u_rgmii/u0/BUFG_rx_clk/O
                         net (fo=443, routed)         1.420     4.617    u_udp/u0/mac_receive/frame_fifo/U0/inst_fifo_gen/gconvfifo.rf/grf.rf/gntv_or_sync_fifo.gcx.clkx/wr_pntr_cdc_inst/src_clk
    SLICE_X4Y24          FDRE                                         r  u_udp/u0/mac_receive/frame_fifo/U0/inst_fifo_gen/gconvfifo.rf/grf.rf/gntv_or_sync_fifo.gcx.clkx/wr_pntr_cdc_inst/src_gray_ff_reg[0]/C
  -------------------------------------------------------------------    -------------------
    SLICE_X4Y24          FDRE (Prop_fdre_C_Q)         0.379     4.996 r  u_udp/u0/mac_receive/frame_fifo/U0/inst_fifo_gen/gconvfifo.rf/grf.rf/gntv_or_sync_fifo.gcx.clkx/wr_pntr_cdc_inst/src_gray_ff_reg[0]/Q
                         net (fo=1, routed)           0.365     5.361    u_udp/u0/mac_receive/frame_fifo/U0/inst_fifo_gen/gconvfifo.rf/grf.rf/gntv_or_sync_fifo.gcx.clkx/wr_pntr_cdc_inst/async_path[0]
    SLICE_X2Y24          FDRE                                         r  u_udp/u0/mac_receive/frame_fifo/U0/inst_fifo_gen/gconvfifo.rf/grf.rf/gntv_or_sync_fifo.gcx.clkx/wr_pntr_cdc_inst/dest_graysync_ff_reg[0][0]/D
  -------------------------------------------------------------------    -------------------

                         (clock clk_out2_clk_wiz_0 rise edge)
                                                      0.000     0.000 r  
    R4                                                0.000     0.000 r  sys_clk (IN)
                         net (fo=0)                   0.000     0.000    u_clock_and_reset/clk_wiz_0/inst/clk_in1
    R4                   IBUF (Prop_ibuf_I_O)         1.366     1.366 r  u_clock_and_reset/clk_wiz_0/inst/clkin1_ibufg/O
                         net (fo=1, routed)           1.004     2.369    u_clock_and_reset/clk_wiz_0/inst/clk_in1_clk_wiz_0
    MMCME2_ADV_X1Y0      MMCME2_ADV (Prop_mmcme2_adv_CLKIN1_CLKOUT1)
                                                     -6.057    -3.688 r  u_clock_and_reset/clk_wiz_0/inst/mmcm_adv_inst/CLKOUT1
                         net (fo=1, routed)           1.352    -2.335    u_clock_and_reset/clk_wiz_0/inst/clk_out2_clk_wiz_0
    BUFGCTRL_X0Y0        BUFG (Prop_bufg_I_O)         0.077    -2.258 r  u_clock_and_reset/clk_wiz_0/inst/clkout2_buf/O
                         net (fo=2732, routed)        1.315    -0.944    u_udp/u0/mac_receive/frame_fifo/U0/inst_fifo_gen/gconvfifo.rf/grf.rf/gntv_or_sync_fifo.gcx.clkx/wr_pntr_cdc_inst/dest_clk
    SLICE_X2Y24          FDRE                                         r  u_udp/u0/mac_receive/frame_fifo/U0/inst_fifo_gen/gconvfifo.rf/grf.rf/gntv_or_sync_fifo.gcx.clkx/wr_pntr_cdc_inst/dest_graysync_ff_reg[0][0]/C
                         clock pessimism              0.000    -0.944    
    SLICE_X2Y24          FDRE (Setup_fdre_C_D)       -0.033    -0.977    u_udp/u0/mac_receive/frame_fifo/U0/inst_fifo_gen/gconvfifo.rf/grf.rf/gntv_or_sync_fifo.gcx.clkx/wr_pntr_cdc_inst/dest_graysync_ff_reg[0][0]
  -------------------------------------------------------------------
                         data arrival                           5.361    
                         clock arrival                         -0.977    
  -------------------------------------------------------------------
                         relative delay                         6.338    

Reference path:
    Location             Delay type                Incr(ns)  Path(ns)    Netlist Resource(s)
  -------------------------------------------------------------------    -------------------
                         (clock eth_rxc rise edge)    0.000     0.000 r  
    W19                                               0.000     0.000 r  eth_rxc (IN)
                         net (fo=0)                   0.000     0.000    u_rgmii/u0/eth_rxc
    W19                  IBUF (Prop_ibuf_I_O)         1.357     1.357 r  u_rgmii/u0/rgmii_clk_ibuf/O
                         net (fo=2, routed)           1.604     2.962    u_rgmii/u0/phy_rgmii_rx_clk_ibuf
    BUFGCTRL_X0Y3        BUFG (Prop_bufg_I_O)         0.077     3.039 r  u_rgmii/u0/BUFG_rx_clk/O
                         net (fo=443, routed)         1.314     4.352    u_udp/u0/mac_receive/frame_fifo/U0/inst_fifo_gen/gconvfifo.rf/grf.rf/gntv_or_sync_fifo.gcx.clkx/wr_pntr_cdc_inst/src_clk
    SLICE_X4Y25          FDRE                                         r  u_udp/u0/mac_receive/frame_fifo/U0/inst_fifo_gen/gconvfifo.rf/grf.rf/gntv_or_sync_fifo.gcx.clkx/wr_pntr_cdc_inst/src_gray_ff_reg[3]/C
  -------------------------------------------------------------------    -------------------
    SLICE_X4Y25          FDRE (Prop_fdre_C_Q)         0.279     4.631 r  u_udp/u0/mac_receive/frame_fifo/U0/inst_fifo_gen/gconvfifo.rf/grf.rf/gntv_or_sync_fifo.gcx.clkx/wr_pntr_cdc_inst/src_gray_ff_reg[3]/Q
                         net (fo=1, routed)           0.214     4.845    u_udp/u0/mac_receive/frame_fifo/U0/inst_fifo_gen/gconvfifo.rf/grf.rf/gntv_or_sync_fifo.gcx.clkx/wr_pntr_cdc_inst/async_path[3]
    SLICE_X2Y25          FDRE                                         r  u_udp/u0/mac_receive/frame_fifo/U0/inst_fifo_gen/gconvfifo.rf/grf.rf/gntv_or_sync_fifo.gcx.clkx/wr_pntr_cdc_inst/dest_graysync_ff_reg[0][3]/D
  -------------------------------------------------------------------    -------------------

                         (clock clk_out2_clk_wiz_0 rise edge)
                                                      0.000     0.000 r  
    R4                                                0.000     0.000 r  sys_clk (IN)
                         net (fo=0)                   0.000     0.000    u_clock_and_reset/clk_wiz_0/inst/clk_in1
    R4                   IBUF (Prop_ibuf_I_O)         1.432     1.432 r  u_clock_and_reset/clk_wiz_0/inst/clkin1_ibufg/O
                         net (fo=1, routed)           1.065     2.497    u_clock_and_reset/clk_wiz_0/inst/clk_in1_clk_wiz_0
    MMCME2_ADV_X1Y0      MMCME2_ADV (Prop_mmcme2_adv_CLKIN1_CLKOUT1)
                                                     -5.921    -3.424 r  u_clock_and_reset/clk_wiz_0/inst/mmcm_adv_inst/CLKOUT1
                         net (fo=1, routed)           1.421    -2.004    u_clock_and_reset/clk_wiz_0/inst/clk_out2_clk_wiz_0
    BUFGCTRL_X0Y0        BUFG (Prop_bufg_I_O)         0.081    -1.923 r  u_clock_and_reset/clk_wiz_0/inst/clkout2_buf/O
                         net (fo=2732, routed)        1.421    -0.502    u_udp/u0/mac_receive/frame_fifo/U0/inst_fifo_gen/gconvfifo.rf/grf.rf/gntv_or_sync_fifo.gcx.clkx/wr_pntr_cdc_inst/dest_clk
    SLICE_X2Y25          FDRE                                         r  u_udp/u0/mac_receive/frame_fifo/U0/inst_fifo_gen/gconvfifo.rf/grf.rf/gntv_or_sync_fifo.gcx.clkx/wr_pntr_cdc_inst/dest_graysync_ff_reg[0][3]/C
                         clock pessimism              0.000    -0.502    
    SLICE_X2Y25          FDRE (Hold_fdre_C_D)         0.081    -0.421    u_udp/u0/mac_receive/frame_fifo/U0/inst_fifo_gen/gconvfifo.rf/grf.rf/gntv_or_sync_fifo.gcx.clkx/wr_pntr_cdc_inst/dest_graysync_ff_reg[0][3]
  -------------------------------------------------------------------
                         data arrival                           4.845    
                         clock arrival                         -0.421    
  -------------------------------------------------------------------
                         relative delay                         5.266    



Id: 5
set_bus_skew -from [get_cells [list {u_udp/u6/icmp_receive/icmp_rx_fifo/U0/inst_fifo_gen/gconvfifo.rf/grf.rf/gntv_or_sync_fifo.gcx.clkx/rd_pntr_cdc_inst/src_gray_ff_reg[0]} {u_udp/u6/icmp_receive/icmp_rx_fifo/U0/inst_fifo_gen/gconvfifo.rf/grf.rf/gntv_or_sync_fifo.gcx.clkx/rd_pntr_cdc_inst/src_gray_ff_reg[1]} {u_udp/u6/icmp_receive/icmp_rx_fifo/U0/inst_fifo_gen/gconvfifo.rf/grf.rf/gntv_or_sync_fifo.gcx.clkx/rd_pntr_cdc_inst/src_gray_ff_reg[2]} {u_udp/u6/icmp_receive/icmp_rx_fifo/U0/inst_fifo_gen/gconvfifo.rf/grf.rf/gntv_or_sync_fifo.gcx.clkx/rd_pntr_cdc_inst/src_gray_ff_reg[3]}]] -to [get_cells [list {u_udp/u6/icmp_receive/icmp_rx_fifo/U0/inst_fifo_gen/gconvfifo.rf/grf.rf/gntv_or_sync_fifo.gcx.clkx/rd_pntr_cdc_inst/dest_graysync_ff_reg[0][0]} {u_udp/u6/icmp_receive/icmp_rx_fifo/U0/inst_fifo_gen/gconvfifo.rf/grf.rf/gntv_or_sync_fifo.gcx.clkx/rd_pntr_cdc_inst/dest_graysync_ff_reg[0][1]} {u_udp/u6/icmp_receive/icmp_rx_fifo/U0/inst_fifo_gen/gconvfifo.rf/grf.rf/gntv_or_sync_fifo.gcx.clkx/rd_pntr_cdc_inst/dest_graysync_ff_reg[0][2]} {u_udp/u6/icmp_receive/icmp_rx_fifo/U0/inst_fifo_gen/gconvfifo.rf/grf.rf/gntv_or_sync_fifo.gcx.clkx/rd_pntr_cdc_inst/dest_graysync_ff_reg[0][3]}]] 8.000
Requirement: 8.000ns
Endpoints: 4

From Clock            To Clock              Endpoint Pin                    Reference Pin                   Corner  Actual(ns)  Slack(ns)
--------------------  --------------------  ------------------------------  ------------------------------  ------  ----------  ---------
clk_pll_i             clk_out2_clk_wiz_0    u_udp/u6/icmp_receive/icmp_rx_fifo/U0/inst_fifo_gen/gconvfifo.rf/grf.rf/gntv_or_sync_fifo.gcx.clkx/rd_pntr_cdc_inst/dest_graysync_ff_reg[0][2]/D
                                                                            u_udp/u6/icmp_receive/icmp_rx_fifo/U0/inst_fifo_gen/gconvfifo.rf/grf.rf/gntv_or_sync_fifo.gcx.clkx/rd_pntr_cdc_inst/dest_graysync_ff_reg[0][1]/D
                                                                                                            Slow         0.759      7.241


Slack (MET) :             7.241ns  (requirement - actual skew)
  Endpoint Source:        u_udp/u6/icmp_receive/icmp_rx_fifo/U0/inst_fifo_gen/gconvfifo.rf/grf.rf/gntv_or_sync_fifo.gcx.clkx/rd_pntr_cdc_inst/src_gray_ff_reg[2]/C
                            (rising edge-triggered cell FDRE clocked by clk_pll_i)
  Endpoint Destination:   u_udp/u6/icmp_receive/icmp_rx_fifo/U0/inst_fifo_gen/gconvfifo.rf/grf.rf/gntv_or_sync_fifo.gcx.clkx/rd_pntr_cdc_inst/dest_graysync_ff_reg[0][2]/D
                            (rising edge-triggered cell FDRE clocked by clk_out2_clk_wiz_0)
  Reference Source:       u_udp/u6/icmp_receive/icmp_rx_fifo/U0/inst_fifo_gen/gconvfifo.rf/grf.rf/gntv_or_sync_fifo.gcx.clkx/rd_pntr_cdc_inst/src_gray_ff_reg[1]/C
                            (rising edge-triggered cell FDRE clocked by clk_pll_i)
  Reference Destination:  u_udp/u6/icmp_receive/icmp_rx_fifo/U0/inst_fifo_gen/gconvfifo.rf/grf.rf/gntv_or_sync_fifo.gcx.clkx/rd_pntr_cdc_inst/dest_graysync_ff_reg[0][1]/D
                            (rising edge-triggered cell FDRE clocked by clk_out2_clk_wiz_0)
  Path Type:              Bus Skew (Max at Slow Process Corner)
  Requirement:            8.000ns
  Endpoint Relative Delay:    2.987ns
  Reference Relative Delay:   2.017ns
  Relative CRPR:              0.490ns
  Uncertainty:                0.279ns
  Actual Bus Skew:            0.759ns  (Endpoint Relative Delay - Reference Relative Delay - Relative CRPR + Uncertainty)

Endpoint path:
    Location             Delay type                Incr(ns)  Path(ns)    Netlist Resource(s)
  -------------------------------------------------------------------    -------------------
                         (clock clk_pll_i rise edge)
                                                      0.000     0.000 r  
    R4                                                0.000     0.000 r  sys_clk (IN)
                         net (fo=0)                   0.000     0.000    u_clock_and_reset/clk_wiz_0/inst/clk_in1
    R4                   IBUF (Prop_ibuf_I_O)         1.432     1.432 r  u_clock_and_reset/clk_wiz_0/inst/clkin1_ibufg/O
                         net (fo=1, routed)           1.065     2.497    u_clock_and_reset/clk_wiz_0/inst/clk_in1_clk_wiz_0
    MMCME2_ADV_X1Y0      MMCME2_ADV (Prop_mmcme2_adv_CLKIN1_CLKOUT0)
                                                     -5.921    -3.424 r  u_clock_and_reset/clk_wiz_0/inst/mmcm_adv_inst/CLKOUT0
                         net (fo=1, routed)           1.421    -2.004    u_clock_and_reset/clk_wiz_0/inst/clk_out1_clk_wiz_0
    BUFGCTRL_X0Y1        BUFG (Prop_bufg_I_O)         0.081    -1.923 r  u_clock_and_reset/clk_wiz_0/inst/clkout1_buf/O
                         net (fo=64, routed)          1.394    -0.528    u_ddr3/u_mig/u_mig_7series_0_mig/u_ddr3_infrastructure/CLK
    PLLE2_ADV_X1Y1       PLLE2_ADV (Prop_plle2_adv_CLKIN1_CLKOUT3)
                                                      0.077    -0.451 r  u_ddr3/u_mig/u_mig_7series_0_mig/u_ddr3_infrastructure/plle2_i/CLKOUT3
                         net (fo=1, routed)           1.062     0.611    u_ddr3/u_mig/u_mig_7series_0_mig/u_ddr3_infrastructure/pll_clk3_out
    BUFHCE_X1Y12         BUFH (Prop_bufh_I_O)         0.106     0.717 r  u_ddr3/u_mig/u_mig_7series_0_mig/u_ddr3_infrastructure/u_bufh_pll_clk3/O
                         net (fo=1, routed)           0.702     1.419    u_ddr3/u_mig/u_mig_7series_0_mig/u_ddr3_infrastructure/pll_clk3
    MMCME2_ADV_X1Y1      MMCME2_ADV (Prop_mmcme2_adv_CLKIN1_CLKFBOUT)
                                                     -2.874    -1.455 r  u_ddr3/u_mig/u_mig_7series_0_mig/u_ddr3_infrastructure/gen_mmcm.mmcm_i/CLKFBOUT
                         net (fo=1, routed)           1.421    -0.035    u_ddr3/u_mig/u_mig_7series_0_mig/u_ddr3_infrastructure/clk_pll_i
    BUFGCTRL_X0Y16       BUFG (Prop_bufg_I_O)         0.081     0.046 r  u_ddr3/u_mig/u_mig_7series_0_mig/u_ddr3_infrastructure/u_bufg_clkdiv0/O
                         net (fo=18081, routed)       1.438     1.484    u_udp/u6/icmp_receive/icmp_rx_fifo/U0/inst_fifo_gen/gconvfifo.rf/grf.rf/gntv_or_sync_fifo.gcx.clkx/rd_pntr_cdc_inst/src_clk
    SLICE_X58Y11         FDRE                                         r  u_udp/u6/icmp_receive/icmp_rx_fifo/U0/inst_fifo_gen/gconvfifo.rf/grf.rf/gntv_or_sync_fifo.gcx.clkx/rd_pntr_cdc_inst/src_gray_ff_reg[2]/C
  -------------------------------------------------------------------    -------------------
    SLICE_X58Y11         FDRE (Prop_fdre_C_Q)         0.379     1.863 r  u_udp/u6/icmp_receive/icmp_rx_fifo/U0/inst_fifo_gen/gconvfifo.rf/grf.rf/gntv_or_sync_fifo.gcx.clkx/rd_pntr_cdc_inst/src_gray_ff_reg[2]/Q
                         net (fo=1, routed)           0.381     2.244    u_udp/u6/icmp_receive/icmp_rx_fifo/U0/inst_fifo_gen/gconvfifo.rf/grf.rf/gntv_or_sync_fifo.gcx.clkx/rd_pntr_cdc_inst/async_path[2]
    SLICE_X58Y12         FDRE                                         r  u_udp/u6/icmp_receive/icmp_rx_fifo/U0/inst_fifo_gen/gconvfifo.rf/grf.rf/gntv_or_sync_fifo.gcx.clkx/rd_pntr_cdc_inst/dest_graysync_ff_reg[0][2]/D
  -------------------------------------------------------------------    -------------------

                         (clock clk_out2_clk_wiz_0 rise edge)
                                                      0.000     0.000 r  
    R4                                                0.000     0.000 r  sys_clk (IN)
                         net (fo=0)                   0.000     0.000    u_clock_and_reset/clk_wiz_0/inst/clk_in1
    R4                   IBUF (Prop_ibuf_I_O)         1.366     1.366 r  u_clock_and_reset/clk_wiz_0/inst/clkin1_ibufg/O
                         net (fo=1, routed)           1.004     2.369    u_clock_and_reset/clk_wiz_0/inst/clk_in1_clk_wiz_0
    MMCME2_ADV_X1Y0      MMCME2_ADV (Prop_mmcme2_adv_CLKIN1_CLKOUT1)
                                                     -6.057    -3.688 r  u_clock_and_reset/clk_wiz_0/inst/mmcm_adv_inst/CLKOUT1
                         net (fo=1, routed)           1.352    -2.335    u_clock_and_reset/clk_wiz_0/inst/clk_out2_clk_wiz_0
    BUFGCTRL_X0Y0        BUFG (Prop_bufg_I_O)         0.077    -2.258 r  u_clock_and_reset/clk_wiz_0/inst/clkout2_buf/O
                         net (fo=2732, routed)        1.327    -0.932    u_udp/u6/icmp_receive/icmp_rx_fifo/U0/inst_fifo_gen/gconvfifo.rf/grf.rf/gntv_or_sync_fifo.gcx.clkx/rd_pntr_cdc_inst/dest_clk
    SLICE_X58Y12         FDRE                                         r  u_udp/u6/icmp_receive/icmp_rx_fifo/U0/inst_fifo_gen/gconvfifo.rf/grf.rf/gntv_or_sync_fifo.gcx.clkx/rd_pntr_cdc_inst/dest_graysync_ff_reg[0][2]/C
                         clock pessimism              0.263    -0.668    
    SLICE_X58Y12         FDRE (Setup_fdre_C_D)       -0.075    -0.743    u_udp/u6/icmp_receive/icmp_rx_fifo/U0/inst_fifo_gen/gconvfifo.rf/grf.rf/gntv_or_sync_fifo.gcx.clkx/rd_pntr_cdc_inst/dest_graysync_ff_reg[0][2]
  -------------------------------------------------------------------
                         data arrival                           2.244    
                         clock arrival                         -0.743    
  -------------------------------------------------------------------
                         relative delay                         2.987    

Reference path:
    Location             Delay type                Incr(ns)  Path(ns)    Netlist Resource(s)
  -------------------------------------------------------------------    -------------------
                         (clock clk_pll_i rise edge)
                                                      0.000     0.000 r  
    R4                                                0.000     0.000 r  sys_clk (IN)
                         net (fo=0)                   0.000     0.000    u_clock_and_reset/clk_wiz_0/inst/clk_in1
    R4                   IBUF (Prop_ibuf_I_O)         1.366     1.366 r  u_clock_and_reset/clk_wiz_0/inst/clkin1_ibufg/O
                         net (fo=1, routed)           1.004     2.369    u_clock_and_reset/clk_wiz_0/inst/clk_in1_clk_wiz_0
    MMCME2_ADV_X1Y0      MMCME2_ADV (Prop_mmcme2_adv_CLKIN1_CLKOUT0)
                                                     -6.057    -3.688 r  u_clock_and_reset/clk_wiz_0/inst/mmcm_adv_inst/CLKOUT0
                         net (fo=1, routed)           1.352    -2.335    u_clock_and_reset/clk_wiz_0/inst/clk_out1_clk_wiz_0
    BUFGCTRL_X0Y1        BUFG (Prop_bufg_I_O)         0.077    -2.258 r  u_clock_and_reset/clk_wiz_0/inst/clkout1_buf/O
                         net (fo=64, routed)          1.290    -0.968    u_ddr3/u_mig/u_mig_7series_0_mig/u_ddr3_infrastructure/CLK
    PLLE2_ADV_X1Y1       PLLE2_ADV (Prop_plle2_adv_CLKIN1_CLKOUT3)
                                                      0.073    -0.895 r  u_ddr3/u_mig/u_mig_7series_0_mig/u_ddr3_infrastructure/plle2_i/CLKOUT3
                         net (fo=1, routed)           0.929     0.034    u_ddr3/u_mig/u_mig_7series_0_mig/u_ddr3_infrastructure/pll_clk3_out
    BUFHCE_X1Y12         BUFH (Prop_bufh_I_O)         0.069     0.103 r  u_ddr3/u_mig/u_mig_7series_0_mig/u_ddr3_infrastructure/u_bufh_pll_clk3/O
                         net (fo=1, routed)           0.664     0.767    u_ddr3/u_mig/u_mig_7series_0_mig/u_ddr3_infrastructure/pll_clk3
    MMCME2_ADV_X1Y1      MMCME2_ADV (Prop_mmcme2_adv_CLKIN1_CLKFBOUT)
                                                     -2.699    -1.932 r  u_ddr3/u_mig/u_mig_7series_0_mig/u_ddr3_infrastructure/gen_mmcm.mmcm_i/CLKFBOUT
                         net (fo=1, routed)           1.352    -0.579    u_ddr3/u_mig/u_mig_7series_0_mig/u_ddr3_infrastructure/clk_pll_i
    BUFGCTRL_X0Y16       BUFG (Prop_bufg_I_O)         0.077    -0.502 r  u_ddr3/u_mig/u_mig_7series_0_mig/u_ddr3_infrastructure/u_bufg_clkdiv0/O
                         net (fo=18081, routed)       1.263     0.760    u_udp/u6/icmp_receive/icmp_rx_fifo/U0/inst_fifo_gen/gconvfifo.rf/grf.rf/gntv_or_sync_fifo.gcx.clkx/rd_pntr_cdc_inst/src_clk
    SLICE_X57Y11         FDRE                                         r  u_udp/u6/icmp_receive/icmp_rx_fifo/U0/inst_fifo_gen/gconvfifo.rf/grf.rf/gntv_or_sync_fifo.gcx.clkx/rd_pntr_cdc_inst/src_gray_ff_reg[1]/C
  -------------------------------------------------------------------    -------------------
    SLICE_X57Y11         FDRE (Prop_fdre_C_Q)         0.279     1.039 r  u_udp/u6/icmp_receive/icmp_rx_fifo/U0/inst_fifo_gen/gconvfifo.rf/grf.rf/gntv_or_sync_fifo.gcx.clkx/rd_pntr_cdc_inst/src_gray_ff_reg[1]/Q
                         net (fo=1, routed)           0.191     1.230    u_udp/u6/icmp_receive/icmp_rx_fifo/U0/inst_fifo_gen/gconvfifo.rf/grf.rf/gntv_or_sync_fifo.gcx.clkx/rd_pntr_cdc_inst/async_path[1]
    SLICE_X57Y12         FDRE                                         r  u_udp/u6/icmp_receive/icmp_rx_fifo/U0/inst_fifo_gen/gconvfifo.rf/grf.rf/gntv_or_sync_fifo.gcx.clkx/rd_pntr_cdc_inst/dest_graysync_ff_reg[0][1]/D
  -------------------------------------------------------------------    -------------------

                         (clock clk_out2_clk_wiz_0 rise edge)
                                                      0.000     0.000 r  
    R4                                                0.000     0.000 r  sys_clk (IN)
                         net (fo=0)                   0.000     0.000    u_clock_and_reset/clk_wiz_0/inst/clk_in1
    R4                   IBUF (Prop_ibuf_I_O)         1.432     1.432 r  u_clock_and_reset/clk_wiz_0/inst/clkin1_ibufg/O
                         net (fo=1, routed)           1.065     2.497    u_clock_and_reset/clk_wiz_0/inst/clk_in1_clk_wiz_0
    MMCME2_ADV_X1Y0      MMCME2_ADV (Prop_mmcme2_adv_CLKIN1_CLKOUT1)
                                                     -5.921    -3.424 r  u_clock_and_reset/clk_wiz_0/inst/mmcm_adv_inst/CLKOUT1
                         net (fo=1, routed)           1.421    -2.004    u_clock_and_reset/clk_wiz_0/inst/clk_out2_clk_wiz_0
    BUFGCTRL_X0Y0        BUFG (Prop_bufg_I_O)         0.081    -1.923 r  u_clock_and_reset/clk_wiz_0/inst/clkout2_buf/O
                         net (fo=2732, routed)        1.372    -0.551    u_udp/u6/icmp_receive/icmp_rx_fifo/U0/inst_fifo_gen/gconvfifo.rf/grf.rf/gntv_or_sync_fifo.gcx.clkx/rd_pntr_cdc_inst/dest_clk
    SLICE_X57Y12         FDRE                                         r  u_udp/u6/icmp_receive/icmp_rx_fifo/U0/inst_fifo_gen/gconvfifo.rf/grf.rf/gntv_or_sync_fifo.gcx.clkx/rd_pntr_cdc_inst/dest_graysync_ff_reg[0][1]/C
                         clock pessimism             -0.263    -0.814    
    SLICE_X57Y12         FDRE (Hold_fdre_C_D)         0.028    -0.786    u_udp/u6/icmp_receive/icmp_rx_fifo/U0/inst_fifo_gen/gconvfifo.rf/grf.rf/gntv_or_sync_fifo.gcx.clkx/rd_pntr_cdc_inst/dest_graysync_ff_reg[0][1]
  -------------------------------------------------------------------
                         data arrival                           1.230    
                         clock arrival                         -0.786    
  -------------------------------------------------------------------
                         relative delay                         2.017    



Id: 6
set_bus_skew -from [get_cells [list {u_udp/u6/icmp_receive/icmp_rx_fifo/U0/inst_fifo_gen/gconvfifo.rf/grf.rf/gntv_or_sync_fifo.gcx.clkx/wr_pntr_cdc_inst/src_gray_ff_reg[0]} {u_udp/u6/icmp_receive/icmp_rx_fifo/U0/inst_fifo_gen/gconvfifo.rf/grf.rf/gntv_or_sync_fifo.gcx.clkx/wr_pntr_cdc_inst/src_gray_ff_reg[1]} {u_udp/u6/icmp_receive/icmp_rx_fifo/U0/inst_fifo_gen/gconvfifo.rf/grf.rf/gntv_or_sync_fifo.gcx.clkx/wr_pntr_cdc_inst/src_gray_ff_reg[2]} {u_udp/u6/icmp_receive/icmp_rx_fifo/U0/inst_fifo_gen/gconvfifo.rf/grf.rf/gntv_or_sync_fifo.gcx.clkx/wr_pntr_cdc_inst/src_gray_ff_reg[3]}]] -to [get_cells [list {u_udp/u6/icmp_receive/icmp_rx_fifo/U0/inst_fifo_gen/gconvfifo.rf/grf.rf/gntv_or_sync_fifo.gcx.clkx/wr_pntr_cdc_inst/dest_graysync_ff_reg[0][0]} {u_udp/u6/icmp_receive/icmp_rx_fifo/U0/inst_fifo_gen/gconvfifo.rf/grf.rf/gntv_or_sync_fifo.gcx.clkx/wr_pntr_cdc_inst/dest_graysync_ff_reg[0][1]} {u_udp/u6/icmp_receive/icmp_rx_fifo/U0/inst_fifo_gen/gconvfifo.rf/grf.rf/gntv_or_sync_fifo.gcx.clkx/wr_pntr_cdc_inst/dest_graysync_ff_reg[0][2]} {u_udp/u6/icmp_receive/icmp_rx_fifo/U0/inst_fifo_gen/gconvfifo.rf/grf.rf/gntv_or_sync_fifo.gcx.clkx/wr_pntr_cdc_inst/dest_graysync_ff_reg[0][3]}]] 8.000
Requirement: 8.000ns
Endpoints: 4

From Clock            To Clock              Endpoint Pin                    Reference Pin                   Corner  Actual(ns)  Slack(ns)
--------------------  --------------------  ------------------------------  ------------------------------  ------  ----------  ---------
clk_out2_clk_wiz_0    clk_pll_i             u_udp/u6/icmp_receive/icmp_rx_fifo/U0/inst_fifo_gen/gconvfifo.rf/grf.rf/gntv_or_sync_fifo.gcx.clkx/wr_pntr_cdc_inst/dest_graysync_ff_reg[0][0]/D
                                                                            u_udp/u6/icmp_receive/icmp_rx_fifo/U0/inst_fifo_gen/gconvfifo.rf/grf.rf/gntv_or_sync_fifo.gcx.clkx/wr_pntr_cdc_inst/dest_graysync_ff_reg[0][3]/D
                                                                                                            Slow         1.093      6.907


Slack (MET) :             6.907ns  (requirement - actual skew)
  Endpoint Source:        u_udp/u6/icmp_receive/icmp_rx_fifo/U0/inst_fifo_gen/gconvfifo.rf/grf.rf/gntv_or_sync_fifo.gcx.clkx/wr_pntr_cdc_inst/src_gray_ff_reg[0]/C
                            (rising edge-triggered cell FDRE clocked by clk_out2_clk_wiz_0)
  Endpoint Destination:   u_udp/u6/icmp_receive/icmp_rx_fifo/U0/inst_fifo_gen/gconvfifo.rf/grf.rf/gntv_or_sync_fifo.gcx.clkx/wr_pntr_cdc_inst/dest_graysync_ff_reg[0][0]/D
                            (rising edge-triggered cell FDRE clocked by clk_pll_i)
  Reference Source:       u_udp/u6/icmp_receive/icmp_rx_fifo/U0/inst_fifo_gen/gconvfifo.rf/grf.rf/gntv_or_sync_fifo.gcx.clkx/wr_pntr_cdc_inst/src_gray_ff_reg[3]/C
                            (rising edge-triggered cell FDRE clocked by clk_out2_clk_wiz_0)
  Reference Destination:  u_udp/u6/icmp_receive/icmp_rx_fifo/U0/inst_fifo_gen/gconvfifo.rf/grf.rf/gntv_or_sync_fifo.gcx.clkx/wr_pntr_cdc_inst/dest_graysync_ff_reg[0][3]/D
                            (rising edge-triggered cell FDRE clocked by clk_pll_i)
  Path Type:              Bus Skew (Max at Slow Process Corner)
  Requirement:            8.000ns
  Endpoint Relative Delay:   -0.408ns
  Reference Relative Delay:  -1.794ns
  Relative CRPR:              0.520ns
  Uncertainty:                0.228ns
  Actual Bus Skew:            1.093ns  (Endpoint Relative Delay - Reference Relative Delay - Relative CRPR + Uncertainty)

Endpoint path:
    Location             Delay type                Incr(ns)  Path(ns)    Netlist Resource(s)
  -------------------------------------------------------------------    -------------------
                         (clock clk_out2_clk_wiz_0 rise edge)
                                                      0.000     0.000 r  
    R4                                                0.000     0.000 r  sys_clk (IN)
                         net (fo=0)                   0.000     0.000    u_clock_and_reset/clk_wiz_0/inst/clk_in1
    R4                   IBUF (Prop_ibuf_I_O)         1.432     1.432 r  u_clock_and_reset/clk_wiz_0/inst/clkin1_ibufg/O
                         net (fo=1, routed)           1.065     2.497    u_clock_and_reset/clk_wiz_0/inst/clk_in1_clk_wiz_0
    MMCME2_ADV_X1Y0      MMCME2_ADV (Prop_mmcme2_adv_CLKIN1_CLKOUT1)
                                                     -5.921    -3.424 r  u_clock_and_reset/clk_wiz_0/inst/mmcm_adv_inst/CLKOUT1
                         net (fo=1, routed)           1.421    -2.004    u_clock_and_reset/clk_wiz_0/inst/clk_out2_clk_wiz_0
    BUFGCTRL_X0Y0        BUFG (Prop_bufg_I_O)         0.081    -1.923 r  u_clock_and_reset/clk_wiz_0/inst/clkout2_buf/O
                         net (fo=2732, routed)        1.435    -0.488    u_udp/u6/icmp_receive/icmp_rx_fifo/U0/inst_fifo_gen/gconvfifo.rf/grf.rf/gntv_or_sync_fifo.gcx.clkx/wr_pntr_cdc_inst/src_clk
    SLICE_X59Y12         FDRE                                         r  u_udp/u6/icmp_receive/icmp_rx_fifo/U0/inst_fifo_gen/gconvfifo.rf/grf.rf/gntv_or_sync_fifo.gcx.clkx/wr_pntr_cdc_inst/src_gray_ff_reg[0]/C
  -------------------------------------------------------------------    -------------------
    SLICE_X59Y12         FDRE (Prop_fdre_C_Q)         0.379    -0.109 r  u_udp/u6/icmp_receive/icmp_rx_fifo/U0/inst_fifo_gen/gconvfifo.rf/grf.rf/gntv_or_sync_fifo.gcx.clkx/wr_pntr_cdc_inst/src_gray_ff_reg[0]/Q
                         net (fo=1, routed)           0.725     0.616    u_udp/u6/icmp_receive/icmp_rx_fifo/U0/inst_fifo_gen/gconvfifo.rf/grf.rf/gntv_or_sync_fifo.gcx.clkx/wr_pntr_cdc_inst/async_path[0]
    SLICE_X59Y14         FDRE                                         r  u_udp/u6/icmp_receive/icmp_rx_fifo/U0/inst_fifo_gen/gconvfifo.rf/grf.rf/gntv_or_sync_fifo.gcx.clkx/wr_pntr_cdc_inst/dest_graysync_ff_reg[0][0]/D
  -------------------------------------------------------------------    -------------------

                         (clock clk_pll_i rise edge)
                                                      0.000     0.000 r  
    R4                                                0.000     0.000 r  sys_clk (IN)
                         net (fo=0)                   0.000     0.000    u_clock_and_reset/clk_wiz_0/inst/clk_in1
    R4                   IBUF (Prop_ibuf_I_O)         1.366     1.366 r  u_clock_and_reset/clk_wiz_0/inst/clkin1_ibufg/O
                         net (fo=1, routed)           1.004     2.369    u_clock_and_reset/clk_wiz_0/inst/clk_in1_clk_wiz_0
    MMCME2_ADV_X1Y0      MMCME2_ADV (Prop_mmcme2_adv_CLKIN1_CLKOUT0)
                                                     -6.057    -3.688 r  u_clock_and_reset/clk_wiz_0/inst/mmcm_adv_inst/CLKOUT0
                         net (fo=1, routed)           1.352    -2.335    u_clock_and_reset/clk_wiz_0/inst/clk_out1_clk_wiz_0
    BUFGCTRL_X0Y1        BUFG (Prop_bufg_I_O)         0.077    -2.258 r  u_clock_and_reset/clk_wiz_0/inst/clkout1_buf/O
                         net (fo=64, routed)          1.290    -0.968    u_ddr3/u_mig/u_mig_7series_0_mig/u_ddr3_infrastructure/CLK
    PLLE2_ADV_X1Y1       PLLE2_ADV (Prop_plle2_adv_CLKIN1_CLKOUT3)
                                                      0.073    -0.895 r  u_ddr3/u_mig/u_mig_7series_0_mig/u_ddr3_infrastructure/plle2_i/CLKOUT3
                         net (fo=1, routed)           0.929     0.034    u_ddr3/u_mig/u_mig_7series_0_mig/u_ddr3_infrastructure/pll_clk3_out
    BUFHCE_X1Y12         BUFH (Prop_bufh_I_O)         0.069     0.103 r  u_ddr3/u_mig/u_mig_7series_0_mig/u_ddr3_infrastructure/u_bufh_pll_clk3/O
                         net (fo=1, routed)           0.664     0.767    u_ddr3/u_mig/u_mig_7series_0_mig/u_ddr3_infrastructure/pll_clk3
    MMCME2_ADV_X1Y1      MMCME2_ADV (Prop_mmcme2_adv_CLKIN1_CLKFBOUT)
                                                     -2.699    -1.932 r  u_ddr3/u_mig/u_mig_7series_0_mig/u_ddr3_infrastructure/gen_mmcm.mmcm_i/CLKFBOUT
                         net (fo=1, routed)           1.352    -0.579    u_ddr3/u_mig/u_mig_7series_0_mig/u_ddr3_infrastructure/clk_pll_i
    BUFGCTRL_X0Y16       BUFG (Prop_bufg_I_O)         0.077    -0.502 r  u_ddr3/u_mig/u_mig_7series_0_mig/u_ddr3_infrastructure/u_bufg_clkdiv0/O
                         net (fo=18081, routed)       1.327     0.824    u_udp/u6/icmp_receive/icmp_rx_fifo/U0/inst_fifo_gen/gconvfifo.rf/grf.rf/gntv_or_sync_fifo.gcx.clkx/wr_pntr_cdc_inst/dest_clk
    SLICE_X59Y14         FDRE                                         r  u_udp/u6/icmp_receive/icmp_rx_fifo/U0/inst_fifo_gen/gconvfifo.rf/grf.rf/gntv_or_sync_fifo.gcx.clkx/wr_pntr_cdc_inst/dest_graysync_ff_reg[0][0]/C
                         clock pessimism              0.263     1.088    
    SLICE_X59Y14         FDRE (Setup_fdre_C_D)       -0.063     1.025    u_udp/u6/icmp_receive/icmp_rx_fifo/U0/inst_fifo_gen/gconvfifo.rf/grf.rf/gntv_or_sync_fifo.gcx.clkx/wr_pntr_cdc_inst/dest_graysync_ff_reg[0][0]
  -------------------------------------------------------------------
                         data arrival                           0.616    
                         clock arrival                          1.025    
  -------------------------------------------------------------------
                         relative delay                        -0.408    

Reference path:
    Location             Delay type                Incr(ns)  Path(ns)    Netlist Resource(s)
  -------------------------------------------------------------------    -------------------
                         (clock clk_out2_clk_wiz_0 rise edge)
                                                      0.000     0.000 r  
    R4                                                0.000     0.000 r  sys_clk (IN)
                         net (fo=0)                   0.000     0.000    u_clock_and_reset/clk_wiz_0/inst/clk_in1
    R4                   IBUF (Prop_ibuf_I_O)         1.366     1.366 r  u_clock_and_reset/clk_wiz_0/inst/clkin1_ibufg/O
                         net (fo=1, routed)           1.004     2.369    u_clock_and_reset/clk_wiz_0/inst/clk_in1_clk_wiz_0
    MMCME2_ADV_X1Y0      MMCME2_ADV (Prop_mmcme2_adv_CLKIN1_CLKOUT1)
                                                     -6.057    -3.688 r  u_clock_and_reset/clk_wiz_0/inst/mmcm_adv_inst/CLKOUT1
                         net (fo=1, routed)           1.352    -2.335    u_clock_and_reset/clk_wiz_0/inst/clk_out2_clk_wiz_0
    BUFGCTRL_X0Y0        BUFG (Prop_bufg_I_O)         0.077    -2.258 r  u_clock_and_reset/clk_wiz_0/inst/clkout2_buf/O
                         net (fo=2732, routed)        1.324    -0.935    u_udp/u6/icmp_receive/icmp_rx_fifo/U0/inst_fifo_gen/gconvfifo.rf/grf.rf/gntv_or_sync_fifo.gcx.clkx/wr_pntr_cdc_inst/src_clk
    SLICE_X58Y15         FDRE                                         r  u_udp/u6/icmp_receive/icmp_rx_fifo/U0/inst_fifo_gen/gconvfifo.rf/grf.rf/gntv_or_sync_fifo.gcx.clkx/wr_pntr_cdc_inst/src_gray_ff_reg[3]/C
  -------------------------------------------------------------------    -------------------
    SLICE_X58Y15         FDRE (Prop_fdre_C_Q)         0.304    -0.631 r  u_udp/u6/icmp_receive/icmp_rx_fifo/U0/inst_fifo_gen/gconvfifo.rf/grf.rf/gntv_or_sync_fifo.gcx.clkx/wr_pntr_cdc_inst/src_gray_ff_reg[3]/Q
                         net (fo=1, routed)           0.191    -0.440    u_udp/u6/icmp_receive/icmp_rx_fifo/U0/inst_fifo_gen/gconvfifo.rf/grf.rf/gntv_or_sync_fifo.gcx.clkx/wr_pntr_cdc_inst/async_path[3]
    SLICE_X59Y15         FDRE                                         r  u_udp/u6/icmp_receive/icmp_rx_fifo/U0/inst_fifo_gen/gconvfifo.rf/grf.rf/gntv_or_sync_fifo.gcx.clkx/wr_pntr_cdc_inst/dest_graysync_ff_reg[0][3]/D
  -------------------------------------------------------------------    -------------------

                         (clock clk_pll_i rise edge)
                                                      0.000     0.000 r  
    R4                                                0.000     0.000 r  sys_clk (IN)
                         net (fo=0)                   0.000     0.000    u_clock_and_reset/clk_wiz_0/inst/clk_in1
    R4                   IBUF (Prop_ibuf_I_O)         1.432     1.432 r  u_clock_and_reset/clk_wiz_0/inst/clkin1_ibufg/O
                         net (fo=1, routed)           1.065     2.497    u_clock_and_reset/clk_wiz_0/inst/clk_in1_clk_wiz_0
    MMCME2_ADV_X1Y0      MMCME2_ADV (Prop_mmcme2_adv_CLKIN1_CLKOUT0)
                                                     -5.921    -3.424 r  u_clock_and_reset/clk_wiz_0/inst/mmcm_adv_inst/CLKOUT0
                         net (fo=1, routed)           1.421    -2.004    u_clock_and_reset/clk_wiz_0/inst/clk_out1_clk_wiz_0
    BUFGCTRL_X0Y1        BUFG (Prop_bufg_I_O)         0.081    -1.923 r  u_clock_and_reset/clk_wiz_0/inst/clkout1_buf/O
                         net (fo=64, routed)          1.394    -0.528    u_ddr3/u_mig/u_mig_7series_0_mig/u_ddr3_infrastructure/CLK
    PLLE2_ADV_X1Y1       PLLE2_ADV (Prop_plle2_adv_CLKIN1_CLKOUT3)
                                                      0.077    -0.451 r  u_ddr3/u_mig/u_mig_7series_0_mig/u_ddr3_infrastructure/plle2_i/CLKOUT3
                         net (fo=1, routed)           1.062     0.611    u_ddr3/u_mig/u_mig_7series_0_mig/u_ddr3_infrastructure/pll_clk3_out
    BUFHCE_X1Y12         BUFH (Prop_bufh_I_O)         0.106     0.717 r  u_ddr3/u_mig/u_mig_7series_0_mig/u_ddr3_infrastructure/u_bufh_pll_clk3/O
                         net (fo=1, routed)           0.702     1.419    u_ddr3/u_mig/u_mig_7series_0_mig/u_ddr3_infrastructure/pll_clk3
    MMCME2_ADV_X1Y1      MMCME2_ADV (Prop_mmcme2_adv_CLKIN1_CLKFBOUT)
                                                     -2.874    -1.455 r  u_ddr3/u_mig/u_mig_7series_0_mig/u_ddr3_infrastructure/gen_mmcm.mmcm_i/CLKFBOUT
                         net (fo=1, routed)           1.421    -0.035    u_ddr3/u_mig/u_mig_7series_0_mig/u_ddr3_infrastructure/clk_pll_i
    BUFGCTRL_X0Y16       BUFG (Prop_bufg_I_O)         0.081     0.046 r  u_ddr3/u_mig/u_mig_7series_0_mig/u_ddr3_infrastructure/u_bufg_clkdiv0/O
                         net (fo=18081, routed)       1.434     1.480    u_udp/u6/icmp_receive/icmp_rx_fifo/U0/inst_fifo_gen/gconvfifo.rf/grf.rf/gntv_or_sync_fifo.gcx.clkx/wr_pntr_cdc_inst/dest_clk
    SLICE_X59Y15         FDRE                                         r  u_udp/u6/icmp_receive/icmp_rx_fifo/U0/inst_fifo_gen/gconvfifo.rf/grf.rf/gntv_or_sync_fifo.gcx.clkx/wr_pntr_cdc_inst/dest_graysync_ff_reg[0][3]/C
                         clock pessimism             -0.263     1.217    
    SLICE_X59Y15         FDRE (Hold_fdre_C_D)         0.138     1.355    u_udp/u6/icmp_receive/icmp_rx_fifo/U0/inst_fifo_gen/gconvfifo.rf/grf.rf/gntv_or_sync_fifo.gcx.clkx/wr_pntr_cdc_inst/dest_graysync_ff_reg[0][3]
  -------------------------------------------------------------------
                         data arrival                          -0.440    
                         clock arrival                          1.355    
  -------------------------------------------------------------------
                         relative delay                        -1.794    



Id: 7
set_bus_skew -from [get_cells [list {u_adma/axi_wr_channel/wr_buffer/wr_cmd_fifo/U0/inst_fifo_gen/gconvfifo.rf/grf.rf/gntv_or_sync_fifo.gcx.clkx/rd_pntr_cdc_inst/src_gray_ff_reg[0]} {u_adma/axi_wr_channel/wr_buffer/wr_cmd_fifo/U0/inst_fifo_gen/gconvfifo.rf/grf.rf/gntv_or_sync_fifo.gcx.clkx/rd_pntr_cdc_inst/src_gray_ff_reg[1]} {u_adma/axi_wr_channel/wr_buffer/wr_cmd_fifo/U0/inst_fifo_gen/gconvfifo.rf/grf.rf/gntv_or_sync_fifo.gcx.clkx/rd_pntr_cdc_inst/src_gray_ff_reg[2]} {u_adma/axi_wr_channel/wr_buffer/wr_cmd_fifo/U0/inst_fifo_gen/gconvfifo.rf/grf.rf/gntv_or_sync_fifo.gcx.clkx/rd_pntr_cdc_inst/src_gray_ff_reg[3]}]] -to [get_cells [list {u_adma/axi_wr_channel/wr_buffer/wr_cmd_fifo/U0/inst_fifo_gen/gconvfifo.rf/grf.rf/gntv_or_sync_fifo.gcx.clkx/rd_pntr_cdc_inst/dest_graysync_ff_reg[0][0]} {u_adma/axi_wr_channel/wr_buffer/wr_cmd_fifo/U0/inst_fifo_gen/gconvfifo.rf/grf.rf/gntv_or_sync_fifo.gcx.clkx/rd_pntr_cdc_inst/dest_graysync_ff_reg[0][1]} {u_adma/axi_wr_channel/wr_buffer/wr_cmd_fifo/U0/inst_fifo_gen/gconvfifo.rf/grf.rf/gntv_or_sync_fifo.gcx.clkx/rd_pntr_cdc_inst/dest_graysync_ff_reg[0][2]} {u_adma/axi_wr_channel/wr_buffer/wr_cmd_fifo/U0/inst_fifo_gen/gconvfifo.rf/grf.rf/gntv_or_sync_fifo.gcx.clkx/rd_pntr_cdc_inst/dest_graysync_ff_reg[0][3]}]] 8.000
Requirement: 8.000ns
Endpoints: 4

From Clock            To Clock              Endpoint Pin                    Reference Pin                   Corner  Actual(ns)  Slack(ns)
--------------------  --------------------  ------------------------------  ------------------------------  ------  ----------  ---------
clk_pll_i             clk_out2_clk_wiz_0    u_adma/axi_wr_channel/wr_buffer/wr_cmd_fifo/U0/inst_fifo_gen/gconvfifo.rf/grf.rf/gntv_or_sync_fifo.gcx.clkx/rd_pntr_cdc_inst/dest_graysync_ff_reg[0][1]/D
                                                                            u_adma/axi_wr_channel/wr_buffer/wr_cmd_fifo/U0/inst_fifo_gen/gconvfifo.rf/grf.rf/gntv_or_sync_fifo.gcx.clkx/rd_pntr_cdc_inst/dest_graysync_ff_reg[0][3]/D
                                                                                                            Slow         0.868      7.132


Slack (MET) :             7.132ns  (requirement - actual skew)
  Endpoint Source:        u_adma/axi_wr_channel/wr_buffer/wr_cmd_fifo/U0/inst_fifo_gen/gconvfifo.rf/grf.rf/gntv_or_sync_fifo.gcx.clkx/rd_pntr_cdc_inst/src_gray_ff_reg[1]/C
                            (rising edge-triggered cell FDRE clocked by clk_pll_i)
  Endpoint Destination:   u_adma/axi_wr_channel/wr_buffer/wr_cmd_fifo/U0/inst_fifo_gen/gconvfifo.rf/grf.rf/gntv_or_sync_fifo.gcx.clkx/rd_pntr_cdc_inst/dest_graysync_ff_reg[0][1]/D
                            (rising edge-triggered cell FDRE clocked by clk_out2_clk_wiz_0)
  Reference Source:       u_adma/axi_wr_channel/wr_buffer/wr_cmd_fifo/U0/inst_fifo_gen/gconvfifo.rf/grf.rf/gntv_or_sync_fifo.gcx.clkx/rd_pntr_cdc_inst/src_gray_ff_reg[3]/C
                            (rising edge-triggered cell FDRE clocked by clk_pll_i)
  Reference Destination:  u_adma/axi_wr_channel/wr_buffer/wr_cmd_fifo/U0/inst_fifo_gen/gconvfifo.rf/grf.rf/gntv_or_sync_fifo.gcx.clkx/rd_pntr_cdc_inst/dest_graysync_ff_reg[0][3]/D
                            (rising edge-triggered cell FDRE clocked by clk_out2_clk_wiz_0)
  Path Type:              Bus Skew (Max at Slow Process Corner)
  Requirement:            8.000ns
  Endpoint Relative Delay:    3.097ns
  Reference Relative Delay:   2.018ns
  Relative CRPR:              0.489ns
  Uncertainty:                0.279ns
  Actual Bus Skew:            0.868ns  (Endpoint Relative Delay - Reference Relative Delay - Relative CRPR + Uncertainty)

Endpoint path:
    Location             Delay type                Incr(ns)  Path(ns)    Netlist Resource(s)
  -------------------------------------------------------------------    -------------------
                         (clock clk_pll_i rise edge)
                                                      0.000     0.000 r  
    R4                                                0.000     0.000 r  sys_clk (IN)
                         net (fo=0)                   0.000     0.000    u_clock_and_reset/clk_wiz_0/inst/clk_in1
    R4                   IBUF (Prop_ibuf_I_O)         1.432     1.432 r  u_clock_and_reset/clk_wiz_0/inst/clkin1_ibufg/O
                         net (fo=1, routed)           1.065     2.497    u_clock_and_reset/clk_wiz_0/inst/clk_in1_clk_wiz_0
    MMCME2_ADV_X1Y0      MMCME2_ADV (Prop_mmcme2_adv_CLKIN1_CLKOUT0)
                                                     -5.921    -3.424 r  u_clock_and_reset/clk_wiz_0/inst/mmcm_adv_inst/CLKOUT0
                         net (fo=1, routed)           1.421    -2.004    u_clock_and_reset/clk_wiz_0/inst/clk_out1_clk_wiz_0
    BUFGCTRL_X0Y1        BUFG (Prop_bufg_I_O)         0.081    -1.923 r  u_clock_and_reset/clk_wiz_0/inst/clkout1_buf/O
                         net (fo=64, routed)          1.394    -0.528    u_ddr3/u_mig/u_mig_7series_0_mig/u_ddr3_infrastructure/CLK
    PLLE2_ADV_X1Y1       PLLE2_ADV (Prop_plle2_adv_CLKIN1_CLKOUT3)
                                                      0.077    -0.451 r  u_ddr3/u_mig/u_mig_7series_0_mig/u_ddr3_infrastructure/plle2_i/CLKOUT3
                         net (fo=1, routed)           1.062     0.611    u_ddr3/u_mig/u_mig_7series_0_mig/u_ddr3_infrastructure/pll_clk3_out
    BUFHCE_X1Y12         BUFH (Prop_bufh_I_O)         0.106     0.717 r  u_ddr3/u_mig/u_mig_7series_0_mig/u_ddr3_infrastructure/u_bufh_pll_clk3/O
                         net (fo=1, routed)           0.702     1.419    u_ddr3/u_mig/u_mig_7series_0_mig/u_ddr3_infrastructure/pll_clk3
    MMCME2_ADV_X1Y1      MMCME2_ADV (Prop_mmcme2_adv_CLKIN1_CLKFBOUT)
                                                     -2.874    -1.455 r  u_ddr3/u_mig/u_mig_7series_0_mig/u_ddr3_infrastructure/gen_mmcm.mmcm_i/CLKFBOUT
                         net (fo=1, routed)           1.421    -0.035    u_ddr3/u_mig/u_mig_7series_0_mig/u_ddr3_infrastructure/clk_pll_i
    BUFGCTRL_X0Y16       BUFG (Prop_bufg_I_O)         0.081     0.046 r  u_ddr3/u_mig/u_mig_7series_0_mig/u_ddr3_infrastructure/u_bufg_clkdiv0/O
                         net (fo=18081, routed)       1.405     1.452    u_adma/axi_wr_channel/wr_buffer/wr_cmd_fifo/U0/inst_fifo_gen/gconvfifo.rf/grf.rf/gntv_or_sync_fifo.gcx.clkx/rd_pntr_cdc_inst/src_clk
    SLICE_X2Y76          FDRE                                         r  u_adma/axi_wr_channel/wr_buffer/wr_cmd_fifo/U0/inst_fifo_gen/gconvfifo.rf/grf.rf/gntv_or_sync_fifo.gcx.clkx/rd_pntr_cdc_inst/src_gray_ff_reg[1]/C
  -------------------------------------------------------------------    -------------------
    SLICE_X2Y76          FDRE (Prop_fdre_C_Q)         0.398     1.850 r  u_adma/axi_wr_channel/wr_buffer/wr_cmd_fifo/U0/inst_fifo_gen/gconvfifo.rf/grf.rf/gntv_or_sync_fifo.gcx.clkx/rd_pntr_cdc_inst/src_gray_ff_reg[1]/Q
                         net (fo=1, routed)           0.355     2.204    u_adma/axi_wr_channel/wr_buffer/wr_cmd_fifo/U0/inst_fifo_gen/gconvfifo.rf/grf.rf/gntv_or_sync_fifo.gcx.clkx/rd_pntr_cdc_inst/async_path[1]
    SLICE_X1Y76          FDRE                                         r  u_adma/axi_wr_channel/wr_buffer/wr_cmd_fifo/U0/inst_fifo_gen/gconvfifo.rf/grf.rf/gntv_or_sync_fifo.gcx.clkx/rd_pntr_cdc_inst/dest_graysync_ff_reg[0][1]/D
  -------------------------------------------------------------------    -------------------

                         (clock clk_out2_clk_wiz_0 rise edge)
                                                      0.000     0.000 r  
    R4                                                0.000     0.000 r  sys_clk (IN)
                         net (fo=0)                   0.000     0.000    u_clock_and_reset/clk_wiz_0/inst/clk_in1
    R4                   IBUF (Prop_ibuf_I_O)         1.366     1.366 r  u_clock_and_reset/clk_wiz_0/inst/clkin1_ibufg/O
                         net (fo=1, routed)           1.004     2.369    u_clock_and_reset/clk_wiz_0/inst/clk_in1_clk_wiz_0
    MMCME2_ADV_X1Y0      MMCME2_ADV (Prop_mmcme2_adv_CLKIN1_CLKOUT1)
                                                     -6.057    -3.688 r  u_clock_and_reset/clk_wiz_0/inst/mmcm_adv_inst/CLKOUT1
                         net (fo=1, routed)           1.352    -2.335    u_clock_and_reset/clk_wiz_0/inst/clk_out2_clk_wiz_0
    BUFGCTRL_X0Y0        BUFG (Prop_bufg_I_O)         0.077    -2.258 r  u_clock_and_reset/clk_wiz_0/inst/clkout2_buf/O
                         net (fo=2732, routed)        1.302    -0.956    u_adma/axi_wr_channel/wr_buffer/wr_cmd_fifo/U0/inst_fifo_gen/gconvfifo.rf/grf.rf/gntv_or_sync_fifo.gcx.clkx/rd_pntr_cdc_inst/dest_clk
    SLICE_X1Y76          FDRE                                         r  u_adma/axi_wr_channel/wr_buffer/wr_cmd_fifo/U0/inst_fifo_gen/gconvfifo.rf/grf.rf/gntv_or_sync_fifo.gcx.clkx/rd_pntr_cdc_inst/dest_graysync_ff_reg[0][1]/C
                         clock pessimism              0.263    -0.693    
    SLICE_X1Y76          FDRE (Setup_fdre_C_D)       -0.200    -0.893    u_adma/axi_wr_channel/wr_buffer/wr_cmd_fifo/U0/inst_fifo_gen/gconvfifo.rf/grf.rf/gntv_or_sync_fifo.gcx.clkx/rd_pntr_cdc_inst/dest_graysync_ff_reg[0][1]
  -------------------------------------------------------------------
                         data arrival                           2.204    
                         clock arrival                         -0.893    
  -------------------------------------------------------------------
                         relative delay                         3.097    

Reference path:
    Location             Delay type                Incr(ns)  Path(ns)    Netlist Resource(s)
  -------------------------------------------------------------------    -------------------
                         (clock clk_pll_i rise edge)
                                                      0.000     0.000 r  
    R4                                                0.000     0.000 r  sys_clk (IN)
                         net (fo=0)                   0.000     0.000    u_clock_and_reset/clk_wiz_0/inst/clk_in1
    R4                   IBUF (Prop_ibuf_I_O)         1.366     1.366 r  u_clock_and_reset/clk_wiz_0/inst/clkin1_ibufg/O
                         net (fo=1, routed)           1.004     2.369    u_clock_and_reset/clk_wiz_0/inst/clk_in1_clk_wiz_0
    MMCME2_ADV_X1Y0      MMCME2_ADV (Prop_mmcme2_adv_CLKIN1_CLKOUT0)
                                                     -6.057    -3.688 r  u_clock_and_reset/clk_wiz_0/inst/mmcm_adv_inst/CLKOUT0
                         net (fo=1, routed)           1.352    -2.335    u_clock_and_reset/clk_wiz_0/inst/clk_out1_clk_wiz_0
    BUFGCTRL_X0Y1        BUFG (Prop_bufg_I_O)         0.077    -2.258 r  u_clock_and_reset/clk_wiz_0/inst/clkout1_buf/O
                         net (fo=64, routed)          1.290    -0.968    u_ddr3/u_mig/u_mig_7series_0_mig/u_ddr3_infrastructure/CLK
    PLLE2_ADV_X1Y1       PLLE2_ADV (Prop_plle2_adv_CLKIN1_CLKOUT3)
                                                      0.073    -0.895 r  u_ddr3/u_mig/u_mig_7series_0_mig/u_ddr3_infrastructure/plle2_i/CLKOUT3
                         net (fo=1, routed)           0.929     0.034    u_ddr3/u_mig/u_mig_7series_0_mig/u_ddr3_infrastructure/pll_clk3_out
    BUFHCE_X1Y12         BUFH (Prop_bufh_I_O)         0.069     0.103 r  u_ddr3/u_mig/u_mig_7series_0_mig/u_ddr3_infrastructure/u_bufh_pll_clk3/O
                         net (fo=1, routed)           0.664     0.767    u_ddr3/u_mig/u_mig_7series_0_mig/u_ddr3_infrastructure/pll_clk3
    MMCME2_ADV_X1Y1      MMCME2_ADV (Prop_mmcme2_adv_CLKIN1_CLKFBOUT)
                                                     -2.699    -1.932 r  u_ddr3/u_mig/u_mig_7series_0_mig/u_ddr3_infrastructure/gen_mmcm.mmcm_i/CLKFBOUT
                         net (fo=1, routed)           1.352    -0.579    u_ddr3/u_mig/u_mig_7series_0_mig/u_ddr3_infrastructure/clk_pll_i
    BUFGCTRL_X0Y16       BUFG (Prop_bufg_I_O)         0.077    -0.502 r  u_ddr3/u_mig/u_mig_7series_0_mig/u_ddr3_infrastructure/u_bufg_clkdiv0/O
                         net (fo=18081, routed)       1.300     0.798    u_adma/axi_wr_channel/wr_buffer/wr_cmd_fifo/U0/inst_fifo_gen/gconvfifo.rf/grf.rf/gntv_or_sync_fifo.gcx.clkx/rd_pntr_cdc_inst/src_clk
    SLICE_X1Y73          FDRE                                         r  u_adma/axi_wr_channel/wr_buffer/wr_cmd_fifo/U0/inst_fifo_gen/gconvfifo.rf/grf.rf/gntv_or_sync_fifo.gcx.clkx/rd_pntr_cdc_inst/src_gray_ff_reg[3]/C
  -------------------------------------------------------------------    -------------------
    SLICE_X1Y73          FDRE (Prop_fdre_C_Q)         0.279     1.077 r  u_adma/axi_wr_channel/wr_buffer/wr_cmd_fifo/U0/inst_fifo_gen/gconvfifo.rf/grf.rf/gntv_or_sync_fifo.gcx.clkx/rd_pntr_cdc_inst/src_gray_ff_reg[3]/Q
                         net (fo=1, routed)           0.191     1.268    u_adma/axi_wr_channel/wr_buffer/wr_cmd_fifo/U0/inst_fifo_gen/gconvfifo.rf/grf.rf/gntv_or_sync_fifo.gcx.clkx/rd_pntr_cdc_inst/async_path[3]
    SLICE_X1Y74          FDRE                                         r  u_adma/axi_wr_channel/wr_buffer/wr_cmd_fifo/U0/inst_fifo_gen/gconvfifo.rf/grf.rf/gntv_or_sync_fifo.gcx.clkx/rd_pntr_cdc_inst/dest_graysync_ff_reg[0][3]/D
  -------------------------------------------------------------------    -------------------

                         (clock clk_out2_clk_wiz_0 rise edge)
                                                      0.000     0.000 r  
    R4                                                0.000     0.000 r  sys_clk (IN)
                         net (fo=0)                   0.000     0.000    u_clock_and_reset/clk_wiz_0/inst/clk_in1
    R4                   IBUF (Prop_ibuf_I_O)         1.432     1.432 r  u_clock_and_reset/clk_wiz_0/inst/clkin1_ibufg/O
                         net (fo=1, routed)           1.065     2.497    u_clock_and_reset/clk_wiz_0/inst/clk_in1_clk_wiz_0
    MMCME2_ADV_X1Y0      MMCME2_ADV (Prop_mmcme2_adv_CLKIN1_CLKOUT1)
                                                     -5.921    -3.424 r  u_clock_and_reset/clk_wiz_0/inst/mmcm_adv_inst/CLKOUT1
                         net (fo=1, routed)           1.421    -2.004    u_clock_and_reset/clk_wiz_0/inst/clk_out2_clk_wiz_0
    BUFGCTRL_X0Y0        BUFG (Prop_bufg_I_O)         0.081    -1.923 r  u_clock_and_reset/clk_wiz_0/inst/clkout2_buf/O
                         net (fo=2732, routed)        1.407    -0.515    u_adma/axi_wr_channel/wr_buffer/wr_cmd_fifo/U0/inst_fifo_gen/gconvfifo.rf/grf.rf/gntv_or_sync_fifo.gcx.clkx/rd_pntr_cdc_inst/dest_clk
    SLICE_X1Y74          FDRE                                         r  u_adma/axi_wr_channel/wr_buffer/wr_cmd_fifo/U0/inst_fifo_gen/gconvfifo.rf/grf.rf/gntv_or_sync_fifo.gcx.clkx/rd_pntr_cdc_inst/dest_graysync_ff_reg[0][3]/C
                         clock pessimism             -0.263    -0.779    
    SLICE_X1Y74          FDRE (Hold_fdre_C_D)         0.028    -0.751    u_adma/axi_wr_channel/wr_buffer/wr_cmd_fifo/U0/inst_fifo_gen/gconvfifo.rf/grf.rf/gntv_or_sync_fifo.gcx.clkx/rd_pntr_cdc_inst/dest_graysync_ff_reg[0][3]
  -------------------------------------------------------------------
                         data arrival                           1.268    
                         clock arrival                         -0.751    
  -------------------------------------------------------------------
                         relative delay                         2.018    



Id: 8
set_bus_skew -from [get_cells [list {u_adma/axi_wr_channel/wr_buffer/wr_cmd_fifo/U0/inst_fifo_gen/gconvfifo.rf/grf.rf/gntv_or_sync_fifo.gcx.clkx/wr_pntr_cdc_inst/src_gray_ff_reg[0]} {u_adma/axi_wr_channel/wr_buffer/wr_cmd_fifo/U0/inst_fifo_gen/gconvfifo.rf/grf.rf/gntv_or_sync_fifo.gcx.clkx/wr_pntr_cdc_inst/src_gray_ff_reg[1]} {u_adma/axi_wr_channel/wr_buffer/wr_cmd_fifo/U0/inst_fifo_gen/gconvfifo.rf/grf.rf/gntv_or_sync_fifo.gcx.clkx/wr_pntr_cdc_inst/src_gray_ff_reg[2]} {u_adma/axi_wr_channel/wr_buffer/wr_cmd_fifo/U0/inst_fifo_gen/gconvfifo.rf/grf.rf/gntv_or_sync_fifo.gcx.clkx/wr_pntr_cdc_inst/src_gray_ff_reg[3]}]] -to [get_cells [list {u_adma/axi_wr_channel/wr_buffer/wr_cmd_fifo/U0/inst_fifo_gen/gconvfifo.rf/grf.rf/gntv_or_sync_fifo.gcx.clkx/wr_pntr_cdc_inst/dest_graysync_ff_reg[0][0]} {u_adma/axi_wr_channel/wr_buffer/wr_cmd_fifo/U0/inst_fifo_gen/gconvfifo.rf/grf.rf/gntv_or_sync_fifo.gcx.clkx/wr_pntr_cdc_inst/dest_graysync_ff_reg[0][1]} {u_adma/axi_wr_channel/wr_buffer/wr_cmd_fifo/U0/inst_fifo_gen/gconvfifo.rf/grf.rf/gntv_or_sync_fifo.gcx.clkx/wr_pntr_cdc_inst/dest_graysync_ff_reg[0][2]} {u_adma/axi_wr_channel/wr_buffer/wr_cmd_fifo/U0/inst_fifo_gen/gconvfifo.rf/grf.rf/gntv_or_sync_fifo.gcx.clkx/wr_pntr_cdc_inst/dest_graysync_ff_reg[0][3]}]] 8.000
Requirement: 8.000ns
Endpoints: 4

From Clock            To Clock              Endpoint Pin                    Reference Pin                   Corner  Actual(ns)  Slack(ns)
--------------------  --------------------  ------------------------------  ------------------------------  ------  ----------  ---------
clk_out2_clk_wiz_0    clk_pll_i             u_adma/axi_wr_channel/wr_buffer/wr_cmd_fifo/U0/inst_fifo_gen/gconvfifo.rf/grf.rf/gntv_or_sync_fifo.gcx.clkx/wr_pntr_cdc_inst/dest_graysync_ff_reg[0][0]/D
                                                                            u_adma/axi_wr_channel/wr_buffer/wr_cmd_fifo/U0/inst_fifo_gen/gconvfifo.rf/grf.rf/gntv_or_sync_fifo.gcx.clkx/wr_pntr_cdc_inst/dest_graysync_ff_reg[0][3]/D
                                                                                                            Slow         0.886      7.114


Slack (MET) :             7.114ns  (requirement - actual skew)
  Endpoint Source:        u_adma/axi_wr_channel/wr_buffer/wr_cmd_fifo/U0/inst_fifo_gen/gconvfifo.rf/grf.rf/gntv_or_sync_fifo.gcx.clkx/wr_pntr_cdc_inst/src_gray_ff_reg[0]/C
                            (rising edge-triggered cell FDRE clocked by clk_out2_clk_wiz_0)
  Endpoint Destination:   u_adma/axi_wr_channel/wr_buffer/wr_cmd_fifo/U0/inst_fifo_gen/gconvfifo.rf/grf.rf/gntv_or_sync_fifo.gcx.clkx/wr_pntr_cdc_inst/dest_graysync_ff_reg[0][0]/D
                            (rising edge-triggered cell FDRE clocked by clk_pll_i)
  Reference Source:       u_adma/axi_wr_channel/wr_buffer/wr_cmd_fifo/U0/inst_fifo_gen/gconvfifo.rf/grf.rf/gntv_or_sync_fifo.gcx.clkx/wr_pntr_cdc_inst/src_gray_ff_reg[3]/C
                            (rising edge-triggered cell FDRE clocked by clk_out2_clk_wiz_0)
  Reference Destination:  u_adma/axi_wr_channel/wr_buffer/wr_cmd_fifo/U0/inst_fifo_gen/gconvfifo.rf/grf.rf/gntv_or_sync_fifo.gcx.clkx/wr_pntr_cdc_inst/dest_graysync_ff_reg[0][3]/D
                            (rising edge-triggered cell FDRE clocked by clk_pll_i)
  Path Type:              Bus Skew (Max at Slow Process Corner)
  Requirement:            8.000ns
  Endpoint Relative Delay:   -0.527ns
  Reference Relative Delay:  -1.706ns
  Relative CRPR:              0.521ns
  Uncertainty:                0.228ns
  Actual Bus Skew:            0.886ns  (Endpoint Relative Delay - Reference Relative Delay - Relative CRPR + Uncertainty)

Endpoint path:
    Location             Delay type                Incr(ns)  Path(ns)    Netlist Resource(s)
  -------------------------------------------------------------------    -------------------
                         (clock clk_out2_clk_wiz_0 rise edge)
                                                      0.000     0.000 r  
    R4                                                0.000     0.000 r  sys_clk (IN)
                         net (fo=0)                   0.000     0.000    u_clock_and_reset/clk_wiz_0/inst/clk_in1
    R4                   IBUF (Prop_ibuf_I_O)         1.432     1.432 r  u_clock_and_reset/clk_wiz_0/inst/clkin1_ibufg/O
                         net (fo=1, routed)           1.065     2.497    u_clock_and_reset/clk_wiz_0/inst/clk_in1_clk_wiz_0
    MMCME2_ADV_X1Y0      MMCME2_ADV (Prop_mmcme2_adv_CLKIN1_CLKOUT1)
                                                     -5.921    -3.424 r  u_clock_and_reset/clk_wiz_0/inst/mmcm_adv_inst/CLKOUT1
                         net (fo=1, routed)           1.421    -2.004    u_clock_and_reset/clk_wiz_0/inst/clk_out2_clk_wiz_0
    BUFGCTRL_X0Y0        BUFG (Prop_bufg_I_O)         0.081    -1.923 r  u_clock_and_reset/clk_wiz_0/inst/clkout2_buf/O
                         net (fo=2732, routed)        1.408    -0.514    u_adma/axi_wr_channel/wr_buffer/wr_cmd_fifo/U0/inst_fifo_gen/gconvfifo.rf/grf.rf/gntv_or_sync_fifo.gcx.clkx/wr_pntr_cdc_inst/src_clk
    SLICE_X1Y76          FDRE                                         r  u_adma/axi_wr_channel/wr_buffer/wr_cmd_fifo/U0/inst_fifo_gen/gconvfifo.rf/grf.rf/gntv_or_sync_fifo.gcx.clkx/wr_pntr_cdc_inst/src_gray_ff_reg[0]/C
  -------------------------------------------------------------------    -------------------
    SLICE_X1Y76          FDRE (Prop_fdre_C_Q)         0.379    -0.135 r  u_adma/axi_wr_channel/wr_buffer/wr_cmd_fifo/U0/inst_fifo_gen/gconvfifo.rf/grf.rf/gntv_or_sync_fifo.gcx.clkx/wr_pntr_cdc_inst/src_gray_ff_reg[0]/Q
                         net (fo=1, routed)           0.606     0.471    u_adma/axi_wr_channel/wr_buffer/wr_cmd_fifo/U0/inst_fifo_gen/gconvfifo.rf/grf.rf/gntv_or_sync_fifo.gcx.clkx/wr_pntr_cdc_inst/async_path[0]
    SLICE_X0Y76          FDRE                                         r  u_adma/axi_wr_channel/wr_buffer/wr_cmd_fifo/U0/inst_fifo_gen/gconvfifo.rf/grf.rf/gntv_or_sync_fifo.gcx.clkx/wr_pntr_cdc_inst/dest_graysync_ff_reg[0][0]/D
  -------------------------------------------------------------------    -------------------

                         (clock clk_pll_i rise edge)
                                                      0.000     0.000 r  
    R4                                                0.000     0.000 r  sys_clk (IN)
                         net (fo=0)                   0.000     0.000    u_clock_and_reset/clk_wiz_0/inst/clk_in1
    R4                   IBUF (Prop_ibuf_I_O)         1.366     1.366 r  u_clock_and_reset/clk_wiz_0/inst/clkin1_ibufg/O
                         net (fo=1, routed)           1.004     2.369    u_clock_and_reset/clk_wiz_0/inst/clk_in1_clk_wiz_0
    MMCME2_ADV_X1Y0      MMCME2_ADV (Prop_mmcme2_adv_CLKIN1_CLKOUT0)
                                                     -6.057    -3.688 r  u_clock_and_reset/clk_wiz_0/inst/mmcm_adv_inst/CLKOUT0
                         net (fo=1, routed)           1.352    -2.335    u_clock_and_reset/clk_wiz_0/inst/clk_out1_clk_wiz_0
    BUFGCTRL_X0Y1        BUFG (Prop_bufg_I_O)         0.077    -2.258 r  u_clock_and_reset/clk_wiz_0/inst/clkout1_buf/O
                         net (fo=64, routed)          1.290    -0.968    u_ddr3/u_mig/u_mig_7series_0_mig/u_ddr3_infrastructure/CLK
    PLLE2_ADV_X1Y1       PLLE2_ADV (Prop_plle2_adv_CLKIN1_CLKOUT3)
                                                      0.073    -0.895 r  u_ddr3/u_mig/u_mig_7series_0_mig/u_ddr3_infrastructure/plle2_i/CLKOUT3
                         net (fo=1, routed)           0.929     0.034    u_ddr3/u_mig/u_mig_7series_0_mig/u_ddr3_infrastructure/pll_clk3_out
    BUFHCE_X1Y12         BUFH (Prop_bufh_I_O)         0.069     0.103 r  u_ddr3/u_mig/u_mig_7series_0_mig/u_ddr3_infrastructure/u_bufh_pll_clk3/O
                         net (fo=1, routed)           0.664     0.767    u_ddr3/u_mig/u_mig_7series_0_mig/u_ddr3_infrastructure/pll_clk3
    MMCME2_ADV_X1Y1      MMCME2_ADV (Prop_mmcme2_adv_CLKIN1_CLKFBOUT)
                                                     -2.699    -1.932 r  u_ddr3/u_mig/u_mig_7series_0_mig/u_ddr3_infrastructure/gen_mmcm.mmcm_i/CLKFBOUT
                         net (fo=1, routed)           1.352    -0.579    u_ddr3/u_mig/u_mig_7series_0_mig/u_ddr3_infrastructure/clk_pll_i
    BUFGCTRL_X0Y16       BUFG (Prop_bufg_I_O)         0.077    -0.502 r  u_ddr3/u_mig/u_mig_7series_0_mig/u_ddr3_infrastructure/u_bufg_clkdiv0/O
                         net (fo=18081, routed)       1.300     0.798    u_adma/axi_wr_channel/wr_buffer/wr_cmd_fifo/U0/inst_fifo_gen/gconvfifo.rf/grf.rf/gntv_or_sync_fifo.gcx.clkx/wr_pntr_cdc_inst/dest_clk
    SLICE_X0Y76          FDRE                                         r  u_adma/axi_wr_channel/wr_buffer/wr_cmd_fifo/U0/inst_fifo_gen/gconvfifo.rf/grf.rf/gntv_or_sync_fifo.gcx.clkx/wr_pntr_cdc_inst/dest_graysync_ff_reg[0][0]/C
                         clock pessimism              0.263     1.061    
    SLICE_X0Y76          FDRE (Setup_fdre_C_D)       -0.063     0.998    u_adma/axi_wr_channel/wr_buffer/wr_cmd_fifo/U0/inst_fifo_gen/gconvfifo.rf/grf.rf/gntv_or_sync_fifo.gcx.clkx/wr_pntr_cdc_inst/dest_graysync_ff_reg[0][0]
  -------------------------------------------------------------------
                         data arrival                           0.471    
                         clock arrival                          0.998    
  -------------------------------------------------------------------
                         relative delay                        -0.527    

Reference path:
    Location             Delay type                Incr(ns)  Path(ns)    Netlist Resource(s)
  -------------------------------------------------------------------    -------------------
                         (clock clk_out2_clk_wiz_0 rise edge)
                                                      0.000     0.000 r  
    R4                                                0.000     0.000 r  sys_clk (IN)
                         net (fo=0)                   0.000     0.000    u_clock_and_reset/clk_wiz_0/inst/clk_in1
    R4                   IBUF (Prop_ibuf_I_O)         1.366     1.366 r  u_clock_and_reset/clk_wiz_0/inst/clkin1_ibufg/O
                         net (fo=1, routed)           1.004     2.369    u_clock_and_reset/clk_wiz_0/inst/clk_in1_clk_wiz_0
    MMCME2_ADV_X1Y0      MMCME2_ADV (Prop_mmcme2_adv_CLKIN1_CLKOUT1)
                                                     -6.057    -3.688 r  u_clock_and_reset/clk_wiz_0/inst/mmcm_adv_inst/CLKOUT1
                         net (fo=1, routed)           1.352    -2.335    u_clock_and_reset/clk_wiz_0/inst/clk_out2_clk_wiz_0
    BUFGCTRL_X0Y0        BUFG (Prop_bufg_I_O)         0.077    -2.258 r  u_clock_and_reset/clk_wiz_0/inst/clkout2_buf/O
                         net (fo=2732, routed)        1.304    -0.954    u_adma/axi_wr_channel/wr_buffer/wr_cmd_fifo/U0/inst_fifo_gen/gconvfifo.rf/grf.rf/gntv_or_sync_fifo.gcx.clkx/wr_pntr_cdc_inst/src_clk
    SLICE_X1Y77          FDRE                                         r  u_adma/axi_wr_channel/wr_buffer/wr_cmd_fifo/U0/inst_fifo_gen/gconvfifo.rf/grf.rf/gntv_or_sync_fifo.gcx.clkx/wr_pntr_cdc_inst/src_gray_ff_reg[3]/C
  -------------------------------------------------------------------    -------------------
    SLICE_X1Y77          FDRE (Prop_fdre_C_Q)         0.279    -0.675 r  u_adma/axi_wr_channel/wr_buffer/wr_cmd_fifo/U0/inst_fifo_gen/gconvfifo.rf/grf.rf/gntv_or_sync_fifo.gcx.clkx/wr_pntr_cdc_inst/src_gray_ff_reg[3]/Q
                         net (fo=1, routed)           0.190    -0.485    u_adma/axi_wr_channel/wr_buffer/wr_cmd_fifo/U0/inst_fifo_gen/gconvfifo.rf/grf.rf/gntv_or_sync_fifo.gcx.clkx/wr_pntr_cdc_inst/async_path[3]
    SLICE_X1Y78          FDRE                                         r  u_adma/axi_wr_channel/wr_buffer/wr_cmd_fifo/U0/inst_fifo_gen/gconvfifo.rf/grf.rf/gntv_or_sync_fifo.gcx.clkx/wr_pntr_cdc_inst/dest_graysync_ff_reg[0][3]/D
  -------------------------------------------------------------------    -------------------

                         (clock clk_pll_i rise edge)
                                                      0.000     0.000 r  
    R4                                                0.000     0.000 r  sys_clk (IN)
                         net (fo=0)                   0.000     0.000    u_clock_and_reset/clk_wiz_0/inst/clk_in1
    R4                   IBUF (Prop_ibuf_I_O)         1.432     1.432 r  u_clock_and_reset/clk_wiz_0/inst/clkin1_ibufg/O
                         net (fo=1, routed)           1.065     2.497    u_clock_and_reset/clk_wiz_0/inst/clk_in1_clk_wiz_0
    MMCME2_ADV_X1Y0      MMCME2_ADV (Prop_mmcme2_adv_CLKIN1_CLKOUT0)
                                                     -5.921    -3.424 r  u_clock_and_reset/clk_wiz_0/inst/mmcm_adv_inst/CLKOUT0
                         net (fo=1, routed)           1.421    -2.004    u_clock_and_reset/clk_wiz_0/inst/clk_out1_clk_wiz_0
    BUFGCTRL_X0Y1        BUFG (Prop_bufg_I_O)         0.081    -1.923 r  u_clock_and_reset/clk_wiz_0/inst/clkout1_buf/O
                         net (fo=64, routed)          1.394    -0.528    u_ddr3/u_mig/u_mig_7series_0_mig/u_ddr3_infrastructure/CLK
    PLLE2_ADV_X1Y1       PLLE2_ADV (Prop_plle2_adv_CLKIN1_CLKOUT3)
                                                      0.077    -0.451 r  u_ddr3/u_mig/u_mig_7series_0_mig/u_ddr3_infrastructure/plle2_i/CLKOUT3
                         net (fo=1, routed)           1.062     0.611    u_ddr3/u_mig/u_mig_7series_0_mig/u_ddr3_infrastructure/pll_clk3_out
    BUFHCE_X1Y12         BUFH (Prop_bufh_I_O)         0.106     0.717 r  u_ddr3/u_mig/u_mig_7series_0_mig/u_ddr3_infrastructure/u_bufh_pll_clk3/O
                         net (fo=1, routed)           0.702     1.419    u_ddr3/u_mig/u_mig_7series_0_mig/u_ddr3_infrastructure/pll_clk3
    MMCME2_ADV_X1Y1      MMCME2_ADV (Prop_mmcme2_adv_CLKIN1_CLKFBOUT)
                                                     -2.874    -1.455 r  u_ddr3/u_mig/u_mig_7series_0_mig/u_ddr3_infrastructure/gen_mmcm.mmcm_i/CLKFBOUT
                         net (fo=1, routed)           1.421    -0.035    u_ddr3/u_mig/u_mig_7series_0_mig/u_ddr3_infrastructure/clk_pll_i
    BUFGCTRL_X0Y16       BUFG (Prop_bufg_I_O)         0.081     0.046 r  u_ddr3/u_mig/u_mig_7series_0_mig/u_ddr3_infrastructure/u_bufg_clkdiv0/O
                         net (fo=18081, routed)       1.408     1.455    u_adma/axi_wr_channel/wr_buffer/wr_cmd_fifo/U0/inst_fifo_gen/gconvfifo.rf/grf.rf/gntv_or_sync_fifo.gcx.clkx/wr_pntr_cdc_inst/dest_clk
    SLICE_X1Y78          FDRE                                         r  u_adma/axi_wr_channel/wr_buffer/wr_cmd_fifo/U0/inst_fifo_gen/gconvfifo.rf/grf.rf/gntv_or_sync_fifo.gcx.clkx/wr_pntr_cdc_inst/dest_graysync_ff_reg[0][3]/C
                         clock pessimism             -0.263     1.191    
    SLICE_X1Y78          FDRE (Hold_fdre_C_D)         0.029     1.220    u_adma/axi_wr_channel/wr_buffer/wr_cmd_fifo/U0/inst_fifo_gen/gconvfifo.rf/grf.rf/gntv_or_sync_fifo.gcx.clkx/wr_pntr_cdc_inst/dest_graysync_ff_reg[0][3]
  -------------------------------------------------------------------
                         data arrival                          -0.485    
                         clock arrival                          1.220    
  -------------------------------------------------------------------
                         relative delay                        -1.706    



Id: 9
set_bus_skew -from [get_cells [list {u_udp/u0/mac_send/frame_fifo/U0/inst_fifo_gen/gconvfifo.rf/grf.rf/gntv_or_sync_fifo.gcx.clkx/rd_pntr_cdc_inst/src_gray_ff_reg[0]} {u_udp/u0/mac_send/frame_fifo/U0/inst_fifo_gen/gconvfifo.rf/grf.rf/gntv_or_sync_fifo.gcx.clkx/rd_pntr_cdc_inst/src_gray_ff_reg[1]} {u_udp/u0/mac_send/frame_fifo/U0/inst_fifo_gen/gconvfifo.rf/grf.rf/gntv_or_sync_fifo.gcx.clkx/rd_pntr_cdc_inst/src_gray_ff_reg[2]} {u_udp/u0/mac_send/frame_fifo/U0/inst_fifo_gen/gconvfifo.rf/grf.rf/gntv_or_sync_fifo.gcx.clkx/rd_pntr_cdc_inst/src_gray_ff_reg[3]}]] -to [get_cells [list {u_udp/u0/mac_send/frame_fifo/U0/inst_fifo_gen/gconvfifo.rf/grf.rf/gntv_or_sync_fifo.gcx.clkx/rd_pntr_cdc_inst/dest_graysync_ff_reg[0][0]} {u_udp/u0/mac_send/frame_fifo/U0/inst_fifo_gen/gconvfifo.rf/grf.rf/gntv_or_sync_fifo.gcx.clkx/rd_pntr_cdc_inst/dest_graysync_ff_reg[0][1]} {u_udp/u0/mac_send/frame_fifo/U0/inst_fifo_gen/gconvfifo.rf/grf.rf/gntv_or_sync_fifo.gcx.clkx/rd_pntr_cdc_inst/dest_graysync_ff_reg[0][2]} {u_udp/u0/mac_send/frame_fifo/U0/inst_fifo_gen/gconvfifo.rf/grf.rf/gntv_or_sync_fifo.gcx.clkx/rd_pntr_cdc_inst/dest_graysync_ff_reg[0][3]}]] 8.000
Requirement: 8.000ns
Endpoints: 4

From Clock            To Clock              Endpoint Pin                    Reference Pin                   Corner  Actual(ns)  Slack(ns)
--------------------  --------------------  ------------------------------  ------------------------------  ------  ----------  ---------
clk_out2_clk_wiz_0    clk_pll_i             u_udp/u0/mac_send/frame_fifo/U0/inst_fifo_gen/gconvfifo.rf/grf.rf/gntv_or_sync_fifo.gcx.clkx/rd_pntr_cdc_inst/dest_graysync_ff_reg[0][1]/D
                                                                            u_udp/u0/mac_send/frame_fifo/U0/inst_fifo_gen/gconvfifo.rf/grf.rf/gntv_or_sync_fifo.gcx.clkx/rd_pntr_cdc_inst/dest_graysync_ff_reg[0][2]/D
                                                                                                            Slow         0.823      7.177


Slack (MET) :             7.177ns  (requirement - actual skew)
  Endpoint Source:        u_udp/u0/mac_send/frame_fifo/U0/inst_fifo_gen/gconvfifo.rf/grf.rf/gntv_or_sync_fifo.gcx.clkx/rd_pntr_cdc_inst/src_gray_ff_reg[1]/C
                            (rising edge-triggered cell FDRE clocked by clk_out2_clk_wiz_0)
  Endpoint Destination:   u_udp/u0/mac_send/frame_fifo/U0/inst_fifo_gen/gconvfifo.rf/grf.rf/gntv_or_sync_fifo.gcx.clkx/rd_pntr_cdc_inst/dest_graysync_ff_reg[0][1]/D
                            (rising edge-triggered cell FDRE clocked by clk_pll_i)
  Reference Source:       u_udp/u0/mac_send/frame_fifo/U0/inst_fifo_gen/gconvfifo.rf/grf.rf/gntv_or_sync_fifo.gcx.clkx/rd_pntr_cdc_inst/src_gray_ff_reg[2]/C
                            (rising edge-triggered cell FDRE clocked by clk_out2_clk_wiz_0)
  Reference Destination:  u_udp/u0/mac_send/frame_fifo/U0/inst_fifo_gen/gconvfifo.rf/grf.rf/gntv_or_sync_fifo.gcx.clkx/rd_pntr_cdc_inst/dest_graysync_ff_reg[0][2]/D
                            (rising edge-triggered cell FDRE clocked by clk_pll_i)
  Path Type:              Bus Skew (Max at Slow Process Corner)
  Requirement:            8.000ns
  Endpoint Relative Delay:   -0.609ns
  Reference Relative Delay:  -1.737ns
  Relative CRPR:              0.533ns
  Uncertainty:                0.228ns
  Actual Bus Skew:            0.823ns  (Endpoint Relative Delay - Reference Relative Delay - Relative CRPR + Uncertainty)

Endpoint path:
    Location             Delay type                Incr(ns)  Path(ns)    Netlist Resource(s)
  -------------------------------------------------------------------    -------------------
                         (clock clk_out2_clk_wiz_0 rise edge)
                                                      0.000     0.000 r  
    R4                                                0.000     0.000 r  sys_clk (IN)
                         net (fo=0)                   0.000     0.000    u_clock_and_reset/clk_wiz_0/inst/clk_in1
    R4                   IBUF (Prop_ibuf_I_O)         1.432     1.432 r  u_clock_and_reset/clk_wiz_0/inst/clkin1_ibufg/O
                         net (fo=1, routed)           1.065     2.497    u_clock_and_reset/clk_wiz_0/inst/clk_in1_clk_wiz_0
    MMCME2_ADV_X1Y0      MMCME2_ADV (Prop_mmcme2_adv_CLKIN1_CLKOUT1)
                                                     -5.921    -3.424 r  u_clock_and_reset/clk_wiz_0/inst/mmcm_adv_inst/CLKOUT1
                         net (fo=1, routed)           1.421    -2.004    u_clock_and_reset/clk_wiz_0/inst/clk_out2_clk_wiz_0
    BUFGCTRL_X0Y0        BUFG (Prop_bufg_I_O)         0.081    -1.923 r  u_clock_and_reset/clk_wiz_0/inst/clkout2_buf/O
                         net (fo=2732, routed)        1.439    -0.484    u_udp/u0/mac_send/frame_fifo/U0/inst_fifo_gen/gconvfifo.rf/grf.rf/gntv_or_sync_fifo.gcx.clkx/rd_pntr_cdc_inst/src_clk
    SLICE_X2Y7           FDRE                                         r  u_udp/u0/mac_send/frame_fifo/U0/inst_fifo_gen/gconvfifo.rf/grf.rf/gntv_or_sync_fifo.gcx.clkx/rd_pntr_cdc_inst/src_gray_ff_reg[1]/C
  -------------------------------------------------------------------    -------------------
    SLICE_X2Y7           FDRE (Prop_fdre_C_Q)         0.398    -0.086 r  u_udp/u0/mac_send/frame_fifo/U0/inst_fifo_gen/gconvfifo.rf/grf.rf/gntv_or_sync_fifo.gcx.clkx/rd_pntr_cdc_inst/src_gray_ff_reg[1]/Q
                         net (fo=1, routed)           0.370     0.284    u_udp/u0/mac_send/frame_fifo/U0/inst_fifo_gen/gconvfifo.rf/grf.rf/gntv_or_sync_fifo.gcx.clkx/rd_pntr_cdc_inst/async_path[1]
    SLICE_X1Y7           FDRE                                         r  u_udp/u0/mac_send/frame_fifo/U0/inst_fifo_gen/gconvfifo.rf/grf.rf/gntv_or_sync_fifo.gcx.clkx/rd_pntr_cdc_inst/dest_graysync_ff_reg[0][1]/D
  -------------------------------------------------------------------    -------------------

                         (clock clk_pll_i rise edge)
                                                      0.000     0.000 r  
    R4                                                0.000     0.000 r  sys_clk (IN)
                         net (fo=0)                   0.000     0.000    u_clock_and_reset/clk_wiz_0/inst/clk_in1
    R4                   IBUF (Prop_ibuf_I_O)         1.366     1.366 r  u_clock_and_reset/clk_wiz_0/inst/clkin1_ibufg/O
                         net (fo=1, routed)           1.004     2.369    u_clock_and_reset/clk_wiz_0/inst/clk_in1_clk_wiz_0
    MMCME2_ADV_X1Y0      MMCME2_ADV (Prop_mmcme2_adv_CLKIN1_CLKOUT0)
                                                     -6.057    -3.688 r  u_clock_and_reset/clk_wiz_0/inst/mmcm_adv_inst/CLKOUT0
                         net (fo=1, routed)           1.352    -2.335    u_clock_and_reset/clk_wiz_0/inst/clk_out1_clk_wiz_0
    BUFGCTRL_X0Y1        BUFG (Prop_bufg_I_O)         0.077    -2.258 r  u_clock_and_reset/clk_wiz_0/inst/clkout1_buf/O
                         net (fo=64, routed)          1.290    -0.968    u_ddr3/u_mig/u_mig_7series_0_mig/u_ddr3_infrastructure/CLK
    PLLE2_ADV_X1Y1       PLLE2_ADV (Prop_plle2_adv_CLKIN1_CLKOUT3)
                                                      0.073    -0.895 r  u_ddr3/u_mig/u_mig_7series_0_mig/u_ddr3_infrastructure/plle2_i/CLKOUT3
                         net (fo=1, routed)           0.929     0.034    u_ddr3/u_mig/u_mig_7series_0_mig/u_ddr3_infrastructure/pll_clk3_out
    BUFHCE_X1Y12         BUFH (Prop_bufh_I_O)         0.069     0.103 r  u_ddr3/u_mig/u_mig_7series_0_mig/u_ddr3_infrastructure/u_bufh_pll_clk3/O
                         net (fo=1, routed)           0.664     0.767    u_ddr3/u_mig/u_mig_7series_0_mig/u_ddr3_infrastructure/pll_clk3
    MMCME2_ADV_X1Y1      MMCME2_ADV (Prop_mmcme2_adv_CLKIN1_CLKFBOUT)
                                                     -2.699    -1.932 r  u_ddr3/u_mig/u_mig_7series_0_mig/u_ddr3_infrastructure/gen_mmcm.mmcm_i/CLKFBOUT
                         net (fo=1, routed)           1.352    -0.579    u_ddr3/u_mig/u_mig_7series_0_mig/u_ddr3_infrastructure/clk_pll_i
    BUFGCTRL_X0Y16       BUFG (Prop_bufg_I_O)         0.077    -0.502 r  u_ddr3/u_mig/u_mig_7series_0_mig/u_ddr3_infrastructure/u_bufg_clkdiv0/O
                         net (fo=18081, routed)       1.332     0.829    u_udp/u0/mac_send/frame_fifo/U0/inst_fifo_gen/gconvfifo.rf/grf.rf/gntv_or_sync_fifo.gcx.clkx/rd_pntr_cdc_inst/dest_clk
    SLICE_X1Y7           FDRE                                         r  u_udp/u0/mac_send/frame_fifo/U0/inst_fifo_gen/gconvfifo.rf/grf.rf/gntv_or_sync_fifo.gcx.clkx/rd_pntr_cdc_inst/dest_graysync_ff_reg[0][1]/C
                         clock pessimism              0.263     1.093    
    SLICE_X1Y7           FDRE (Setup_fdre_C_D)       -0.200     0.893    u_udp/u0/mac_send/frame_fifo/U0/inst_fifo_gen/gconvfifo.rf/grf.rf/gntv_or_sync_fifo.gcx.clkx/rd_pntr_cdc_inst/dest_graysync_ff_reg[0][1]
  -------------------------------------------------------------------
                         data arrival                           0.284    
                         clock arrival                          0.893    
  -------------------------------------------------------------------
                         relative delay                        -0.609    

Reference path:
    Location             Delay type                Incr(ns)  Path(ns)    Netlist Resource(s)
  -------------------------------------------------------------------    -------------------
                         (clock clk_out2_clk_wiz_0 rise edge)
                                                      0.000     0.000 r  
    R4                                                0.000     0.000 r  sys_clk (IN)
                         net (fo=0)                   0.000     0.000    u_clock_and_reset/clk_wiz_0/inst/clk_in1
    R4                   IBUF (Prop_ibuf_I_O)         1.366     1.366 r  u_clock_and_reset/clk_wiz_0/inst/clkin1_ibufg/O
                         net (fo=1, routed)           1.004     2.369    u_clock_and_reset/clk_wiz_0/inst/clk_in1_clk_wiz_0
    MMCME2_ADV_X1Y0      MMCME2_ADV (Prop_mmcme2_adv_CLKIN1_CLKOUT1)
                                                     -6.057    -3.688 r  u_clock_and_reset/clk_wiz_0/inst/mmcm_adv_inst/CLKOUT1
                         net (fo=1, routed)           1.352    -2.335    u_clock_and_reset/clk_wiz_0/inst/clk_out2_clk_wiz_0
    BUFGCTRL_X0Y0        BUFG (Prop_bufg_I_O)         0.077    -2.258 r  u_clock_and_reset/clk_wiz_0/inst/clkout2_buf/O
                         net (fo=2732, routed)        1.330    -0.929    u_udp/u0/mac_send/frame_fifo/U0/inst_fifo_gen/gconvfifo.rf/grf.rf/gntv_or_sync_fifo.gcx.clkx/rd_pntr_cdc_inst/src_clk
    SLICE_X2Y7           FDRE                                         r  u_udp/u0/mac_send/frame_fifo/U0/inst_fifo_gen/gconvfifo.rf/grf.rf/gntv_or_sync_fifo.gcx.clkx/rd_pntr_cdc_inst/src_gray_ff_reg[2]/C
  -------------------------------------------------------------------    -------------------
    SLICE_X2Y7           FDRE (Prop_fdre_C_Q)         0.347    -0.582 r  u_udp/u0/mac_send/frame_fifo/U0/inst_fifo_gen/gconvfifo.rf/grf.rf/gntv_or_sync_fifo.gcx.clkx/rd_pntr_cdc_inst/src_gray_ff_reg[2]/Q
                         net (fo=1, routed)           0.204    -0.377    u_udp/u0/mac_send/frame_fifo/U0/inst_fifo_gen/gconvfifo.rf/grf.rf/gntv_or_sync_fifo.gcx.clkx/rd_pntr_cdc_inst/async_path[2]
    SLICE_X5Y7           FDRE                                         r  u_udp/u0/mac_send/frame_fifo/U0/inst_fifo_gen/gconvfifo.rf/grf.rf/gntv_or_sync_fifo.gcx.clkx/rd_pntr_cdc_inst/dest_graysync_ff_reg[0][2]/D
  -------------------------------------------------------------------    -------------------

                         (clock clk_pll_i rise edge)
                                                      0.000     0.000 r  
    R4                                                0.000     0.000 r  sys_clk (IN)
                         net (fo=0)                   0.000     0.000    u_clock_and_reset/clk_wiz_0/inst/clk_in1
    R4                   IBUF (Prop_ibuf_I_O)         1.432     1.432 r  u_clock_and_reset/clk_wiz_0/inst/clkin1_ibufg/O
                         net (fo=1, routed)           1.065     2.497    u_clock_and_reset/clk_wiz_0/inst/clk_in1_clk_wiz_0
    MMCME2_ADV_X1Y0      MMCME2_ADV (Prop_mmcme2_adv_CLKIN1_CLKOUT0)
                                                     -5.921    -3.424 r  u_clock_and_reset/clk_wiz_0/inst/mmcm_adv_inst/CLKOUT0
                         net (fo=1, routed)           1.421    -2.004    u_clock_and_reset/clk_wiz_0/inst/clk_out1_clk_wiz_0
    BUFGCTRL_X0Y1        BUFG (Prop_bufg_I_O)         0.081    -1.923 r  u_clock_and_reset/clk_wiz_0/inst/clkout1_buf/O
                         net (fo=64, routed)          1.394    -0.528    u_ddr3/u_mig/u_mig_7series_0_mig/u_ddr3_infrastructure/CLK
    PLLE2_ADV_X1Y1       PLLE2_ADV (Prop_plle2_adv_CLKIN1_CLKOUT3)
                                                      0.077    -0.451 r  u_ddr3/u_mig/u_mig_7series_0_mig/u_ddr3_infrastructure/plle2_i/CLKOUT3
                         net (fo=1, routed)           1.062     0.611    u_ddr3/u_mig/u_mig_7series_0_mig/u_ddr3_infrastructure/pll_clk3_out
    BUFHCE_X1Y12         BUFH (Prop_bufh_I_O)         0.106     0.717 r  u_ddr3/u_mig/u_mig_7series_0_mig/u_ddr3_infrastructure/u_bufh_pll_clk3/O
                         net (fo=1, routed)           0.702     1.419    u_ddr3/u_mig/u_mig_7series_0_mig/u_ddr3_infrastructure/pll_clk3
    MMCME2_ADV_X1Y1      MMCME2_ADV (Prop_mmcme2_adv_CLKIN1_CLKFBOUT)
                                                     -2.874    -1.455 r  u_ddr3/u_mig/u_mig_7series_0_mig/u_ddr3_infrastructure/gen_mmcm.mmcm_i/CLKFBOUT
                         net (fo=1, routed)           1.421    -0.035    u_ddr3/u_mig/u_mig_7series_0_mig/u_ddr3_infrastructure/clk_pll_i
    BUFGCTRL_X0Y16       BUFG (Prop_bufg_I_O)         0.081     0.046 r  u_ddr3/u_mig/u_mig_7series_0_mig/u_ddr3_infrastructure/u_bufg_clkdiv0/O
                         net (fo=18081, routed)       1.441     1.487    u_udp/u0/mac_send/frame_fifo/U0/inst_fifo_gen/gconvfifo.rf/grf.rf/gntv_or_sync_fifo.gcx.clkx/rd_pntr_cdc_inst/dest_clk
    SLICE_X5Y7           FDRE                                         r  u_udp/u0/mac_send/frame_fifo/U0/inst_fifo_gen/gconvfifo.rf/grf.rf/gntv_or_sync_fifo.gcx.clkx/rd_pntr_cdc_inst/dest_graysync_ff_reg[0][2]/C
                         clock pessimism             -0.263     1.224    
    SLICE_X5Y7           FDRE (Hold_fdre_C_D)         0.136     1.360    u_udp/u0/mac_send/frame_fifo/U0/inst_fifo_gen/gconvfifo.rf/grf.rf/gntv_or_sync_fifo.gcx.clkx/rd_pntr_cdc_inst/dest_graysync_ff_reg[0][2]
  -------------------------------------------------------------------
                         data arrival                          -0.377    
                         clock arrival                          1.360    
  -------------------------------------------------------------------
                         relative delay                        -1.737    



Id: 10
set_bus_skew -from [get_cells [list {u_udp/u0/mac_send/frame_fifo/U0/inst_fifo_gen/gconvfifo.rf/grf.rf/gntv_or_sync_fifo.gcx.clkx/wr_pntr_cdc_inst/src_gray_ff_reg[0]} {u_udp/u0/mac_send/frame_fifo/U0/inst_fifo_gen/gconvfifo.rf/grf.rf/gntv_or_sync_fifo.gcx.clkx/wr_pntr_cdc_inst/src_gray_ff_reg[1]} {u_udp/u0/mac_send/frame_fifo/U0/inst_fifo_gen/gconvfifo.rf/grf.rf/gntv_or_sync_fifo.gcx.clkx/wr_pntr_cdc_inst/src_gray_ff_reg[2]} {u_udp/u0/mac_send/frame_fifo/U0/inst_fifo_gen/gconvfifo.rf/grf.rf/gntv_or_sync_fifo.gcx.clkx/wr_pntr_cdc_inst/src_gray_ff_reg[3]}]] -to [get_cells [list {u_udp/u0/mac_send/frame_fifo/U0/inst_fifo_gen/gconvfifo.rf/grf.rf/gntv_or_sync_fifo.gcx.clkx/wr_pntr_cdc_inst/dest_graysync_ff_reg[0][0]} {u_udp/u0/mac_send/frame_fifo/U0/inst_fifo_gen/gconvfifo.rf/grf.rf/gntv_or_sync_fifo.gcx.clkx/wr_pntr_cdc_inst/dest_graysync_ff_reg[0][1]} {u_udp/u0/mac_send/frame_fifo/U0/inst_fifo_gen/gconvfifo.rf/grf.rf/gntv_or_sync_fifo.gcx.clkx/wr_pntr_cdc_inst/dest_graysync_ff_reg[0][2]} {u_udp/u0/mac_send/frame_fifo/U0/inst_fifo_gen/gconvfifo.rf/grf.rf/gntv_or_sync_fifo.gcx.clkx/wr_pntr_cdc_inst/dest_graysync_ff_reg[0][3]}]] 8.000
Requirement: 8.000ns
Endpoints: 4

From Clock            To Clock              Endpoint Pin                    Reference Pin                   Corner  Actual(ns)  Slack(ns)
--------------------  --------------------  ------------------------------  ------------------------------  ------  ----------  ---------
clk_pll_i             clk_out2_clk_wiz_0    u_udp/u0/mac_send/frame_fifo/U0/inst_fifo_gen/gconvfifo.rf/grf.rf/gntv_or_sync_fifo.gcx.clkx/wr_pntr_cdc_inst/dest_graysync_ff_reg[0][1]/D
                                                                            u_udp/u0/mac_send/frame_fifo/U0/inst_fifo_gen/gconvfifo.rf/grf.rf/gntv_or_sync_fifo.gcx.clkx/wr_pntr_cdc_inst/dest_graysync_ff_reg[0][3]/D
                                                                                                            Slow         0.920      7.080


Slack (MET) :             7.080ns  (requirement - actual skew)
  Endpoint Source:        u_udp/u0/mac_send/frame_fifo/U0/inst_fifo_gen/gconvfifo.rf/grf.rf/gntv_or_sync_fifo.gcx.clkx/wr_pntr_cdc_inst/src_gray_ff_reg[1]/C
                            (rising edge-triggered cell FDRE clocked by clk_pll_i)
  Endpoint Destination:   u_udp/u0/mac_send/frame_fifo/U0/inst_fifo_gen/gconvfifo.rf/grf.rf/gntv_or_sync_fifo.gcx.clkx/wr_pntr_cdc_inst/dest_graysync_ff_reg[0][1]/D
                            (rising edge-triggered cell FDRE clocked by clk_out2_clk_wiz_0)
  Reference Source:       u_udp/u0/mac_send/frame_fifo/U0/inst_fifo_gen/gconvfifo.rf/grf.rf/gntv_or_sync_fifo.gcx.clkx/wr_pntr_cdc_inst/src_gray_ff_reg[3]/C
                            (rising edge-triggered cell FDRE clocked by clk_pll_i)
  Reference Destination:  u_udp/u0/mac_send/frame_fifo/U0/inst_fifo_gen/gconvfifo.rf/grf.rf/gntv_or_sync_fifo.gcx.clkx/wr_pntr_cdc_inst/dest_graysync_ff_reg[0][3]/D
                            (rising edge-triggered cell FDRE clocked by clk_out2_clk_wiz_0)
  Path Type:              Bus Skew (Max at Slow Process Corner)
  Requirement:            8.000ns
  Endpoint Relative Delay:    3.106ns
  Reference Relative Delay:   1.939ns
  Relative CRPR:              0.525ns
  Uncertainty:                0.279ns
  Actual Bus Skew:            0.920ns  (Endpoint Relative Delay - Reference Relative Delay - Relative CRPR + Uncertainty)

Endpoint path:
    Location             Delay type                Incr(ns)  Path(ns)    Netlist Resource(s)
  -------------------------------------------------------------------    -------------------
                         (clock clk_pll_i rise edge)
                                                      0.000     0.000 r  
    R4                                                0.000     0.000 r  sys_clk (IN)
                         net (fo=0)                   0.000     0.000    u_clock_and_reset/clk_wiz_0/inst/clk_in1
    R4                   IBUF (Prop_ibuf_I_O)         1.432     1.432 r  u_clock_and_reset/clk_wiz_0/inst/clkin1_ibufg/O
                         net (fo=1, routed)           1.065     2.497    u_clock_and_reset/clk_wiz_0/inst/clk_in1_clk_wiz_0
    MMCME2_ADV_X1Y0      MMCME2_ADV (Prop_mmcme2_adv_CLKIN1_CLKOUT0)
                                                     -5.921    -3.424 r  u_clock_and_reset/clk_wiz_0/inst/mmcm_adv_inst/CLKOUT0
                         net (fo=1, routed)           1.421    -2.004    u_clock_and_reset/clk_wiz_0/inst/clk_out1_clk_wiz_0
    BUFGCTRL_X0Y1        BUFG (Prop_bufg_I_O)         0.081    -1.923 r  u_clock_and_reset/clk_wiz_0/inst/clkout1_buf/O
                         net (fo=64, routed)          1.394    -0.528    u_ddr3/u_mig/u_mig_7series_0_mig/u_ddr3_infrastructure/CLK
    PLLE2_ADV_X1Y1       PLLE2_ADV (Prop_plle2_adv_CLKIN1_CLKOUT3)
                                                      0.077    -0.451 r  u_ddr3/u_mig/u_mig_7series_0_mig/u_ddr3_infrastructure/plle2_i/CLKOUT3
                         net (fo=1, routed)           1.062     0.611    u_ddr3/u_mig/u_mig_7series_0_mig/u_ddr3_infrastructure/pll_clk3_out
    BUFHCE_X1Y12         BUFH (Prop_bufh_I_O)         0.106     0.717 r  u_ddr3/u_mig/u_mig_7series_0_mig/u_ddr3_infrastructure/u_bufh_pll_clk3/O
                         net (fo=1, routed)           0.702     1.419    u_ddr3/u_mig/u_mig_7series_0_mig/u_ddr3_infrastructure/pll_clk3
    MMCME2_ADV_X1Y1      MMCME2_ADV (Prop_mmcme2_adv_CLKIN1_CLKFBOUT)
                                                     -2.874    -1.455 r  u_ddr3/u_mig/u_mig_7series_0_mig/u_ddr3_infrastructure/gen_mmcm.mmcm_i/CLKFBOUT
                         net (fo=1, routed)           1.421    -0.035    u_ddr3/u_mig/u_mig_7series_0_mig/u_ddr3_infrastructure/clk_pll_i
    BUFGCTRL_X0Y16       BUFG (Prop_bufg_I_O)         0.081     0.046 r  u_ddr3/u_mig/u_mig_7series_0_mig/u_ddr3_infrastructure/u_bufg_clkdiv0/O
                         net (fo=18081, routed)       1.441     1.487    u_udp/u0/mac_send/frame_fifo/U0/inst_fifo_gen/gconvfifo.rf/grf.rf/gntv_or_sync_fifo.gcx.clkx/wr_pntr_cdc_inst/src_clk
    SLICE_X2Y9           FDRE                                         r  u_udp/u0/mac_send/frame_fifo/U0/inst_fifo_gen/gconvfifo.rf/grf.rf/gntv_or_sync_fifo.gcx.clkx/wr_pntr_cdc_inst/src_gray_ff_reg[1]/C
  -------------------------------------------------------------------    -------------------
    SLICE_X2Y9           FDRE (Prop_fdre_C_Q)         0.398     1.885 r  u_udp/u0/mac_send/frame_fifo/U0/inst_fifo_gen/gconvfifo.rf/grf.rf/gntv_or_sync_fifo.gcx.clkx/wr_pntr_cdc_inst/src_gray_ff_reg[1]/Q
                         net (fo=1, routed)           0.355     2.240    u_udp/u0/mac_send/frame_fifo/U0/inst_fifo_gen/gconvfifo.rf/grf.rf/gntv_or_sync_fifo.gcx.clkx/wr_pntr_cdc_inst/async_path[1]
    SLICE_X1Y9           FDRE                                         r  u_udp/u0/mac_send/frame_fifo/U0/inst_fifo_gen/gconvfifo.rf/grf.rf/gntv_or_sync_fifo.gcx.clkx/wr_pntr_cdc_inst/dest_graysync_ff_reg[0][1]/D
  -------------------------------------------------------------------    -------------------

                         (clock clk_out2_clk_wiz_0 rise edge)
                                                      0.000     0.000 r  
    R4                                                0.000     0.000 r  sys_clk (IN)
                         net (fo=0)                   0.000     0.000    u_clock_and_reset/clk_wiz_0/inst/clk_in1
    R4                   IBUF (Prop_ibuf_I_O)         1.366     1.366 r  u_clock_and_reset/clk_wiz_0/inst/clkin1_ibufg/O
                         net (fo=1, routed)           1.004     2.369    u_clock_and_reset/clk_wiz_0/inst/clk_in1_clk_wiz_0
    MMCME2_ADV_X1Y0      MMCME2_ADV (Prop_mmcme2_adv_CLKIN1_CLKOUT1)
                                                     -6.057    -3.688 r  u_clock_and_reset/clk_wiz_0/inst/mmcm_adv_inst/CLKOUT1
                         net (fo=1, routed)           1.352    -2.335    u_clock_and_reset/clk_wiz_0/inst/clk_out2_clk_wiz_0
    BUFGCTRL_X0Y0        BUFG (Prop_bufg_I_O)         0.077    -2.258 r  u_clock_and_reset/clk_wiz_0/inst/clkout2_buf/O
                         net (fo=2732, routed)        1.329    -0.930    u_udp/u0/mac_send/frame_fifo/U0/inst_fifo_gen/gconvfifo.rf/grf.rf/gntv_or_sync_fifo.gcx.clkx/wr_pntr_cdc_inst/dest_clk
    SLICE_X1Y9           FDRE                                         r  u_udp/u0/mac_send/frame_fifo/U0/inst_fifo_gen/gconvfifo.rf/grf.rf/gntv_or_sync_fifo.gcx.clkx/wr_pntr_cdc_inst/dest_graysync_ff_reg[0][1]/C
                         clock pessimism              0.263    -0.666    
    SLICE_X1Y9           FDRE (Setup_fdre_C_D)       -0.200    -0.866    u_udp/u0/mac_send/frame_fifo/U0/inst_fifo_gen/gconvfifo.rf/grf.rf/gntv_or_sync_fifo.gcx.clkx/wr_pntr_cdc_inst/dest_graysync_ff_reg[0][1]
  -------------------------------------------------------------------
                         data arrival                           2.240    
                         clock arrival                         -0.866    
  -------------------------------------------------------------------
                         relative delay                         3.106    

Reference path:
    Location             Delay type                Incr(ns)  Path(ns)    Netlist Resource(s)
  -------------------------------------------------------------------    -------------------
                         (clock clk_pll_i rise edge)
                                                      0.000     0.000 r  
    R4                                                0.000     0.000 r  sys_clk (IN)
                         net (fo=0)                   0.000     0.000    u_clock_and_reset/clk_wiz_0/inst/clk_in1
    R4                   IBUF (Prop_ibuf_I_O)         1.366     1.366 r  u_clock_and_reset/clk_wiz_0/inst/clkin1_ibufg/O
                         net (fo=1, routed)           1.004     2.369    u_clock_and_reset/clk_wiz_0/inst/clk_in1_clk_wiz_0
    MMCME2_ADV_X1Y0      MMCME2_ADV (Prop_mmcme2_adv_CLKIN1_CLKOUT0)
                                                     -6.057    -3.688 r  u_clock_and_reset/clk_wiz_0/inst/mmcm_adv_inst/CLKOUT0
                         net (fo=1, routed)           1.352    -2.335    u_clock_and_reset/clk_wiz_0/inst/clk_out1_clk_wiz_0
    BUFGCTRL_X0Y1        BUFG (Prop_bufg_I_O)         0.077    -2.258 r  u_clock_and_reset/clk_wiz_0/inst/clkout1_buf/O
                         net (fo=64, routed)          1.290    -0.968    u_ddr3/u_mig/u_mig_7series_0_mig/u_ddr3_infrastructure/CLK
    PLLE2_ADV_X1Y1       PLLE2_ADV (Prop_plle2_adv_CLKIN1_CLKOUT3)
                                                      0.073    -0.895 r  u_ddr3/u_mig/u_mig_7series_0_mig/u_ddr3_infrastructure/plle2_i/CLKOUT3
                         net (fo=1, routed)           0.929     0.034    u_ddr3/u_mig/u_mig_7series_0_mig/u_ddr3_infrastructure/pll_clk3_out
    BUFHCE_X1Y12         BUFH (Prop_bufh_I_O)         0.069     0.103 r  u_ddr3/u_mig/u_mig_7series_0_mig/u_ddr3_infrastructure/u_bufh_pll_clk3/O
                         net (fo=1, routed)           0.664     0.767    u_ddr3/u_mig/u_mig_7series_0_mig/u_ddr3_infrastructure/pll_clk3
    MMCME2_ADV_X1Y1      MMCME2_ADV (Prop_mmcme2_adv_CLKIN1_CLKFBOUT)
                                                     -2.699    -1.932 r  u_ddr3/u_mig/u_mig_7series_0_mig/u_ddr3_infrastructure/gen_mmcm.mmcm_i/CLKFBOUT
                         net (fo=1, routed)           1.352    -0.579    u_ddr3/u_mig/u_mig_7series_0_mig/u_ddr3_infrastructure/clk_pll_i
    BUFGCTRL_X0Y16       BUFG (Prop_bufg_I_O)         0.077    -0.502 r  u_ddr3/u_mig/u_mig_7series_0_mig/u_ddr3_infrastructure/u_bufg_clkdiv0/O
                         net (fo=18081, routed)       1.330     0.827    u_udp/u0/mac_send/frame_fifo/U0/inst_fifo_gen/gconvfifo.rf/grf.rf/gntv_or_sync_fifo.gcx.clkx/wr_pntr_cdc_inst/src_clk
    SLICE_X1Y10          FDRE                                         r  u_udp/u0/mac_send/frame_fifo/U0/inst_fifo_gen/gconvfifo.rf/grf.rf/gntv_or_sync_fifo.gcx.clkx/wr_pntr_cdc_inst/src_gray_ff_reg[3]/C
  -------------------------------------------------------------------    -------------------
    SLICE_X1Y10          FDRE (Prop_fdre_C_Q)         0.304     1.131 r  u_udp/u0/mac_send/frame_fifo/U0/inst_fifo_gen/gconvfifo.rf/grf.rf/gntv_or_sync_fifo.gcx.clkx/wr_pntr_cdc_inst/src_gray_ff_reg[3]/Q
                         net (fo=1, routed)           0.197     1.328    u_udp/u0/mac_send/frame_fifo/U0/inst_fifo_gen/gconvfifo.rf/grf.rf/gntv_or_sync_fifo.gcx.clkx/wr_pntr_cdc_inst/async_path[3]
    SLICE_X0Y9           FDRE                                         r  u_udp/u0/mac_send/frame_fifo/U0/inst_fifo_gen/gconvfifo.rf/grf.rf/gntv_or_sync_fifo.gcx.clkx/wr_pntr_cdc_inst/dest_graysync_ff_reg[0][3]/D
  -------------------------------------------------------------------    -------------------

                         (clock clk_out2_clk_wiz_0 rise edge)
                                                      0.000     0.000 r  
    R4                                                0.000     0.000 r  sys_clk (IN)
                         net (fo=0)                   0.000     0.000    u_clock_and_reset/clk_wiz_0/inst/clk_in1
    R4                   IBUF (Prop_ibuf_I_O)         1.432     1.432 r  u_clock_and_reset/clk_wiz_0/inst/clkin1_ibufg/O
                         net (fo=1, routed)           1.065     2.497    u_clock_and_reset/clk_wiz_0/inst/clk_in1_clk_wiz_0
    MMCME2_ADV_X1Y0      MMCME2_ADV (Prop_mmcme2_adv_CLKIN1_CLKOUT1)
                                                     -5.921    -3.424 r  u_clock_and_reset/clk_wiz_0/inst/mmcm_adv_inst/CLKOUT1
                         net (fo=1, routed)           1.421    -2.004    u_clock_and_reset/clk_wiz_0/inst/clk_out2_clk_wiz_0
    BUFGCTRL_X0Y0        BUFG (Prop_bufg_I_O)         0.081    -1.923 r  u_clock_and_reset/clk_wiz_0/inst/clkout2_buf/O
                         net (fo=2732, routed)        1.438    -0.485    u_udp/u0/mac_send/frame_fifo/U0/inst_fifo_gen/gconvfifo.rf/grf.rf/gntv_or_sync_fifo.gcx.clkx/wr_pntr_cdc_inst/dest_clk
    SLICE_X0Y9           FDRE                                         r  u_udp/u0/mac_send/frame_fifo/U0/inst_fifo_gen/gconvfifo.rf/grf.rf/gntv_or_sync_fifo.gcx.clkx/wr_pntr_cdc_inst/dest_graysync_ff_reg[0][3]/C
                         clock pessimism             -0.263    -0.748    
    SLICE_X0Y9           FDRE (Hold_fdre_C_D)         0.138    -0.610    u_udp/u0/mac_send/frame_fifo/U0/inst_fifo_gen/gconvfifo.rf/grf.rf/gntv_or_sync_fifo.gcx.clkx/wr_pntr_cdc_inst/dest_graysync_ff_reg[0][3]
  -------------------------------------------------------------------
                         data arrival                           1.328    
                         clock arrival                         -0.610    
  -------------------------------------------------------------------
                         relative delay                         1.939    



Id: 11
set_bus_skew -from [get_cells [list {u_udp/u3/arp_receive/arp_rx_fifo/U0/inst_fifo_gen/gconvfifo.rf/grf.rf/gntv_or_sync_fifo.gcx.clkx/rd_pntr_cdc_inst/src_gray_ff_reg[0]} {u_udp/u3/arp_receive/arp_rx_fifo/U0/inst_fifo_gen/gconvfifo.rf/grf.rf/gntv_or_sync_fifo.gcx.clkx/rd_pntr_cdc_inst/src_gray_ff_reg[1]} {u_udp/u3/arp_receive/arp_rx_fifo/U0/inst_fifo_gen/gconvfifo.rf/grf.rf/gntv_or_sync_fifo.gcx.clkx/rd_pntr_cdc_inst/src_gray_ff_reg[2]} {u_udp/u3/arp_receive/arp_rx_fifo/U0/inst_fifo_gen/gconvfifo.rf/grf.rf/gntv_or_sync_fifo.gcx.clkx/rd_pntr_cdc_inst/src_gray_ff_reg[3]}]] -to [get_cells [list {u_udp/u3/arp_receive/arp_rx_fifo/U0/inst_fifo_gen/gconvfifo.rf/grf.rf/gntv_or_sync_fifo.gcx.clkx/rd_pntr_cdc_inst/dest_graysync_ff_reg[0][0]} {u_udp/u3/arp_receive/arp_rx_fifo/U0/inst_fifo_gen/gconvfifo.rf/grf.rf/gntv_or_sync_fifo.gcx.clkx/rd_pntr_cdc_inst/dest_graysync_ff_reg[0][1]} {u_udp/u3/arp_receive/arp_rx_fifo/U0/inst_fifo_gen/gconvfifo.rf/grf.rf/gntv_or_sync_fifo.gcx.clkx/rd_pntr_cdc_inst/dest_graysync_ff_reg[0][2]} {u_udp/u3/arp_receive/arp_rx_fifo/U0/inst_fifo_gen/gconvfifo.rf/grf.rf/gntv_or_sync_fifo.gcx.clkx/rd_pntr_cdc_inst/dest_graysync_ff_reg[0][3]}]] 8.000
Requirement: 8.000ns
Endpoints: 4

From Clock            To Clock              Endpoint Pin                    Reference Pin                   Corner  Actual(ns)  Slack(ns)
--------------------  --------------------  ------------------------------  ------------------------------  ------  ----------  ---------
clk_pll_i             clk_out2_clk_wiz_0    u_udp/u3/arp_receive/arp_rx_fifo/U0/inst_fifo_gen/gconvfifo.rf/grf.rf/gntv_or_sync_fifo.gcx.clkx/rd_pntr_cdc_inst/dest_graysync_ff_reg[0][3]/D
                                                                            u_udp/u3/arp_receive/arp_rx_fifo/U0/inst_fifo_gen/gconvfifo.rf/grf.rf/gntv_or_sync_fifo.gcx.clkx/rd_pntr_cdc_inst/dest_graysync_ff_reg[0][2]/D
                                                                                                            Slow         0.873      7.127


Slack (MET) :             7.127ns  (requirement - actual skew)
  Endpoint Source:        u_udp/u3/arp_receive/arp_rx_fifo/U0/inst_fifo_gen/gconvfifo.rf/grf.rf/gntv_or_sync_fifo.gcx.clkx/rd_pntr_cdc_inst/src_gray_ff_reg[3]/C
                            (rising edge-triggered cell FDRE clocked by clk_pll_i)
  Endpoint Destination:   u_udp/u3/arp_receive/arp_rx_fifo/U0/inst_fifo_gen/gconvfifo.rf/grf.rf/gntv_or_sync_fifo.gcx.clkx/rd_pntr_cdc_inst/dest_graysync_ff_reg[0][3]/D
                            (rising edge-triggered cell FDRE clocked by clk_out2_clk_wiz_0)
  Reference Source:       u_udp/u3/arp_receive/arp_rx_fifo/U0/inst_fifo_gen/gconvfifo.rf/grf.rf/gntv_or_sync_fifo.gcx.clkx/rd_pntr_cdc_inst/src_gray_ff_reg[2]/C
                            (rising edge-triggered cell FDRE clocked by clk_pll_i)
  Reference Destination:  u_udp/u3/arp_receive/arp_rx_fifo/U0/inst_fifo_gen/gconvfifo.rf/grf.rf/gntv_or_sync_fifo.gcx.clkx/rd_pntr_cdc_inst/dest_graysync_ff_reg[0][2]/D
                            (rising edge-triggered cell FDRE clocked by clk_out2_clk_wiz_0)
  Path Type:              Bus Skew (Max at Slow Process Corner)
  Requirement:            8.000ns
  Endpoint Relative Delay:    3.075ns
  Reference Relative Delay:   1.933ns
  Relative CRPR:              0.547ns
  Uncertainty:                0.279ns
  Actual Bus Skew:            0.873ns  (Endpoint Relative Delay - Reference Relative Delay - Relative CRPR + Uncertainty)

Endpoint path:
    Location             Delay type                Incr(ns)  Path(ns)    Netlist Resource(s)
  -------------------------------------------------------------------    -------------------
                         (clock clk_pll_i rise edge)
                                                      0.000     0.000 r  
    R4                                                0.000     0.000 r  sys_clk (IN)
                         net (fo=0)                   0.000     0.000    u_clock_and_reset/clk_wiz_0/inst/clk_in1
    R4                   IBUF (Prop_ibuf_I_O)         1.432     1.432 r  u_clock_and_reset/clk_wiz_0/inst/clkin1_ibufg/O
                         net (fo=1, routed)           1.065     2.497    u_clock_and_reset/clk_wiz_0/inst/clk_in1_clk_wiz_0
    MMCME2_ADV_X1Y0      MMCME2_ADV (Prop_mmcme2_adv_CLKIN1_CLKOUT0)
                                                     -5.921    -3.424 r  u_clock_and_reset/clk_wiz_0/inst/mmcm_adv_inst/CLKOUT0
                         net (fo=1, routed)           1.421    -2.004    u_clock_and_reset/clk_wiz_0/inst/clk_out1_clk_wiz_0
    BUFGCTRL_X0Y1        BUFG (Prop_bufg_I_O)         0.081    -1.923 r  u_clock_and_reset/clk_wiz_0/inst/clkout1_buf/O
                         net (fo=64, routed)          1.394    -0.528    u_ddr3/u_mig/u_mig_7series_0_mig/u_ddr3_infrastructure/CLK
    PLLE2_ADV_X1Y1       PLLE2_ADV (Prop_plle2_adv_CLKIN1_CLKOUT3)
                                                      0.077    -0.451 r  u_ddr3/u_mig/u_mig_7series_0_mig/u_ddr3_infrastructure/plle2_i/CLKOUT3
                         net (fo=1, routed)           1.062     0.611    u_ddr3/u_mig/u_mig_7series_0_mig/u_ddr3_infrastructure/pll_clk3_out
    BUFHCE_X1Y12         BUFH (Prop_bufh_I_O)         0.106     0.717 r  u_ddr3/u_mig/u_mig_7series_0_mig/u_ddr3_infrastructure/u_bufh_pll_clk3/O
                         net (fo=1, routed)           0.702     1.419    u_ddr3/u_mig/u_mig_7series_0_mig/u_ddr3_infrastructure/pll_clk3
    MMCME2_ADV_X1Y1      MMCME2_ADV (Prop_mmcme2_adv_CLKIN1_CLKFBOUT)
                                                     -2.874    -1.455 r  u_ddr3/u_mig/u_mig_7series_0_mig/u_ddr3_infrastructure/gen_mmcm.mmcm_i/CLKFBOUT
                         net (fo=1, routed)           1.421    -0.035    u_ddr3/u_mig/u_mig_7series_0_mig/u_ddr3_infrastructure/clk_pll_i
    BUFGCTRL_X0Y16       BUFG (Prop_bufg_I_O)         0.081     0.046 r  u_ddr3/u_mig/u_mig_7series_0_mig/u_ddr3_infrastructure/u_bufg_clkdiv0/O
                         net (fo=18081, routed)       1.362     1.408    u_udp/u3/arp_receive/arp_rx_fifo/U0/inst_fifo_gen/gconvfifo.rf/grf.rf/gntv_or_sync_fifo.gcx.clkx/rd_pntr_cdc_inst/src_clk
    SLICE_X43Y17         FDRE                                         r  u_udp/u3/arp_receive/arp_rx_fifo/U0/inst_fifo_gen/gconvfifo.rf/grf.rf/gntv_or_sync_fifo.gcx.clkx/rd_pntr_cdc_inst/src_gray_ff_reg[3]/C
  -------------------------------------------------------------------    -------------------
    SLICE_X43Y17         FDRE (Prop_fdre_C_Q)         0.348     1.756 r  u_udp/u3/arp_receive/arp_rx_fifo/U0/inst_fifo_gen/gconvfifo.rf/grf.rf/gntv_or_sync_fifo.gcx.clkx/rd_pntr_cdc_inst/src_gray_ff_reg[3]/Q
                         net (fo=1, routed)           0.368     2.124    u_udp/u3/arp_receive/arp_rx_fifo/U0/inst_fifo_gen/gconvfifo.rf/grf.rf/gntv_or_sync_fifo.gcx.clkx/rd_pntr_cdc_inst/async_path[3]
    SLICE_X43Y18         FDRE                                         r  u_udp/u3/arp_receive/arp_rx_fifo/U0/inst_fifo_gen/gconvfifo.rf/grf.rf/gntv_or_sync_fifo.gcx.clkx/rd_pntr_cdc_inst/dest_graysync_ff_reg[0][3]/D
  -------------------------------------------------------------------    -------------------

                         (clock clk_out2_clk_wiz_0 rise edge)
                                                      0.000     0.000 r  
    R4                                                0.000     0.000 r  sys_clk (IN)
                         net (fo=0)                   0.000     0.000    u_clock_and_reset/clk_wiz_0/inst/clk_in1
    R4                   IBUF (Prop_ibuf_I_O)         1.366     1.366 r  u_clock_and_reset/clk_wiz_0/inst/clkin1_ibufg/O
                         net (fo=1, routed)           1.004     2.369    u_clock_and_reset/clk_wiz_0/inst/clk_in1_clk_wiz_0
    MMCME2_ADV_X1Y0      MMCME2_ADV (Prop_mmcme2_adv_CLKIN1_CLKOUT1)
                                                     -6.057    -3.688 r  u_clock_and_reset/clk_wiz_0/inst/mmcm_adv_inst/CLKOUT1
                         net (fo=1, routed)           1.352    -2.335    u_clock_and_reset/clk_wiz_0/inst/clk_out2_clk_wiz_0
    BUFGCTRL_X0Y0        BUFG (Prop_bufg_I_O)         0.077    -2.258 r  u_clock_and_reset/clk_wiz_0/inst/clkout2_buf/O
                         net (fo=2732, routed)        1.251    -1.008    u_udp/u3/arp_receive/arp_rx_fifo/U0/inst_fifo_gen/gconvfifo.rf/grf.rf/gntv_or_sync_fifo.gcx.clkx/rd_pntr_cdc_inst/dest_clk
    SLICE_X43Y18         FDRE                                         r  u_udp/u3/arp_receive/arp_rx_fifo/U0/inst_fifo_gen/gconvfifo.rf/grf.rf/gntv_or_sync_fifo.gcx.clkx/rd_pntr_cdc_inst/dest_graysync_ff_reg[0][3]/C
                         clock pessimism              0.263    -0.744    
    SLICE_X43Y18         FDRE (Setup_fdre_C_D)       -0.207    -0.951    u_udp/u3/arp_receive/arp_rx_fifo/U0/inst_fifo_gen/gconvfifo.rf/grf.rf/gntv_or_sync_fifo.gcx.clkx/rd_pntr_cdc_inst/dest_graysync_ff_reg[0][3]
  -------------------------------------------------------------------
                         data arrival                           2.124    
                         clock arrival                         -0.951    
  -------------------------------------------------------------------
                         relative delay                         3.075    

Reference path:
    Location             Delay type                Incr(ns)  Path(ns)    Netlist Resource(s)
  -------------------------------------------------------------------    -------------------
                         (clock clk_pll_i rise edge)
                                                      0.000     0.000 r  
    R4                                                0.000     0.000 r  sys_clk (IN)
                         net (fo=0)                   0.000     0.000    u_clock_and_reset/clk_wiz_0/inst/clk_in1
    R4                   IBUF (Prop_ibuf_I_O)         1.366     1.366 r  u_clock_and_reset/clk_wiz_0/inst/clkin1_ibufg/O
                         net (fo=1, routed)           1.004     2.369    u_clock_and_reset/clk_wiz_0/inst/clk_in1_clk_wiz_0
    MMCME2_ADV_X1Y0      MMCME2_ADV (Prop_mmcme2_adv_CLKIN1_CLKOUT0)
                                                     -6.057    -3.688 r  u_clock_and_reset/clk_wiz_0/inst/mmcm_adv_inst/CLKOUT0
                         net (fo=1, routed)           1.352    -2.335    u_clock_and_reset/clk_wiz_0/inst/clk_out1_clk_wiz_0
    BUFGCTRL_X0Y1        BUFG (Prop_bufg_I_O)         0.077    -2.258 r  u_clock_and_reset/clk_wiz_0/inst/clkout1_buf/O
                         net (fo=64, routed)          1.290    -0.968    u_ddr3/u_mig/u_mig_7series_0_mig/u_ddr3_infrastructure/CLK
    PLLE2_ADV_X1Y1       PLLE2_ADV (Prop_plle2_adv_CLKIN1_CLKOUT3)
                                                      0.073    -0.895 r  u_ddr3/u_mig/u_mig_7series_0_mig/u_ddr3_infrastructure/plle2_i/CLKOUT3
                         net (fo=1, routed)           0.929     0.034    u_ddr3/u_mig/u_mig_7series_0_mig/u_ddr3_infrastructure/pll_clk3_out
    BUFHCE_X1Y12         BUFH (Prop_bufh_I_O)         0.069     0.103 r  u_ddr3/u_mig/u_mig_7series_0_mig/u_ddr3_infrastructure/u_bufh_pll_clk3/O
                         net (fo=1, routed)           0.664     0.767    u_ddr3/u_mig/u_mig_7series_0_mig/u_ddr3_infrastructure/pll_clk3
    MMCME2_ADV_X1Y1      MMCME2_ADV (Prop_mmcme2_adv_CLKIN1_CLKFBOUT)
                                                     -2.699    -1.932 r  u_ddr3/u_mig/u_mig_7series_0_mig/u_ddr3_infrastructure/gen_mmcm.mmcm_i/CLKFBOUT
                         net (fo=1, routed)           1.352    -0.579    u_ddr3/u_mig/u_mig_7series_0_mig/u_ddr3_infrastructure/clk_pll_i
    BUFGCTRL_X0Y16       BUFG (Prop_bufg_I_O)         0.077    -0.502 r  u_ddr3/u_mig/u_mig_7series_0_mig/u_ddr3_infrastructure/u_bufg_clkdiv0/O
                         net (fo=18081, routed)       1.254     0.751    u_udp/u3/arp_receive/arp_rx_fifo/U0/inst_fifo_gen/gconvfifo.rf/grf.rf/gntv_or_sync_fifo.gcx.clkx/rd_pntr_cdc_inst/src_clk
    SLICE_X43Y17         FDRE                                         r  u_udp/u3/arp_receive/arp_rx_fifo/U0/inst_fifo_gen/gconvfifo.rf/grf.rf/gntv_or_sync_fifo.gcx.clkx/rd_pntr_cdc_inst/src_gray_ff_reg[2]/C
  -------------------------------------------------------------------    -------------------
    SLICE_X43Y17         FDRE (Prop_fdre_C_Q)         0.304     1.055 r  u_udp/u3/arp_receive/arp_rx_fifo/U0/inst_fifo_gen/gconvfifo.rf/grf.rf/gntv_or_sync_fifo.gcx.clkx/rd_pntr_cdc_inst/src_gray_ff_reg[2]/Q
                         net (fo=1, routed)           0.189     1.244    u_udp/u3/arp_receive/arp_rx_fifo/U0/inst_fifo_gen/gconvfifo.rf/grf.rf/gntv_or_sync_fifo.gcx.clkx/rd_pntr_cdc_inst/async_path[2]
    SLICE_X41Y17         FDRE                                         r  u_udp/u3/arp_receive/arp_rx_fifo/U0/inst_fifo_gen/gconvfifo.rf/grf.rf/gntv_or_sync_fifo.gcx.clkx/rd_pntr_cdc_inst/dest_graysync_ff_reg[0][2]/D
  -------------------------------------------------------------------    -------------------

                         (clock clk_out2_clk_wiz_0 rise edge)
                                                      0.000     0.000 r  
    R4                                                0.000     0.000 r  sys_clk (IN)
                         net (fo=0)                   0.000     0.000    u_clock_and_reset/clk_wiz_0/inst/clk_in1
    R4                   IBUF (Prop_ibuf_I_O)         1.432     1.432 r  u_clock_and_reset/clk_wiz_0/inst/clkin1_ibufg/O
                         net (fo=1, routed)           1.065     2.497    u_clock_and_reset/clk_wiz_0/inst/clk_in1_clk_wiz_0
    MMCME2_ADV_X1Y0      MMCME2_ADV (Prop_mmcme2_adv_CLKIN1_CLKOUT1)
                                                     -5.921    -3.424 r  u_clock_and_reset/clk_wiz_0/inst/mmcm_adv_inst/CLKOUT1
                         net (fo=1, routed)           1.421    -2.004    u_clock_and_reset/clk_wiz_0/inst/clk_out2_clk_wiz_0
    BUFGCTRL_X0Y0        BUFG (Prop_bufg_I_O)         0.081    -1.923 r  u_clock_and_reset/clk_wiz_0/inst/clkout2_buf/O
                         net (fo=2732, routed)        1.359    -0.564    u_udp/u3/arp_receive/arp_rx_fifo/U0/inst_fifo_gen/gconvfifo.rf/grf.rf/gntv_or_sync_fifo.gcx.clkx/rd_pntr_cdc_inst/dest_clk
    SLICE_X41Y17         FDRE                                         r  u_udp/u3/arp_receive/arp_rx_fifo/U0/inst_fifo_gen/gconvfifo.rf/grf.rf/gntv_or_sync_fifo.gcx.clkx/rd_pntr_cdc_inst/dest_graysync_ff_reg[0][2]/C
                         clock pessimism             -0.263    -0.827    
    SLICE_X41Y17         FDRE (Hold_fdre_C_D)         0.138    -0.689    u_udp/u3/arp_receive/arp_rx_fifo/U0/inst_fifo_gen/gconvfifo.rf/grf.rf/gntv_or_sync_fifo.gcx.clkx/rd_pntr_cdc_inst/dest_graysync_ff_reg[0][2]
  -------------------------------------------------------------------
                         data arrival                           1.244    
                         clock arrival                         -0.689    
  -------------------------------------------------------------------
                         relative delay                         1.933    



Id: 12
set_bus_skew -from [get_cells [list {u_udp/u3/arp_receive/arp_rx_fifo/U0/inst_fifo_gen/gconvfifo.rf/grf.rf/gntv_or_sync_fifo.gcx.clkx/wr_pntr_cdc_inst/src_gray_ff_reg[0]} {u_udp/u3/arp_receive/arp_rx_fifo/U0/inst_fifo_gen/gconvfifo.rf/grf.rf/gntv_or_sync_fifo.gcx.clkx/wr_pntr_cdc_inst/src_gray_ff_reg[1]} {u_udp/u3/arp_receive/arp_rx_fifo/U0/inst_fifo_gen/gconvfifo.rf/grf.rf/gntv_or_sync_fifo.gcx.clkx/wr_pntr_cdc_inst/src_gray_ff_reg[2]} {u_udp/u3/arp_receive/arp_rx_fifo/U0/inst_fifo_gen/gconvfifo.rf/grf.rf/gntv_or_sync_fifo.gcx.clkx/wr_pntr_cdc_inst/src_gray_ff_reg[3]}]] -to [get_cells [list {u_udp/u3/arp_receive/arp_rx_fifo/U0/inst_fifo_gen/gconvfifo.rf/grf.rf/gntv_or_sync_fifo.gcx.clkx/wr_pntr_cdc_inst/dest_graysync_ff_reg[0][0]} {u_udp/u3/arp_receive/arp_rx_fifo/U0/inst_fifo_gen/gconvfifo.rf/grf.rf/gntv_or_sync_fifo.gcx.clkx/wr_pntr_cdc_inst/dest_graysync_ff_reg[0][1]} {u_udp/u3/arp_receive/arp_rx_fifo/U0/inst_fifo_gen/gconvfifo.rf/grf.rf/gntv_or_sync_fifo.gcx.clkx/wr_pntr_cdc_inst/dest_graysync_ff_reg[0][2]} {u_udp/u3/arp_receive/arp_rx_fifo/U0/inst_fifo_gen/gconvfifo.rf/grf.rf/gntv_or_sync_fifo.gcx.clkx/wr_pntr_cdc_inst/dest_graysync_ff_reg[0][3]}]] 8.000
Requirement: 8.000ns
Endpoints: 4

From Clock            To Clock              Endpoint Pin                    Reference Pin                   Corner  Actual(ns)  Slack(ns)
--------------------  --------------------  ------------------------------  ------------------------------  ------  ----------  ---------
clk_out2_clk_wiz_0    clk_pll_i             u_udp/u3/arp_receive/arp_rx_fifo/U0/inst_fifo_gen/gconvfifo.rf/grf.rf/gntv_or_sync_fifo.gcx.clkx/wr_pntr_cdc_inst/dest_graysync_ff_reg[0][1]/D
                                                                            u_udp/u3/arp_receive/arp_rx_fifo/U0/inst_fifo_gen/gconvfifo.rf/grf.rf/gntv_or_sync_fifo.gcx.clkx/wr_pntr_cdc_inst/dest_graysync_ff_reg[0][3]/D
                                                                                                            Slow         0.826      7.174


Slack (MET) :             7.174ns  (requirement - actual skew)
  Endpoint Source:        u_udp/u3/arp_receive/arp_rx_fifo/U0/inst_fifo_gen/gconvfifo.rf/grf.rf/gntv_or_sync_fifo.gcx.clkx/wr_pntr_cdc_inst/src_gray_ff_reg[1]/C
                            (rising edge-triggered cell FDRE clocked by clk_out2_clk_wiz_0)
  Endpoint Destination:   u_udp/u3/arp_receive/arp_rx_fifo/U0/inst_fifo_gen/gconvfifo.rf/grf.rf/gntv_or_sync_fifo.gcx.clkx/wr_pntr_cdc_inst/dest_graysync_ff_reg[0][1]/D
                            (rising edge-triggered cell FDRE clocked by clk_pll_i)
  Reference Source:       u_udp/u3/arp_receive/arp_rx_fifo/U0/inst_fifo_gen/gconvfifo.rf/grf.rf/gntv_or_sync_fifo.gcx.clkx/wr_pntr_cdc_inst/src_gray_ff_reg[3]/C
                            (rising edge-triggered cell FDRE clocked by clk_out2_clk_wiz_0)
  Reference Destination:  u_udp/u3/arp_receive/arp_rx_fifo/U0/inst_fifo_gen/gconvfifo.rf/grf.rf/gntv_or_sync_fifo.gcx.clkx/wr_pntr_cdc_inst/dest_graysync_ff_reg[0][3]/D
                            (rising edge-triggered cell FDRE clocked by clk_pll_i)
  Path Type:              Bus Skew (Max at Slow Process Corner)
  Requirement:            8.000ns
  Endpoint Relative Delay:   -0.601ns
  Reference Relative Delay:  -1.705ns
  Relative CRPR:              0.507ns
  Uncertainty:                0.228ns
  Actual Bus Skew:            0.826ns  (Endpoint Relative Delay - Reference Relative Delay - Relative CRPR + Uncertainty)

Endpoint path:
    Location             Delay type                Incr(ns)  Path(ns)    Netlist Resource(s)
  -------------------------------------------------------------------    -------------------
                         (clock clk_out2_clk_wiz_0 rise edge)
                                                      0.000     0.000 r  
    R4                                                0.000     0.000 r  sys_clk (IN)
                         net (fo=0)                   0.000     0.000    u_clock_and_reset/clk_wiz_0/inst/clk_in1
    R4                   IBUF (Prop_ibuf_I_O)         1.432     1.432 r  u_clock_and_reset/clk_wiz_0/inst/clkin1_ibufg/O
                         net (fo=1, routed)           1.065     2.497    u_clock_and_reset/clk_wiz_0/inst/clk_in1_clk_wiz_0
    MMCME2_ADV_X1Y0      MMCME2_ADV (Prop_mmcme2_adv_CLKIN1_CLKOUT1)
                                                     -5.921    -3.424 r  u_clock_and_reset/clk_wiz_0/inst/mmcm_adv_inst/CLKOUT1
                         net (fo=1, routed)           1.421    -2.004    u_clock_and_reset/clk_wiz_0/inst/clk_out2_clk_wiz_0
    BUFGCTRL_X0Y0        BUFG (Prop_bufg_I_O)         0.081    -1.923 r  u_clock_and_reset/clk_wiz_0/inst/clkout2_buf/O
                         net (fo=2732, routed)        1.365    -0.558    u_udp/u3/arp_receive/arp_rx_fifo/U0/inst_fifo_gen/gconvfifo.rf/grf.rf/gntv_or_sync_fifo.gcx.clkx/wr_pntr_cdc_inst/src_clk
    SLICE_X47Y13         FDRE                                         r  u_udp/u3/arp_receive/arp_rx_fifo/U0/inst_fifo_gen/gconvfifo.rf/grf.rf/gntv_or_sync_fifo.gcx.clkx/wr_pntr_cdc_inst/src_gray_ff_reg[1]/C
  -------------------------------------------------------------------    -------------------
    SLICE_X47Y13         FDRE (Prop_fdre_C_Q)         0.348    -0.210 r  u_udp/u3/arp_receive/arp_rx_fifo/U0/inst_fifo_gen/gconvfifo.rf/grf.rf/gntv_or_sync_fifo.gcx.clkx/wr_pntr_cdc_inst/src_gray_ff_reg[1]/Q
                         net (fo=1, routed)           0.422     0.212    u_udp/u3/arp_receive/arp_rx_fifo/U0/inst_fifo_gen/gconvfifo.rf/grf.rf/gntv_or_sync_fifo.gcx.clkx/wr_pntr_cdc_inst/async_path[1]
    SLICE_X48Y12         FDRE                                         r  u_udp/u3/arp_receive/arp_rx_fifo/U0/inst_fifo_gen/gconvfifo.rf/grf.rf/gntv_or_sync_fifo.gcx.clkx/wr_pntr_cdc_inst/dest_graysync_ff_reg[0][1]/D
  -------------------------------------------------------------------    -------------------

                         (clock clk_pll_i rise edge)
                                                      0.000     0.000 r  
    R4                                                0.000     0.000 r  sys_clk (IN)
                         net (fo=0)                   0.000     0.000    u_clock_and_reset/clk_wiz_0/inst/clk_in1
    R4                   IBUF (Prop_ibuf_I_O)         1.366     1.366 r  u_clock_and_reset/clk_wiz_0/inst/clkin1_ibufg/O
                         net (fo=1, routed)           1.004     2.369    u_clock_and_reset/clk_wiz_0/inst/clk_in1_clk_wiz_0
    MMCME2_ADV_X1Y0      MMCME2_ADV (Prop_mmcme2_adv_CLKIN1_CLKOUT0)
                                                     -6.057    -3.688 r  u_clock_and_reset/clk_wiz_0/inst/mmcm_adv_inst/CLKOUT0
                         net (fo=1, routed)           1.352    -2.335    u_clock_and_reset/clk_wiz_0/inst/clk_out1_clk_wiz_0
    BUFGCTRL_X0Y1        BUFG (Prop_bufg_I_O)         0.077    -2.258 r  u_clock_and_reset/clk_wiz_0/inst/clkout1_buf/O
                         net (fo=64, routed)          1.290    -0.968    u_ddr3/u_mig/u_mig_7series_0_mig/u_ddr3_infrastructure/CLK
    PLLE2_ADV_X1Y1       PLLE2_ADV (Prop_plle2_adv_CLKIN1_CLKOUT3)
                                                      0.073    -0.895 r  u_ddr3/u_mig/u_mig_7series_0_mig/u_ddr3_infrastructure/plle2_i/CLKOUT3
                         net (fo=1, routed)           0.929     0.034    u_ddr3/u_mig/u_mig_7series_0_mig/u_ddr3_infrastructure/pll_clk3_out
    BUFHCE_X1Y12         BUFH (Prop_bufh_I_O)         0.069     0.103 r  u_ddr3/u_mig/u_mig_7series_0_mig/u_ddr3_infrastructure/u_bufh_pll_clk3/O
                         net (fo=1, routed)           0.664     0.767    u_ddr3/u_mig/u_mig_7series_0_mig/u_ddr3_infrastructure/pll_clk3
    MMCME2_ADV_X1Y1      MMCME2_ADV (Prop_mmcme2_adv_CLKIN1_CLKFBOUT)
                                                     -2.699    -1.932 r  u_ddr3/u_mig/u_mig_7series_0_mig/u_ddr3_infrastructure/gen_mmcm.mmcm_i/CLKFBOUT
                         net (fo=1, routed)           1.352    -0.579    u_ddr3/u_mig/u_mig_7series_0_mig/u_ddr3_infrastructure/clk_pll_i
    BUFGCTRL_X0Y16       BUFG (Prop_bufg_I_O)         0.077    -0.502 r  u_ddr3/u_mig/u_mig_7series_0_mig/u_ddr3_infrastructure/u_bufg_clkdiv0/O
                         net (fo=18081, routed)       1.262     0.759    u_udp/u3/arp_receive/arp_rx_fifo/U0/inst_fifo_gen/gconvfifo.rf/grf.rf/gntv_or_sync_fifo.gcx.clkx/wr_pntr_cdc_inst/dest_clk
    SLICE_X48Y12         FDRE                                         r  u_udp/u3/arp_receive/arp_rx_fifo/U0/inst_fifo_gen/gconvfifo.rf/grf.rf/gntv_or_sync_fifo.gcx.clkx/wr_pntr_cdc_inst/dest_graysync_ff_reg[0][1]/C
                         clock pessimism              0.263     1.023    
    SLICE_X48Y12         FDRE (Setup_fdre_C_D)       -0.210     0.813    u_udp/u3/arp_receive/arp_rx_fifo/U0/inst_fifo_gen/gconvfifo.rf/grf.rf/gntv_or_sync_fifo.gcx.clkx/wr_pntr_cdc_inst/dest_graysync_ff_reg[0][1]
  -------------------------------------------------------------------
                         data arrival                           0.212    
                         clock arrival                          0.813    
  -------------------------------------------------------------------
                         relative delay                        -0.601    

Reference path:
    Location             Delay type                Incr(ns)  Path(ns)    Netlist Resource(s)
  -------------------------------------------------------------------    -------------------
                         (clock clk_out2_clk_wiz_0 rise edge)
                                                      0.000     0.000 r  
    R4                                                0.000     0.000 r  sys_clk (IN)
                         net (fo=0)                   0.000     0.000    u_clock_and_reset/clk_wiz_0/inst/clk_in1
    R4                   IBUF (Prop_ibuf_I_O)         1.366     1.366 r  u_clock_and_reset/clk_wiz_0/inst/clkin1_ibufg/O
                         net (fo=1, routed)           1.004     2.369    u_clock_and_reset/clk_wiz_0/inst/clk_in1_clk_wiz_0
    MMCME2_ADV_X1Y0      MMCME2_ADV (Prop_mmcme2_adv_CLKIN1_CLKOUT1)
                                                     -6.057    -3.688 r  u_clock_and_reset/clk_wiz_0/inst/mmcm_adv_inst/CLKOUT1
                         net (fo=1, routed)           1.352    -2.335    u_clock_and_reset/clk_wiz_0/inst/clk_out2_clk_wiz_0
    BUFGCTRL_X0Y0        BUFG (Prop_bufg_I_O)         0.077    -2.258 r  u_clock_and_reset/clk_wiz_0/inst/clkout2_buf/O
                         net (fo=2732, routed)        1.260    -0.999    u_udp/u3/arp_receive/arp_rx_fifo/U0/inst_fifo_gen/gconvfifo.rf/grf.rf/gntv_or_sync_fifo.gcx.clkx/wr_pntr_cdc_inst/src_clk
    SLICE_X48Y11         FDRE                                         r  u_udp/u3/arp_receive/arp_rx_fifo/U0/inst_fifo_gen/gconvfifo.rf/grf.rf/gntv_or_sync_fifo.gcx.clkx/wr_pntr_cdc_inst/src_gray_ff_reg[3]/C
  -------------------------------------------------------------------    -------------------
    SLICE_X48Y11         FDRE (Prop_fdre_C_Q)         0.279    -0.720 r  u_udp/u3/arp_receive/arp_rx_fifo/U0/inst_fifo_gen/gconvfifo.rf/grf.rf/gntv_or_sync_fifo.gcx.clkx/wr_pntr_cdc_inst/src_gray_ff_reg[3]/Q
                         net (fo=1, routed)           0.197    -0.523    u_udp/u3/arp_receive/arp_rx_fifo/U0/inst_fifo_gen/gconvfifo.rf/grf.rf/gntv_or_sync_fifo.gcx.clkx/wr_pntr_cdc_inst/async_path[3]
    SLICE_X48Y10         FDRE                                         r  u_udp/u3/arp_receive/arp_rx_fifo/U0/inst_fifo_gen/gconvfifo.rf/grf.rf/gntv_or_sync_fifo.gcx.clkx/wr_pntr_cdc_inst/dest_graysync_ff_reg[0][3]/D
  -------------------------------------------------------------------    -------------------

                         (clock clk_pll_i rise edge)
                                                      0.000     0.000 r  
    R4                                                0.000     0.000 r  sys_clk (IN)
                         net (fo=0)                   0.000     0.000    u_clock_and_reset/clk_wiz_0/inst/clk_in1
    R4                   IBUF (Prop_ibuf_I_O)         1.432     1.432 r  u_clock_and_reset/clk_wiz_0/inst/clkin1_ibufg/O
                         net (fo=1, routed)           1.065     2.497    u_clock_and_reset/clk_wiz_0/inst/clk_in1_clk_wiz_0
    MMCME2_ADV_X1Y0      MMCME2_ADV (Prop_mmcme2_adv_CLKIN1_CLKOUT0)
                                                     -5.921    -3.424 r  u_clock_and_reset/clk_wiz_0/inst/mmcm_adv_inst/CLKOUT0
                         net (fo=1, routed)           1.421    -2.004    u_clock_and_reset/clk_wiz_0/inst/clk_out1_clk_wiz_0
    BUFGCTRL_X0Y1        BUFG (Prop_bufg_I_O)         0.081    -1.923 r  u_clock_and_reset/clk_wiz_0/inst/clkout1_buf/O
                         net (fo=64, routed)          1.394    -0.528    u_ddr3/u_mig/u_mig_7series_0_mig/u_ddr3_infrastructure/CLK
    PLLE2_ADV_X1Y1       PLLE2_ADV (Prop_plle2_adv_CLKIN1_CLKOUT3)
                                                      0.077    -0.451 r  u_ddr3/u_mig/u_mig_7series_0_mig/u_ddr3_infrastructure/plle2_i/CLKOUT3
                         net (fo=1, routed)           1.062     0.611    u_ddr3/u_mig/u_mig_7series_0_mig/u_ddr3_infrastructure/pll_clk3_out
    BUFHCE_X1Y12         BUFH (Prop_bufh_I_O)         0.106     0.717 r  u_ddr3/u_mig/u_mig_7series_0_mig/u_ddr3_infrastructure/u_bufh_pll_clk3/O
                         net (fo=1, routed)           0.702     1.419    u_ddr3/u_mig/u_mig_7series_0_mig/u_ddr3_infrastructure/pll_clk3
    MMCME2_ADV_X1Y1      MMCME2_ADV (Prop_mmcme2_adv_CLKIN1_CLKFBOUT)
                                                     -2.874    -1.455 r  u_ddr3/u_mig/u_mig_7series_0_mig/u_ddr3_infrastructure/gen_mmcm.mmcm_i/CLKFBOUT
                         net (fo=1, routed)           1.421    -0.035    u_ddr3/u_mig/u_mig_7series_0_mig/u_ddr3_infrastructure/clk_pll_i
    BUFGCTRL_X0Y16       BUFG (Prop_bufg_I_O)         0.081     0.046 r  u_ddr3/u_mig/u_mig_7series_0_mig/u_ddr3_infrastructure/u_bufg_clkdiv0/O
                         net (fo=18081, routed)       1.374     1.420    u_udp/u3/arp_receive/arp_rx_fifo/U0/inst_fifo_gen/gconvfifo.rf/grf.rf/gntv_or_sync_fifo.gcx.clkx/wr_pntr_cdc_inst/dest_clk
    SLICE_X48Y10         FDRE                                         r  u_udp/u3/arp_receive/arp_rx_fifo/U0/inst_fifo_gen/gconvfifo.rf/grf.rf/gntv_or_sync_fifo.gcx.clkx/wr_pntr_cdc_inst/dest_graysync_ff_reg[0][3]/C
                         clock pessimism             -0.263     1.157    
    SLICE_X48Y10         FDRE (Hold_fdre_C_D)         0.026     1.183    u_udp/u3/arp_receive/arp_rx_fifo/U0/inst_fifo_gen/gconvfifo.rf/grf.rf/gntv_or_sync_fifo.gcx.clkx/wr_pntr_cdc_inst/dest_graysync_ff_reg[0][3]
  -------------------------------------------------------------------
                         data arrival                          -0.523    
                         clock arrival                          1.183    
  -------------------------------------------------------------------
                         relative delay                        -1.705    



Id: 13
set_bus_skew -from [get_cells [list {u_udp/u0/mac_receive/data_fifo/U0/inst_fifo_gen/gconvfifo.rf/grf.rf/gntv_or_sync_fifo.gcx.clkx/rd_pntr_cdc_inst/src_gray_ff_reg[0]} \
          {u_udp/u0/mac_receive/data_fifo/U0/inst_fifo_gen/gconvfifo.rf/grf.rf/gntv_or_sync_fifo.gcx.clkx/rd_pntr_cdc_inst/src_gray_ff_reg[10]} \
          {u_udp/u0/mac_receive/data_fifo/U0/inst_fifo_gen/gconvfifo.rf/grf.rf/gntv_or_sync_fifo.gcx.clkx/rd_pntr_cdc_inst/src_gray_ff_reg[11]} \
          {u_udp/u0/mac_receive/data_fifo/U0/inst_fifo_gen/gconvfifo.rf/grf.rf/gntv_or_sync_fifo.gcx.clkx/rd_pntr_cdc_inst/src_gray_ff_reg[1]} \
          {u_udp/u0/mac_receive/data_fifo/U0/inst_fifo_gen/gconvfifo.rf/grf.rf/gntv_or_sync_fifo.gcx.clkx/rd_pntr_cdc_inst/src_gray_ff_reg[2]} \
          {u_udp/u0/mac_receive/data_fifo/U0/inst_fifo_gen/gconvfifo.rf/grf.rf/gntv_or_sync_fifo.gcx.clkx/rd_pntr_cdc_inst/src_gray_ff_reg[3]} \
          {u_udp/u0/mac_receive/data_fifo/U0/inst_fifo_gen/gconvfifo.rf/grf.rf/gntv_or_sync_fifo.gcx.clkx/rd_pntr_cdc_inst/src_gray_ff_reg[4]} \
          {u_udp/u0/mac_receive/data_fifo/U0/inst_fifo_gen/gconvfifo.rf/grf.rf/gntv_or_sync_fifo.gcx.clkx/rd_pntr_cdc_inst/src_gray_ff_reg[5]} \
          {u_udp/u0/mac_receive/data_fifo/U0/inst_fifo_gen/gconvfifo.rf/grf.rf/gntv_or_sync_fifo.gcx.clkx/rd_pntr_cdc_inst/src_gray_ff_reg[6]} \
          {u_udp/u0/mac_receive/data_fifo/U0/inst_fifo_gen/gconvfifo.rf/grf.rf/gntv_or_sync_fifo.gcx.clkx/rd_pntr_cdc_inst/src_gray_ff_reg[7]} \
          {u_udp/u0/mac_receive/data_fifo/U0/inst_fifo_gen/gconvfifo.rf/grf.rf/gntv_or_sync_fifo.gcx.clkx/rd_pntr_cdc_inst/src_gray_ff_reg[8]} \
          {u_udp/u0/mac_receive/data_fifo/U0/inst_fifo_gen/gconvfifo.rf/grf.rf/gntv_or_sync_fifo.gcx.clkx/rd_pntr_cdc_inst/src_gray_ff_reg[9]}]] -to [get_cells [list {u_udp/u0/mac_receive/data_fifo/U0/inst_fifo_gen/gconvfifo.rf/grf.rf/gntv_or_sync_fifo.gcx.clkx/rd_pntr_cdc_inst/dest_graysync_ff_reg[0][0]} \
          {u_udp/u0/mac_receive/data_fifo/U0/inst_fifo_gen/gconvfifo.rf/grf.rf/gntv_or_sync_fifo.gcx.clkx/rd_pntr_cdc_inst/dest_graysync_ff_reg[0][10]} \
          {u_udp/u0/mac_receive/data_fifo/U0/inst_fifo_gen/gconvfifo.rf/grf.rf/gntv_or_sync_fifo.gcx.clkx/rd_pntr_cdc_inst/dest_graysync_ff_reg[0][11]} \
          {u_udp/u0/mac_receive/data_fifo/U0/inst_fifo_gen/gconvfifo.rf/grf.rf/gntv_or_sync_fifo.gcx.clkx/rd_pntr_cdc_inst/dest_graysync_ff_reg[0][1]} \
          {u_udp/u0/mac_receive/data_fifo/U0/inst_fifo_gen/gconvfifo.rf/grf.rf/gntv_or_sync_fifo.gcx.clkx/rd_pntr_cdc_inst/dest_graysync_ff_reg[0][2]} \
          {u_udp/u0/mac_receive/data_fifo/U0/inst_fifo_gen/gconvfifo.rf/grf.rf/gntv_or_sync_fifo.gcx.clkx/rd_pntr_cdc_inst/dest_graysync_ff_reg[0][3]} \
          {u_udp/u0/mac_receive/data_fifo/U0/inst_fifo_gen/gconvfifo.rf/grf.rf/gntv_or_sync_fifo.gcx.clkx/rd_pntr_cdc_inst/dest_graysync_ff_reg[0][4]} \
          {u_udp/u0/mac_receive/data_fifo/U0/inst_fifo_gen/gconvfifo.rf/grf.rf/gntv_or_sync_fifo.gcx.clkx/rd_pntr_cdc_inst/dest_graysync_ff_reg[0][5]} \
          {u_udp/u0/mac_receive/data_fifo/U0/inst_fifo_gen/gconvfifo.rf/grf.rf/gntv_or_sync_fifo.gcx.clkx/rd_pntr_cdc_inst/dest_graysync_ff_reg[0][6]} \
          {u_udp/u0/mac_receive/data_fifo/U0/inst_fifo_gen/gconvfifo.rf/grf.rf/gntv_or_sync_fifo.gcx.clkx/rd_pntr_cdc_inst/dest_graysync_ff_reg[0][7]} \
          {u_udp/u0/mac_receive/data_fifo/U0/inst_fifo_gen/gconvfifo.rf/grf.rf/gntv_or_sync_fifo.gcx.clkx/rd_pntr_cdc_inst/dest_graysync_ff_reg[0][8]} \
          {u_udp/u0/mac_receive/data_fifo/U0/inst_fifo_gen/gconvfifo.rf/grf.rf/gntv_or_sync_fifo.gcx.clkx/rd_pntr_cdc_inst/dest_graysync_ff_reg[0][9]}]] 8.000
Requirement: 8.000ns
Endpoints: 12

From Clock            To Clock              Endpoint Pin                    Reference Pin                   Corner  Actual(ns)  Slack(ns)
--------------------  --------------------  ------------------------------  ------------------------------  ------  ----------  ---------
clk_out2_clk_wiz_0    eth_rxc               u_udp/u0/mac_receive/data_fifo/U0/inst_fifo_gen/gconvfifo.rf/grf.rf/gntv_or_sync_fifo.gcx.clkx/rd_pntr_cdc_inst/dest_graysync_ff_reg[0][5]/D
                                                                            u_udp/u0/mac_receive/data_fifo/U0/inst_fifo_gen/gconvfifo.rf/grf.rf/gntv_or_sync_fifo.gcx.clkx/rd_pntr_cdc_inst/dest_graysync_ff_reg[0][10]/D
                                                                                                            Slow         1.004      6.996


Slack (MET) :             6.996ns  (requirement - actual skew)
  Endpoint Source:        u_udp/u0/mac_receive/data_fifo/U0/inst_fifo_gen/gconvfifo.rf/grf.rf/gntv_or_sync_fifo.gcx.clkx/rd_pntr_cdc_inst/src_gray_ff_reg[5]/C
                            (rising edge-triggered cell FDRE clocked by clk_out2_clk_wiz_0)
  Endpoint Destination:   u_udp/u0/mac_receive/data_fifo/U0/inst_fifo_gen/gconvfifo.rf/grf.rf/gntv_or_sync_fifo.gcx.clkx/rd_pntr_cdc_inst/dest_graysync_ff_reg[0][5]/D
                            (rising edge-triggered cell FDRE clocked by eth_rxc)
  Reference Source:       u_udp/u0/mac_receive/data_fifo/U0/inst_fifo_gen/gconvfifo.rf/grf.rf/gntv_or_sync_fifo.gcx.clkx/rd_pntr_cdc_inst/src_gray_ff_reg[10]/C
                            (rising edge-triggered cell FDRE clocked by clk_out2_clk_wiz_0)
  Reference Destination:  u_udp/u0/mac_receive/data_fifo/U0/inst_fifo_gen/gconvfifo.rf/grf.rf/gntv_or_sync_fifo.gcx.clkx/rd_pntr_cdc_inst/dest_graysync_ff_reg[0][10]/D
                            (rising edge-triggered cell FDRE clocked by eth_rxc)
  Path Type:              Bus Skew (Max at Slow Process Corner)
  Requirement:            8.000ns
  Endpoint Relative Delay:   -3.821ns
  Reference Relative Delay:  -5.230ns
  Relative CRPR:              0.643ns
  Uncertainty:                0.238ns
  Actual Bus Skew:            1.004ns  (Endpoint Relative Delay - Reference Relative Delay - Relative CRPR + Uncertainty)

Endpoint path:
    Location             Delay type                Incr(ns)  Path(ns)    Netlist Resource(s)
  -------------------------------------------------------------------    -------------------
                         (clock clk_out2_clk_wiz_0 rise edge)
                                                      0.000     0.000 r  
    R4                                                0.000     0.000 r  sys_clk (IN)
                         net (fo=0)                   0.000     0.000    u_clock_and_reset/clk_wiz_0/inst/clk_in1
    R4                   IBUF (Prop_ibuf_I_O)         1.432     1.432 r  u_clock_and_reset/clk_wiz_0/inst/clkin1_ibufg/O
                         net (fo=1, routed)           1.065     2.497    u_clock_and_reset/clk_wiz_0/inst/clk_in1_clk_wiz_0
    MMCME2_ADV_X1Y0      MMCME2_ADV (Prop_mmcme2_adv_CLKIN1_CLKOUT1)
                                                     -5.921    -3.424 r  u_clock_and_reset/clk_wiz_0/inst/mmcm_adv_inst/CLKOUT1
                         net (fo=1, routed)           1.421    -2.004    u_clock_and_reset/clk_wiz_0/inst/clk_out2_clk_wiz_0
    BUFGCTRL_X0Y0        BUFG (Prop_bufg_I_O)         0.081    -1.923 r  u_clock_and_reset/clk_wiz_0/inst/clkout2_buf/O
                         net (fo=2732, routed)        1.364    -0.559    u_udp/u0/mac_receive/data_fifo/U0/inst_fifo_gen/gconvfifo.rf/grf.rf/gntv_or_sync_fifo.gcx.clkx/rd_pntr_cdc_inst/src_clk
    SLICE_X8Y16          FDRE                                         r  u_udp/u0/mac_receive/data_fifo/U0/inst_fifo_gen/gconvfifo.rf/grf.rf/gntv_or_sync_fifo.gcx.clkx/rd_pntr_cdc_inst/src_gray_ff_reg[5]/C
  -------------------------------------------------------------------    -------------------
    SLICE_X8Y16          FDRE (Prop_fdre_C_Q)         0.398    -0.161 r  u_udp/u0/mac_receive/data_fifo/U0/inst_fifo_gen/gconvfifo.rf/grf.rf/gntv_or_sync_fifo.gcx.clkx/rd_pntr_cdc_inst/src_gray_ff_reg[5]/Q
                         net (fo=1, routed)           0.543     0.382    u_udp/u0/mac_receive/data_fifo/U0/inst_fifo_gen/gconvfifo.rf/grf.rf/gntv_or_sync_fifo.gcx.clkx/rd_pntr_cdc_inst/async_path[5]
    SLICE_X6Y16          FDRE                                         r  u_udp/u0/mac_receive/data_fifo/U0/inst_fifo_gen/gconvfifo.rf/grf.rf/gntv_or_sync_fifo.gcx.clkx/rd_pntr_cdc_inst/dest_graysync_ff_reg[0][5]/D
  -------------------------------------------------------------------    -------------------

                         (clock eth_rxc rise edge)    0.000     0.000 r  
    W19                                               0.000     0.000 r  eth_rxc (IN)
                         net (fo=0)                   0.000     0.000    u_rgmii/u0/eth_rxc
    W19                  IBUF (Prop_ibuf_I_O)         1.357     1.357 r  u_rgmii/u0/rgmii_clk_ibuf/O
                         net (fo=2, routed)           1.604     2.962    u_rgmii/u0/phy_rgmii_rx_clk_ibuf
    BUFGCTRL_X0Y3        BUFG (Prop_bufg_I_O)         0.077     3.039 r  u_rgmii/u0/BUFG_rx_clk/O
                         net (fo=443, routed)         1.323     4.361    u_udp/u0/mac_receive/data_fifo/U0/inst_fifo_gen/gconvfifo.rf/grf.rf/gntv_or_sync_fifo.gcx.clkx/rd_pntr_cdc_inst/dest_clk
    SLICE_X6Y16          FDRE                                         r  u_udp/u0/mac_receive/data_fifo/U0/inst_fifo_gen/gconvfifo.rf/grf.rf/gntv_or_sync_fifo.gcx.clkx/rd_pntr_cdc_inst/dest_graysync_ff_reg[0][5]/C
                         clock pessimism              0.000     4.361    
    SLICE_X6Y16          FDRE (Setup_fdre_C_D)       -0.158     4.203    u_udp/u0/mac_receive/data_fifo/U0/inst_fifo_gen/gconvfifo.rf/grf.rf/gntv_or_sync_fifo.gcx.clkx/rd_pntr_cdc_inst/dest_graysync_ff_reg[0][5]
  -------------------------------------------------------------------
                         data arrival                           0.382    
                         clock arrival                          4.203    
  -------------------------------------------------------------------
                         relative delay                        -3.821    

Reference path:
    Location             Delay type                Incr(ns)  Path(ns)    Netlist Resource(s)
  -------------------------------------------------------------------    -------------------
                         (clock clk_out2_clk_wiz_0 rise edge)
                                                      0.000     0.000 r  
    R4                                                0.000     0.000 r  sys_clk (IN)
                         net (fo=0)                   0.000     0.000    u_clock_and_reset/clk_wiz_0/inst/clk_in1
    R4                   IBUF (Prop_ibuf_I_O)         1.366     1.366 r  u_clock_and_reset/clk_wiz_0/inst/clkin1_ibufg/O
                         net (fo=1, routed)           1.004     2.369    u_clock_and_reset/clk_wiz_0/inst/clk_in1_clk_wiz_0
    MMCME2_ADV_X1Y0      MMCME2_ADV (Prop_mmcme2_adv_CLKIN1_CLKOUT1)
                                                     -6.057    -3.688 r  u_clock_and_reset/clk_wiz_0/inst/mmcm_adv_inst/CLKOUT1
                         net (fo=1, routed)           1.352    -2.335    u_clock_and_reset/clk_wiz_0/inst/clk_out2_clk_wiz_0
    BUFGCTRL_X0Y0        BUFG (Prop_bufg_I_O)         0.077    -2.258 r  u_clock_and_reset/clk_wiz_0/inst/clkout2_buf/O
                         net (fo=2732, routed)        1.254    -1.005    u_udp/u0/mac_receive/data_fifo/U0/inst_fifo_gen/gconvfifo.rf/grf.rf/gntv_or_sync_fifo.gcx.clkx/rd_pntr_cdc_inst/src_clk
    SLICE_X9Y18          FDRE                                         r  u_udp/u0/mac_receive/data_fifo/U0/inst_fifo_gen/gconvfifo.rf/grf.rf/gntv_or_sync_fifo.gcx.clkx/rd_pntr_cdc_inst/src_gray_ff_reg[10]/C
  -------------------------------------------------------------------    -------------------
    SLICE_X9Y18          FDRE (Prop_fdre_C_Q)         0.304    -0.701 r  u_udp/u0/mac_receive/data_fifo/U0/inst_fifo_gen/gconvfifo.rf/grf.rf/gntv_or_sync_fifo.gcx.clkx/rd_pntr_cdc_inst/src_gray_ff_reg[10]/Q
                         net (fo=1, routed)           0.216    -0.484    u_udp/u0/mac_receive/data_fifo/U0/inst_fifo_gen/gconvfifo.rf/grf.rf/gntv_or_sync_fifo.gcx.clkx/rd_pntr_cdc_inst/async_path[10]
    SLICE_X10Y18         FDRE                                         r  u_udp/u0/mac_receive/data_fifo/U0/inst_fifo_gen/gconvfifo.rf/grf.rf/gntv_or_sync_fifo.gcx.clkx/rd_pntr_cdc_inst/dest_graysync_ff_reg[0][10]/D
  -------------------------------------------------------------------    -------------------

                         (clock eth_rxc rise edge)    0.000     0.000 r  
    W19                                               0.000     0.000 r  eth_rxc (IN)
                         net (fo=0)                   0.000     0.000    u_rgmii/u0/eth_rxc
    W19                  IBUF (Prop_ibuf_I_O)         1.423     1.423 r  u_rgmii/u0/rgmii_clk_ibuf/O
                         net (fo=2, routed)           1.693     3.116    u_rgmii/u0/phy_rgmii_rx_clk_ibuf
    BUFGCTRL_X0Y3        BUFG (Prop_bufg_I_O)         0.081     3.197 r  u_rgmii/u0/BUFG_rx_clk/O
                         net (fo=443, routed)         1.362     4.559    u_udp/u0/mac_receive/data_fifo/U0/inst_fifo_gen/gconvfifo.rf/grf.rf/gntv_or_sync_fifo.gcx.clkx/rd_pntr_cdc_inst/dest_clk
    SLICE_X10Y18         FDRE                                         r  u_udp/u0/mac_receive/data_fifo/U0/inst_fifo_gen/gconvfifo.rf/grf.rf/gntv_or_sync_fifo.gcx.clkx/rd_pntr_cdc_inst/dest_graysync_ff_reg[0][10]/C
                         clock pessimism              0.000     4.559    
    SLICE_X10Y18         FDRE (Hold_fdre_C_D)         0.187     4.746    u_udp/u0/mac_receive/data_fifo/U0/inst_fifo_gen/gconvfifo.rf/grf.rf/gntv_or_sync_fifo.gcx.clkx/rd_pntr_cdc_inst/dest_graysync_ff_reg[0][10]
  -------------------------------------------------------------------
                         data arrival                          -0.484    
                         clock arrival                          4.746    
  -------------------------------------------------------------------
                         relative delay                        -5.230    



Id: 14
set_bus_skew -from [get_cells [list {u_udp/u0/mac_send/data_fifo/U0/inst_fifo_gen/gconvfifo.rf/grf.rf/gntv_or_sync_fifo.gcx.clkx/rd_pntr_cdc_inst/src_gray_ff_reg[0]} \
          {u_udp/u0/mac_send/data_fifo/U0/inst_fifo_gen/gconvfifo.rf/grf.rf/gntv_or_sync_fifo.gcx.clkx/rd_pntr_cdc_inst/src_gray_ff_reg[10]} \
          {u_udp/u0/mac_send/data_fifo/U0/inst_fifo_gen/gconvfifo.rf/grf.rf/gntv_or_sync_fifo.gcx.clkx/rd_pntr_cdc_inst/src_gray_ff_reg[11]} \
          {u_udp/u0/mac_send/data_fifo/U0/inst_fifo_gen/gconvfifo.rf/grf.rf/gntv_or_sync_fifo.gcx.clkx/rd_pntr_cdc_inst/src_gray_ff_reg[1]} \
          {u_udp/u0/mac_send/data_fifo/U0/inst_fifo_gen/gconvfifo.rf/grf.rf/gntv_or_sync_fifo.gcx.clkx/rd_pntr_cdc_inst/src_gray_ff_reg[2]} \
          {u_udp/u0/mac_send/data_fifo/U0/inst_fifo_gen/gconvfifo.rf/grf.rf/gntv_or_sync_fifo.gcx.clkx/rd_pntr_cdc_inst/src_gray_ff_reg[3]} \
          {u_udp/u0/mac_send/data_fifo/U0/inst_fifo_gen/gconvfifo.rf/grf.rf/gntv_or_sync_fifo.gcx.clkx/rd_pntr_cdc_inst/src_gray_ff_reg[4]} \
          {u_udp/u0/mac_send/data_fifo/U0/inst_fifo_gen/gconvfifo.rf/grf.rf/gntv_or_sync_fifo.gcx.clkx/rd_pntr_cdc_inst/src_gray_ff_reg[5]} \
          {u_udp/u0/mac_send/data_fifo/U0/inst_fifo_gen/gconvfifo.rf/grf.rf/gntv_or_sync_fifo.gcx.clkx/rd_pntr_cdc_inst/src_gray_ff_reg[6]} \
          {u_udp/u0/mac_send/data_fifo/U0/inst_fifo_gen/gconvfifo.rf/grf.rf/gntv_or_sync_fifo.gcx.clkx/rd_pntr_cdc_inst/src_gray_ff_reg[7]} \
          {u_udp/u0/mac_send/data_fifo/U0/inst_fifo_gen/gconvfifo.rf/grf.rf/gntv_or_sync_fifo.gcx.clkx/rd_pntr_cdc_inst/src_gray_ff_reg[8]} \
          {u_udp/u0/mac_send/data_fifo/U0/inst_fifo_gen/gconvfifo.rf/grf.rf/gntv_or_sync_fifo.gcx.clkx/rd_pntr_cdc_inst/src_gray_ff_reg[9]}]] -to [get_cells [list {u_udp/u0/mac_send/data_fifo/U0/inst_fifo_gen/gconvfifo.rf/grf.rf/gntv_or_sync_fifo.gcx.clkx/rd_pntr_cdc_inst/dest_graysync_ff_reg[0][0]} \
          {u_udp/u0/mac_send/data_fifo/U0/inst_fifo_gen/gconvfifo.rf/grf.rf/gntv_or_sync_fifo.gcx.clkx/rd_pntr_cdc_inst/dest_graysync_ff_reg[0][10]} \
          {u_udp/u0/mac_send/data_fifo/U0/inst_fifo_gen/gconvfifo.rf/grf.rf/gntv_or_sync_fifo.gcx.clkx/rd_pntr_cdc_inst/dest_graysync_ff_reg[0][11]} \
          {u_udp/u0/mac_send/data_fifo/U0/inst_fifo_gen/gconvfifo.rf/grf.rf/gntv_or_sync_fifo.gcx.clkx/rd_pntr_cdc_inst/dest_graysync_ff_reg[0][1]} \
          {u_udp/u0/mac_send/data_fifo/U0/inst_fifo_gen/gconvfifo.rf/grf.rf/gntv_or_sync_fifo.gcx.clkx/rd_pntr_cdc_inst/dest_graysync_ff_reg[0][2]} \
          {u_udp/u0/mac_send/data_fifo/U0/inst_fifo_gen/gconvfifo.rf/grf.rf/gntv_or_sync_fifo.gcx.clkx/rd_pntr_cdc_inst/dest_graysync_ff_reg[0][3]} \
          {u_udp/u0/mac_send/data_fifo/U0/inst_fifo_gen/gconvfifo.rf/grf.rf/gntv_or_sync_fifo.gcx.clkx/rd_pntr_cdc_inst/dest_graysync_ff_reg[0][4]} \
          {u_udp/u0/mac_send/data_fifo/U0/inst_fifo_gen/gconvfifo.rf/grf.rf/gntv_or_sync_fifo.gcx.clkx/rd_pntr_cdc_inst/dest_graysync_ff_reg[0][5]} \
          {u_udp/u0/mac_send/data_fifo/U0/inst_fifo_gen/gconvfifo.rf/grf.rf/gntv_or_sync_fifo.gcx.clkx/rd_pntr_cdc_inst/dest_graysync_ff_reg[0][6]} \
          {u_udp/u0/mac_send/data_fifo/U0/inst_fifo_gen/gconvfifo.rf/grf.rf/gntv_or_sync_fifo.gcx.clkx/rd_pntr_cdc_inst/dest_graysync_ff_reg[0][7]} \
          {u_udp/u0/mac_send/data_fifo/U0/inst_fifo_gen/gconvfifo.rf/grf.rf/gntv_or_sync_fifo.gcx.clkx/rd_pntr_cdc_inst/dest_graysync_ff_reg[0][8]} \
          {u_udp/u0/mac_send/data_fifo/U0/inst_fifo_gen/gconvfifo.rf/grf.rf/gntv_or_sync_fifo.gcx.clkx/rd_pntr_cdc_inst/dest_graysync_ff_reg[0][9]}]] 8.000
Requirement: 8.000ns
Endpoints: 12

From Clock            To Clock              Endpoint Pin                    Reference Pin                   Corner  Actual(ns)  Slack(ns)
--------------------  --------------------  ------------------------------  ------------------------------  ------  ----------  ---------
clk_out2_clk_wiz_0    clk_pll_i             u_udp/u0/mac_send/data_fifo/U0/inst_fifo_gen/gconvfifo.rf/grf.rf/gntv_or_sync_fifo.gcx.clkx/rd_pntr_cdc_inst/dest_graysync_ff_reg[0][7]/D
                                                                            u_udp/u0/mac_send/data_fifo/U0/inst_fifo_gen/gconvfifo.rf/grf.rf/gntv_or_sync_fifo.gcx.clkx/rd_pntr_cdc_inst/dest_graysync_ff_reg[0][2]/D
                                                                                                            Slow         1.299      6.701


Slack (MET) :             6.701ns  (requirement - actual skew)
  Endpoint Source:        u_udp/u0/mac_send/data_fifo/U0/inst_fifo_gen/gconvfifo.rf/grf.rf/gntv_or_sync_fifo.gcx.clkx/rd_pntr_cdc_inst/src_gray_ff_reg[7]/C
                            (rising edge-triggered cell FDRE clocked by clk_out2_clk_wiz_0)
  Endpoint Destination:   u_udp/u0/mac_send/data_fifo/U0/inst_fifo_gen/gconvfifo.rf/grf.rf/gntv_or_sync_fifo.gcx.clkx/rd_pntr_cdc_inst/dest_graysync_ff_reg[0][7]/D
                            (rising edge-triggered cell FDRE clocked by clk_pll_i)
  Reference Source:       u_udp/u0/mac_send/data_fifo/U0/inst_fifo_gen/gconvfifo.rf/grf.rf/gntv_or_sync_fifo.gcx.clkx/rd_pntr_cdc_inst/src_gray_ff_reg[2]/C
                            (rising edge-triggered cell FDRE clocked by clk_out2_clk_wiz_0)
  Reference Destination:  u_udp/u0/mac_send/data_fifo/U0/inst_fifo_gen/gconvfifo.rf/grf.rf/gntv_or_sync_fifo.gcx.clkx/rd_pntr_cdc_inst/dest_graysync_ff_reg[0][2]/D
                            (rising edge-triggered cell FDRE clocked by clk_pll_i)
  Path Type:              Bus Skew (Max at Slow Process Corner)
  Requirement:            8.000ns
  Endpoint Relative Delay:   -0.243ns
  Reference Relative Delay:  -1.821ns
  Relative CRPR:              0.507ns
  Uncertainty:                0.228ns
  Actual Bus Skew:            1.299ns  (Endpoint Relative Delay - Reference Relative Delay - Relative CRPR + Uncertainty)

Endpoint path:
    Location             Delay type                Incr(ns)  Path(ns)    Netlist Resource(s)
  -------------------------------------------------------------------    -------------------
                         (clock clk_out2_clk_wiz_0 rise edge)
                                                      0.000     0.000 r  
    R4                                                0.000     0.000 r  sys_clk (IN)
                         net (fo=0)                   0.000     0.000    u_clock_and_reset/clk_wiz_0/inst/clk_in1
    R4                   IBUF (Prop_ibuf_I_O)         1.432     1.432 r  u_clock_and_reset/clk_wiz_0/inst/clkin1_ibufg/O
                         net (fo=1, routed)           1.065     2.497    u_clock_and_reset/clk_wiz_0/inst/clk_in1_clk_wiz_0
    MMCME2_ADV_X1Y0      MMCME2_ADV (Prop_mmcme2_adv_CLKIN1_CLKOUT1)
                                                     -5.921    -3.424 r  u_clock_and_reset/clk_wiz_0/inst/mmcm_adv_inst/CLKOUT1
                         net (fo=1, routed)           1.421    -2.004    u_clock_and_reset/clk_wiz_0/inst/clk_out2_clk_wiz_0
    BUFGCTRL_X0Y0        BUFG (Prop_bufg_I_O)         0.081    -1.923 r  u_clock_and_reset/clk_wiz_0/inst/clkout2_buf/O
                         net (fo=2732, routed)        1.373    -0.550    u_udp/u0/mac_send/data_fifo/U0/inst_fifo_gen/gconvfifo.rf/grf.rf/gntv_or_sync_fifo.gcx.clkx/rd_pntr_cdc_inst/src_clk
    SLICE_X8Y4           FDRE                                         r  u_udp/u0/mac_send/data_fifo/U0/inst_fifo_gen/gconvfifo.rf/grf.rf/gntv_or_sync_fifo.gcx.clkx/rd_pntr_cdc_inst/src_gray_ff_reg[7]/C
  -------------------------------------------------------------------    -------------------
    SLICE_X8Y4           FDRE (Prop_fdre_C_Q)         0.398    -0.152 r  u_udp/u0/mac_send/data_fifo/U0/inst_fifo_gen/gconvfifo.rf/grf.rf/gntv_or_sync_fifo.gcx.clkx/rd_pntr_cdc_inst/src_gray_ff_reg[7]/Q
                         net (fo=1, routed)           0.780     0.628    u_udp/u0/mac_send/data_fifo/U0/inst_fifo_gen/gconvfifo.rf/grf.rf/gntv_or_sync_fifo.gcx.clkx/rd_pntr_cdc_inst/async_path[7]
    SLICE_X10Y4          FDRE                                         r  u_udp/u0/mac_send/data_fifo/U0/inst_fifo_gen/gconvfifo.rf/grf.rf/gntv_or_sync_fifo.gcx.clkx/rd_pntr_cdc_inst/dest_graysync_ff_reg[0][7]/D
  -------------------------------------------------------------------    -------------------

                         (clock clk_pll_i rise edge)
                                                      0.000     0.000 r  
    R4                                                0.000     0.000 r  sys_clk (IN)
                         net (fo=0)                   0.000     0.000    u_clock_and_reset/clk_wiz_0/inst/clk_in1
    R4                   IBUF (Prop_ibuf_I_O)         1.366     1.366 r  u_clock_and_reset/clk_wiz_0/inst/clkin1_ibufg/O
                         net (fo=1, routed)           1.004     2.369    u_clock_and_reset/clk_wiz_0/inst/clk_in1_clk_wiz_0
    MMCME2_ADV_X1Y0      MMCME2_ADV (Prop_mmcme2_adv_CLKIN1_CLKOUT0)
                                                     -6.057    -3.688 r  u_clock_and_reset/clk_wiz_0/inst/mmcm_adv_inst/CLKOUT0
                         net (fo=1, routed)           1.352    -2.335    u_clock_and_reset/clk_wiz_0/inst/clk_out1_clk_wiz_0
    BUFGCTRL_X0Y1        BUFG (Prop_bufg_I_O)         0.077    -2.258 r  u_clock_and_reset/clk_wiz_0/inst/clkout1_buf/O
                         net (fo=64, routed)          1.290    -0.968    u_ddr3/u_mig/u_mig_7series_0_mig/u_ddr3_infrastructure/CLK
    PLLE2_ADV_X1Y1       PLLE2_ADV (Prop_plle2_adv_CLKIN1_CLKOUT3)
                                                      0.073    -0.895 r  u_ddr3/u_mig/u_mig_7series_0_mig/u_ddr3_infrastructure/plle2_i/CLKOUT3
                         net (fo=1, routed)           0.929     0.034    u_ddr3/u_mig/u_mig_7series_0_mig/u_ddr3_infrastructure/pll_clk3_out
    BUFHCE_X1Y12         BUFH (Prop_bufh_I_O)         0.069     0.103 r  u_ddr3/u_mig/u_mig_7series_0_mig/u_ddr3_infrastructure/u_bufh_pll_clk3/O
                         net (fo=1, routed)           0.664     0.767    u_ddr3/u_mig/u_mig_7series_0_mig/u_ddr3_infrastructure/pll_clk3
    MMCME2_ADV_X1Y1      MMCME2_ADV (Prop_mmcme2_adv_CLKIN1_CLKFBOUT)
                                                     -2.699    -1.932 r  u_ddr3/u_mig/u_mig_7series_0_mig/u_ddr3_infrastructure/gen_mmcm.mmcm_i/CLKFBOUT
                         net (fo=1, routed)           1.352    -0.579    u_ddr3/u_mig/u_mig_7series_0_mig/u_ddr3_infrastructure/clk_pll_i
    BUFGCTRL_X0Y16       BUFG (Prop_bufg_I_O)         0.077    -0.502 r  u_ddr3/u_mig/u_mig_7series_0_mig/u_ddr3_infrastructure/u_bufg_clkdiv0/O
                         net (fo=18081, routed)       1.264     0.761    u_udp/u0/mac_send/data_fifo/U0/inst_fifo_gen/gconvfifo.rf/grf.rf/gntv_or_sync_fifo.gcx.clkx/rd_pntr_cdc_inst/dest_clk
    SLICE_X10Y4          FDRE                                         r  u_udp/u0/mac_send/data_fifo/U0/inst_fifo_gen/gconvfifo.rf/grf.rf/gntv_or_sync_fifo.gcx.clkx/rd_pntr_cdc_inst/dest_graysync_ff_reg[0][7]/C
                         clock pessimism              0.263     1.025    
    SLICE_X10Y4          FDRE (Setup_fdre_C_D)       -0.154     0.871    u_udp/u0/mac_send/data_fifo/U0/inst_fifo_gen/gconvfifo.rf/grf.rf/gntv_or_sync_fifo.gcx.clkx/rd_pntr_cdc_inst/dest_graysync_ff_reg[0][7]
  -------------------------------------------------------------------
                         data arrival                           0.628    
                         clock arrival                          0.871    
  -------------------------------------------------------------------
                         relative delay                        -0.243    

Reference path:
    Location             Delay type                Incr(ns)  Path(ns)    Netlist Resource(s)
  -------------------------------------------------------------------    -------------------
                         (clock clk_out2_clk_wiz_0 rise edge)
                                                      0.000     0.000 r  
    R4                                                0.000     0.000 r  sys_clk (IN)
                         net (fo=0)                   0.000     0.000    u_clock_and_reset/clk_wiz_0/inst/clk_in1
    R4                   IBUF (Prop_ibuf_I_O)         1.366     1.366 r  u_clock_and_reset/clk_wiz_0/inst/clkin1_ibufg/O
                         net (fo=1, routed)           1.004     2.369    u_clock_and_reset/clk_wiz_0/inst/clk_in1_clk_wiz_0
    MMCME2_ADV_X1Y0      MMCME2_ADV (Prop_mmcme2_adv_CLKIN1_CLKOUT1)
                                                     -6.057    -3.688 r  u_clock_and_reset/clk_wiz_0/inst/mmcm_adv_inst/CLKOUT1
                         net (fo=1, routed)           1.352    -2.335    u_clock_and_reset/clk_wiz_0/inst/clk_out2_clk_wiz_0
    BUFGCTRL_X0Y0        BUFG (Prop_bufg_I_O)         0.077    -2.258 r  u_clock_and_reset/clk_wiz_0/inst/clkout2_buf/O
                         net (fo=2732, routed)        1.262    -0.997    u_udp/u0/mac_send/data_fifo/U0/inst_fifo_gen/gconvfifo.rf/grf.rf/gntv_or_sync_fifo.gcx.clkx/rd_pntr_cdc_inst/src_clk
    SLICE_X9Y0           FDRE                                         r  u_udp/u0/mac_send/data_fifo/U0/inst_fifo_gen/gconvfifo.rf/grf.rf/gntv_or_sync_fifo.gcx.clkx/rd_pntr_cdc_inst/src_gray_ff_reg[2]/C
  -------------------------------------------------------------------    -------------------
    SLICE_X9Y0           FDRE (Prop_fdre_C_Q)         0.304    -0.693 r  u_udp/u0/mac_send/data_fifo/U0/inst_fifo_gen/gconvfifo.rf/grf.rf/gntv_or_sync_fifo.gcx.clkx/rd_pntr_cdc_inst/src_gray_ff_reg[2]/Q
                         net (fo=1, routed)           0.221    -0.471    u_udp/u0/mac_send/data_fifo/U0/inst_fifo_gen/gconvfifo.rf/grf.rf/gntv_or_sync_fifo.gcx.clkx/rd_pntr_cdc_inst/async_path[2]
    SLICE_X8Y0           FDRE                                         r  u_udp/u0/mac_send/data_fifo/U0/inst_fifo_gen/gconvfifo.rf/grf.rf/gntv_or_sync_fifo.gcx.clkx/rd_pntr_cdc_inst/dest_graysync_ff_reg[0][2]/D
  -------------------------------------------------------------------    -------------------

                         (clock clk_pll_i rise edge)
                                                      0.000     0.000 r  
    R4                                                0.000     0.000 r  sys_clk (IN)
                         net (fo=0)                   0.000     0.000    u_clock_and_reset/clk_wiz_0/inst/clk_in1
    R4                   IBUF (Prop_ibuf_I_O)         1.432     1.432 r  u_clock_and_reset/clk_wiz_0/inst/clkin1_ibufg/O
                         net (fo=1, routed)           1.065     2.497    u_clock_and_reset/clk_wiz_0/inst/clk_in1_clk_wiz_0
    MMCME2_ADV_X1Y0      MMCME2_ADV (Prop_mmcme2_adv_CLKIN1_CLKOUT0)
                                                     -5.921    -3.424 r  u_clock_and_reset/clk_wiz_0/inst/mmcm_adv_inst/CLKOUT0
                         net (fo=1, routed)           1.421    -2.004    u_clock_and_reset/clk_wiz_0/inst/clk_out1_clk_wiz_0
    BUFGCTRL_X0Y1        BUFG (Prop_bufg_I_O)         0.081    -1.923 r  u_clock_and_reset/clk_wiz_0/inst/clkout1_buf/O
                         net (fo=64, routed)          1.394    -0.528    u_ddr3/u_mig/u_mig_7series_0_mig/u_ddr3_infrastructure/CLK
    PLLE2_ADV_X1Y1       PLLE2_ADV (Prop_plle2_adv_CLKIN1_CLKOUT3)
                                                      0.077    -0.451 r  u_ddr3/u_mig/u_mig_7series_0_mig/u_ddr3_infrastructure/plle2_i/CLKOUT3
                         net (fo=1, routed)           1.062     0.611    u_ddr3/u_mig/u_mig_7series_0_mig/u_ddr3_infrastructure/pll_clk3_out
    BUFHCE_X1Y12         BUFH (Prop_bufh_I_O)         0.106     0.717 r  u_ddr3/u_mig/u_mig_7series_0_mig/u_ddr3_infrastructure/u_bufh_pll_clk3/O
                         net (fo=1, routed)           0.702     1.419    u_ddr3/u_mig/u_mig_7series_0_mig/u_ddr3_infrastructure/pll_clk3
    MMCME2_ADV_X1Y1      MMCME2_ADV (Prop_mmcme2_adv_CLKIN1_CLKFBOUT)
                                                     -2.874    -1.455 r  u_ddr3/u_mig/u_mig_7series_0_mig/u_ddr3_infrastructure/gen_mmcm.mmcm_i/CLKFBOUT
                         net (fo=1, routed)           1.421    -0.035    u_ddr3/u_mig/u_mig_7series_0_mig/u_ddr3_infrastructure/clk_pll_i
    BUFGCTRL_X0Y16       BUFG (Prop_bufg_I_O)         0.081     0.046 r  u_ddr3/u_mig/u_mig_7series_0_mig/u_ddr3_infrastructure/u_bufg_clkdiv0/O
                         net (fo=18081, routed)       1.376     1.422    u_udp/u0/mac_send/data_fifo/U0/inst_fifo_gen/gconvfifo.rf/grf.rf/gntv_or_sync_fifo.gcx.clkx/rd_pntr_cdc_inst/dest_clk
    SLICE_X8Y0           FDRE                                         r  u_udp/u0/mac_send/data_fifo/U0/inst_fifo_gen/gconvfifo.rf/grf.rf/gntv_or_sync_fifo.gcx.clkx/rd_pntr_cdc_inst/dest_graysync_ff_reg[0][2]/C
                         clock pessimism             -0.263     1.159    
    SLICE_X8Y0           FDRE (Hold_fdre_C_D)         0.191     1.350    u_udp/u0/mac_send/data_fifo/U0/inst_fifo_gen/gconvfifo.rf/grf.rf/gntv_or_sync_fifo.gcx.clkx/rd_pntr_cdc_inst/dest_graysync_ff_reg[0][2]
  -------------------------------------------------------------------
                         data arrival                          -0.471    
                         clock arrival                          1.350    
  -------------------------------------------------------------------
                         relative delay                        -1.821    



Id: 15
set_bus_skew -from [get_cells [list {u_udp/u0/mac_receive/data_fifo/U0/inst_fifo_gen/gconvfifo.rf/grf.rf/gntv_or_sync_fifo.gcx.clkx/wr_pntr_cdc_inst/src_gray_ff_reg[0]} \
          {u_udp/u0/mac_receive/data_fifo/U0/inst_fifo_gen/gconvfifo.rf/grf.rf/gntv_or_sync_fifo.gcx.clkx/wr_pntr_cdc_inst/src_gray_ff_reg[10]} \
          {u_udp/u0/mac_receive/data_fifo/U0/inst_fifo_gen/gconvfifo.rf/grf.rf/gntv_or_sync_fifo.gcx.clkx/wr_pntr_cdc_inst/src_gray_ff_reg[11]} \
          {u_udp/u0/mac_receive/data_fifo/U0/inst_fifo_gen/gconvfifo.rf/grf.rf/gntv_or_sync_fifo.gcx.clkx/wr_pntr_cdc_inst/src_gray_ff_reg[1]} \
          {u_udp/u0/mac_receive/data_fifo/U0/inst_fifo_gen/gconvfifo.rf/grf.rf/gntv_or_sync_fifo.gcx.clkx/wr_pntr_cdc_inst/src_gray_ff_reg[2]} \
          {u_udp/u0/mac_receive/data_fifo/U0/inst_fifo_gen/gconvfifo.rf/grf.rf/gntv_or_sync_fifo.gcx.clkx/wr_pntr_cdc_inst/src_gray_ff_reg[3]} \
          {u_udp/u0/mac_receive/data_fifo/U0/inst_fifo_gen/gconvfifo.rf/grf.rf/gntv_or_sync_fifo.gcx.clkx/wr_pntr_cdc_inst/src_gray_ff_reg[4]} \
          {u_udp/u0/mac_receive/data_fifo/U0/inst_fifo_gen/gconvfifo.rf/grf.rf/gntv_or_sync_fifo.gcx.clkx/wr_pntr_cdc_inst/src_gray_ff_reg[5]} \
          {u_udp/u0/mac_receive/data_fifo/U0/inst_fifo_gen/gconvfifo.rf/grf.rf/gntv_or_sync_fifo.gcx.clkx/wr_pntr_cdc_inst/src_gray_ff_reg[6]} \
          {u_udp/u0/mac_receive/data_fifo/U0/inst_fifo_gen/gconvfifo.rf/grf.rf/gntv_or_sync_fifo.gcx.clkx/wr_pntr_cdc_inst/src_gray_ff_reg[7]} \
          {u_udp/u0/mac_receive/data_fifo/U0/inst_fifo_gen/gconvfifo.rf/grf.rf/gntv_or_sync_fifo.gcx.clkx/wr_pntr_cdc_inst/src_gray_ff_reg[8]} \
          {u_udp/u0/mac_receive/data_fifo/U0/inst_fifo_gen/gconvfifo.rf/grf.rf/gntv_or_sync_fifo.gcx.clkx/wr_pntr_cdc_inst/src_gray_ff_reg[9]}]] -to [get_cells [list {u_udp/u0/mac_receive/data_fifo/U0/inst_fifo_gen/gconvfifo.rf/grf.rf/gntv_or_sync_fifo.gcx.clkx/wr_pntr_cdc_inst/dest_graysync_ff_reg[0][0]} \
          {u_udp/u0/mac_receive/data_fifo/U0/inst_fifo_gen/gconvfifo.rf/grf.rf/gntv_or_sync_fifo.gcx.clkx/wr_pntr_cdc_inst/dest_graysync_ff_reg[0][10]} \
          {u_udp/u0/mac_receive/data_fifo/U0/inst_fifo_gen/gconvfifo.rf/grf.rf/gntv_or_sync_fifo.gcx.clkx/wr_pntr_cdc_inst/dest_graysync_ff_reg[0][11]} \
          {u_udp/u0/mac_receive/data_fifo/U0/inst_fifo_gen/gconvfifo.rf/grf.rf/gntv_or_sync_fifo.gcx.clkx/wr_pntr_cdc_inst/dest_graysync_ff_reg[0][1]} \
          {u_udp/u0/mac_receive/data_fifo/U0/inst_fifo_gen/gconvfifo.rf/grf.rf/gntv_or_sync_fifo.gcx.clkx/wr_pntr_cdc_inst/dest_graysync_ff_reg[0][2]} \
          {u_udp/u0/mac_receive/data_fifo/U0/inst_fifo_gen/gconvfifo.rf/grf.rf/gntv_or_sync_fifo.gcx.clkx/wr_pntr_cdc_inst/dest_graysync_ff_reg[0][3]} \
          {u_udp/u0/mac_receive/data_fifo/U0/inst_fifo_gen/gconvfifo.rf/grf.rf/gntv_or_sync_fifo.gcx.clkx/wr_pntr_cdc_inst/dest_graysync_ff_reg[0][4]} \
          {u_udp/u0/mac_receive/data_fifo/U0/inst_fifo_gen/gconvfifo.rf/grf.rf/gntv_or_sync_fifo.gcx.clkx/wr_pntr_cdc_inst/dest_graysync_ff_reg[0][5]} \
          {u_udp/u0/mac_receive/data_fifo/U0/inst_fifo_gen/gconvfifo.rf/grf.rf/gntv_or_sync_fifo.gcx.clkx/wr_pntr_cdc_inst/dest_graysync_ff_reg[0][6]} \
          {u_udp/u0/mac_receive/data_fifo/U0/inst_fifo_gen/gconvfifo.rf/grf.rf/gntv_or_sync_fifo.gcx.clkx/wr_pntr_cdc_inst/dest_graysync_ff_reg[0][7]} \
          {u_udp/u0/mac_receive/data_fifo/U0/inst_fifo_gen/gconvfifo.rf/grf.rf/gntv_or_sync_fifo.gcx.clkx/wr_pntr_cdc_inst/dest_graysync_ff_reg[0][8]} \
          {u_udp/u0/mac_receive/data_fifo/U0/inst_fifo_gen/gconvfifo.rf/grf.rf/gntv_or_sync_fifo.gcx.clkx/wr_pntr_cdc_inst/dest_graysync_ff_reg[0][9]}]] 8.000
Requirement: 8.000ns
Endpoints: 12

From Clock            To Clock              Endpoint Pin                    Reference Pin                   Corner  Actual(ns)  Slack(ns)
--------------------  --------------------  ------------------------------  ------------------------------  ------  ----------  ---------
eth_rxc               clk_out2_clk_wiz_0    u_udp/u0/mac_receive/data_fifo/U0/inst_fifo_gen/gconvfifo.rf/grf.rf/gntv_or_sync_fifo.gcx.clkx/wr_pntr_cdc_inst/dest_graysync_ff_reg[0][11]/D
                                                                            u_udp/u0/mac_receive/data_fifo/U0/inst_fifo_gen/gconvfifo.rf/grf.rf/gntv_or_sync_fifo.gcx.clkx/wr_pntr_cdc_inst/dest_graysync_ff_reg[0][4]/D
                                                                                                            Slow         0.913      7.087


Slack (MET) :             7.087ns  (requirement - actual skew)
  Endpoint Source:        u_udp/u0/mac_receive/data_fifo/U0/inst_fifo_gen/gconvfifo.rf/grf.rf/gntv_or_sync_fifo.gcx.clkx/wr_pntr_cdc_inst/src_gray_ff_reg[11]/C
                            (rising edge-triggered cell FDRE clocked by eth_rxc)
  Endpoint Destination:   u_udp/u0/mac_receive/data_fifo/U0/inst_fifo_gen/gconvfifo.rf/grf.rf/gntv_or_sync_fifo.gcx.clkx/wr_pntr_cdc_inst/dest_graysync_ff_reg[0][11]/D
                            (rising edge-triggered cell FDRE clocked by clk_out2_clk_wiz_0)
  Reference Source:       u_udp/u0/mac_receive/data_fifo/U0/inst_fifo_gen/gconvfifo.rf/grf.rf/gntv_or_sync_fifo.gcx.clkx/wr_pntr_cdc_inst/src_gray_ff_reg[4]/C
                            (rising edge-triggered cell FDRE clocked by eth_rxc)
  Reference Destination:  u_udp/u0/mac_receive/data_fifo/U0/inst_fifo_gen/gconvfifo.rf/grf.rf/gntv_or_sync_fifo.gcx.clkx/wr_pntr_cdc_inst/dest_graysync_ff_reg[0][4]/D
                            (rising edge-triggered cell FDRE clocked by clk_out2_clk_wiz_0)
  Path Type:              Bus Skew (Max at Slow Process Corner)
  Requirement:            8.000ns
  Endpoint Relative Delay:    6.500ns
  Reference Relative Delay:   5.181ns
  Relative CRPR:              0.643ns
  Uncertainty:                0.238ns
  Actual Bus Skew:            0.913ns  (Endpoint Relative Delay - Reference Relative Delay - Relative CRPR + Uncertainty)

Endpoint path:
    Location             Delay type                Incr(ns)  Path(ns)    Netlist Resource(s)
  -------------------------------------------------------------------    -------------------
                         (clock eth_rxc rise edge)    0.000     0.000 r  
    W19                                               0.000     0.000 r  eth_rxc (IN)
                         net (fo=0)                   0.000     0.000    u_rgmii/u0/eth_rxc
    W19                  IBUF (Prop_ibuf_I_O)         1.423     1.423 r  u_rgmii/u0/rgmii_clk_ibuf/O
                         net (fo=2, routed)           1.693     3.116    u_rgmii/u0/phy_rgmii_rx_clk_ibuf
    BUFGCTRL_X0Y3        BUFG (Prop_bufg_I_O)         0.081     3.197 r  u_rgmii/u0/BUFG_rx_clk/O
                         net (fo=443, routed)         1.362     4.559    u_udp/u0/mac_receive/data_fifo/U0/inst_fifo_gen/gconvfifo.rf/grf.rf/gntv_or_sync_fifo.gcx.clkx/wr_pntr_cdc_inst/src_clk
    SLICE_X10Y18         FDRE                                         r  u_udp/u0/mac_receive/data_fifo/U0/inst_fifo_gen/gconvfifo.rf/grf.rf/gntv_or_sync_fifo.gcx.clkx/wr_pntr_cdc_inst/src_gray_ff_reg[11]/C
  -------------------------------------------------------------------    -------------------
    SLICE_X10Y18         FDRE (Prop_fdre_C_Q)         0.398     4.957 r  u_udp/u0/mac_receive/data_fifo/U0/inst_fifo_gen/gconvfifo.rf/grf.rf/gntv_or_sync_fifo.gcx.clkx/wr_pntr_cdc_inst/src_gray_ff_reg[11]/Q
                         net (fo=1, routed)           0.380     5.337    u_udp/u0/mac_receive/data_fifo/U0/inst_fifo_gen/gconvfifo.rf/grf.rf/gntv_or_sync_fifo.gcx.clkx/wr_pntr_cdc_inst/async_path[11]
    SLICE_X10Y19         FDRE                                         r  u_udp/u0/mac_receive/data_fifo/U0/inst_fifo_gen/gconvfifo.rf/grf.rf/gntv_or_sync_fifo.gcx.clkx/wr_pntr_cdc_inst/dest_graysync_ff_reg[0][11]/D
  -------------------------------------------------------------------    -------------------

                         (clock clk_out2_clk_wiz_0 rise edge)
                                                      0.000     0.000 r  
    R4                                                0.000     0.000 r  sys_clk (IN)
                         net (fo=0)                   0.000     0.000    u_clock_and_reset/clk_wiz_0/inst/clk_in1
    R4                   IBUF (Prop_ibuf_I_O)         1.366     1.366 r  u_clock_and_reset/clk_wiz_0/inst/clkin1_ibufg/O
                         net (fo=1, routed)           1.004     2.369    u_clock_and_reset/clk_wiz_0/inst/clk_in1_clk_wiz_0
    MMCME2_ADV_X1Y0      MMCME2_ADV (Prop_mmcme2_adv_CLKIN1_CLKOUT1)
                                                     -6.057    -3.688 r  u_clock_and_reset/clk_wiz_0/inst/mmcm_adv_inst/CLKOUT1
                         net (fo=1, routed)           1.352    -2.335    u_clock_and_reset/clk_wiz_0/inst/clk_out2_clk_wiz_0
    BUFGCTRL_X0Y0        BUFG (Prop_bufg_I_O)         0.077    -2.258 r  u_clock_and_reset/clk_wiz_0/inst/clkout2_buf/O
                         net (fo=2732, routed)        1.253    -1.006    u_udp/u0/mac_receive/data_fifo/U0/inst_fifo_gen/gconvfifo.rf/grf.rf/gntv_or_sync_fifo.gcx.clkx/wr_pntr_cdc_inst/dest_clk
    SLICE_X10Y19         FDRE                                         r  u_udp/u0/mac_receive/data_fifo/U0/inst_fifo_gen/gconvfifo.rf/grf.rf/gntv_or_sync_fifo.gcx.clkx/wr_pntr_cdc_inst/dest_graysync_ff_reg[0][11]/C
                         clock pessimism              0.000    -1.006    
    SLICE_X10Y19         FDRE (Setup_fdre_C_D)       -0.158    -1.164    u_udp/u0/mac_receive/data_fifo/U0/inst_fifo_gen/gconvfifo.rf/grf.rf/gntv_or_sync_fifo.gcx.clkx/wr_pntr_cdc_inst/dest_graysync_ff_reg[0][11]
  -------------------------------------------------------------------
                         data arrival                           5.337    
                         clock arrival                         -1.164    
  -------------------------------------------------------------------
                         relative delay                         6.500    

Reference path:
    Location             Delay type                Incr(ns)  Path(ns)    Netlist Resource(s)
  -------------------------------------------------------------------    -------------------
                         (clock eth_rxc rise edge)    0.000     0.000 r  
    W19                                               0.000     0.000 r  eth_rxc (IN)
                         net (fo=0)                   0.000     0.000    u_rgmii/u0/eth_rxc
    W19                  IBUF (Prop_ibuf_I_O)         1.357     1.357 r  u_rgmii/u0/rgmii_clk_ibuf/O
                         net (fo=2, routed)           1.604     2.962    u_rgmii/u0/phy_rgmii_rx_clk_ibuf
    BUFGCTRL_X0Y3        BUFG (Prop_bufg_I_O)         0.077     3.039 r  u_rgmii/u0/BUFG_rx_clk/O
                         net (fo=443, routed)         1.256     4.294    u_udp/u0/mac_receive/data_fifo/U0/inst_fifo_gen/gconvfifo.rf/grf.rf/gntv_or_sync_fifo.gcx.clkx/wr_pntr_cdc_inst/src_clk
    SLICE_X9Y15          FDRE                                         r  u_udp/u0/mac_receive/data_fifo/U0/inst_fifo_gen/gconvfifo.rf/grf.rf/gntv_or_sync_fifo.gcx.clkx/wr_pntr_cdc_inst/src_gray_ff_reg[4]/C
  -------------------------------------------------------------------    -------------------
    SLICE_X9Y15          FDRE (Prop_fdre_C_Q)         0.304     4.598 r  u_udp/u0/mac_receive/data_fifo/U0/inst_fifo_gen/gconvfifo.rf/grf.rf/gntv_or_sync_fifo.gcx.clkx/wr_pntr_cdc_inst/src_gray_ff_reg[4]/Q
                         net (fo=1, routed)           0.212     4.811    u_udp/u0/mac_receive/data_fifo/U0/inst_fifo_gen/gconvfifo.rf/grf.rf/gntv_or_sync_fifo.gcx.clkx/wr_pntr_cdc_inst/async_path[4]
    SLICE_X10Y15         FDRE                                         r  u_udp/u0/mac_receive/data_fifo/U0/inst_fifo_gen/gconvfifo.rf/grf.rf/gntv_or_sync_fifo.gcx.clkx/wr_pntr_cdc_inst/dest_graysync_ff_reg[0][4]/D
  -------------------------------------------------------------------    -------------------

                         (clock clk_out2_clk_wiz_0 rise edge)
                                                      0.000     0.000 r  
    R4                                                0.000     0.000 r  sys_clk (IN)
                         net (fo=0)                   0.000     0.000    u_clock_and_reset/clk_wiz_0/inst/clk_in1
    R4                   IBUF (Prop_ibuf_I_O)         1.432     1.432 r  u_clock_and_reset/clk_wiz_0/inst/clkin1_ibufg/O
                         net (fo=1, routed)           1.065     2.497    u_clock_and_reset/clk_wiz_0/inst/clk_in1_clk_wiz_0
    MMCME2_ADV_X1Y0      MMCME2_ADV (Prop_mmcme2_adv_CLKIN1_CLKOUT1)
                                                     -5.921    -3.424 r  u_clock_and_reset/clk_wiz_0/inst/mmcm_adv_inst/CLKOUT1
                         net (fo=1, routed)           1.421    -2.004    u_clock_and_reset/clk_wiz_0/inst/clk_out2_clk_wiz_0
    BUFGCTRL_X0Y0        BUFG (Prop_bufg_I_O)         0.081    -1.923 r  u_clock_and_reset/clk_wiz_0/inst/clkout2_buf/O
                         net (fo=2732, routed)        1.365    -0.558    u_udp/u0/mac_receive/data_fifo/U0/inst_fifo_gen/gconvfifo.rf/grf.rf/gntv_or_sync_fifo.gcx.clkx/wr_pntr_cdc_inst/dest_clk
    SLICE_X10Y15         FDRE                                         r  u_udp/u0/mac_receive/data_fifo/U0/inst_fifo_gen/gconvfifo.rf/grf.rf/gntv_or_sync_fifo.gcx.clkx/wr_pntr_cdc_inst/dest_graysync_ff_reg[0][4]/C
                         clock pessimism              0.000    -0.558    
    SLICE_X10Y15         FDRE (Hold_fdre_C_D)         0.187    -0.371    u_udp/u0/mac_receive/data_fifo/U0/inst_fifo_gen/gconvfifo.rf/grf.rf/gntv_or_sync_fifo.gcx.clkx/wr_pntr_cdc_inst/dest_graysync_ff_reg[0][4]
  -------------------------------------------------------------------
                         data arrival                           4.811    
                         clock arrival                         -0.371    
  -------------------------------------------------------------------
                         relative delay                         5.181    



Id: 16
set_bus_skew -from [get_cells [list {u_udp/u0/mac_send/data_fifo/U0/inst_fifo_gen/gconvfifo.rf/grf.rf/gntv_or_sync_fifo.gcx.clkx/wr_pntr_cdc_inst/src_gray_ff_reg[0]} \
          {u_udp/u0/mac_send/data_fifo/U0/inst_fifo_gen/gconvfifo.rf/grf.rf/gntv_or_sync_fifo.gcx.clkx/wr_pntr_cdc_inst/src_gray_ff_reg[10]} \
          {u_udp/u0/mac_send/data_fifo/U0/inst_fifo_gen/gconvfifo.rf/grf.rf/gntv_or_sync_fifo.gcx.clkx/wr_pntr_cdc_inst/src_gray_ff_reg[11]} \
          {u_udp/u0/mac_send/data_fifo/U0/inst_fifo_gen/gconvfifo.rf/grf.rf/gntv_or_sync_fifo.gcx.clkx/wr_pntr_cdc_inst/src_gray_ff_reg[1]} \
          {u_udp/u0/mac_send/data_fifo/U0/inst_fifo_gen/gconvfifo.rf/grf.rf/gntv_or_sync_fifo.gcx.clkx/wr_pntr_cdc_inst/src_gray_ff_reg[2]} \
          {u_udp/u0/mac_send/data_fifo/U0/inst_fifo_gen/gconvfifo.rf/grf.rf/gntv_or_sync_fifo.gcx.clkx/wr_pntr_cdc_inst/src_gray_ff_reg[3]} \
          {u_udp/u0/mac_send/data_fifo/U0/inst_fifo_gen/gconvfifo.rf/grf.rf/gntv_or_sync_fifo.gcx.clkx/wr_pntr_cdc_inst/src_gray_ff_reg[4]} \
          {u_udp/u0/mac_send/data_fifo/U0/inst_fifo_gen/gconvfifo.rf/grf.rf/gntv_or_sync_fifo.gcx.clkx/wr_pntr_cdc_inst/src_gray_ff_reg[5]} \
          {u_udp/u0/mac_send/data_fifo/U0/inst_fifo_gen/gconvfifo.rf/grf.rf/gntv_or_sync_fifo.gcx.clkx/wr_pntr_cdc_inst/src_gray_ff_reg[6]} \
          {u_udp/u0/mac_send/data_fifo/U0/inst_fifo_gen/gconvfifo.rf/grf.rf/gntv_or_sync_fifo.gcx.clkx/wr_pntr_cdc_inst/src_gray_ff_reg[7]} \
          {u_udp/u0/mac_send/data_fifo/U0/inst_fifo_gen/gconvfifo.rf/grf.rf/gntv_or_sync_fifo.gcx.clkx/wr_pntr_cdc_inst/src_gray_ff_reg[8]} \
          {u_udp/u0/mac_send/data_fifo/U0/inst_fifo_gen/gconvfifo.rf/grf.rf/gntv_or_sync_fifo.gcx.clkx/wr_pntr_cdc_inst/src_gray_ff_reg[9]}]] -to [get_cells [list {u_udp/u0/mac_send/data_fifo/U0/inst_fifo_gen/gconvfifo.rf/grf.rf/gntv_or_sync_fifo.gcx.clkx/wr_pntr_cdc_inst/dest_graysync_ff_reg[0][0]} \
          {u_udp/u0/mac_send/data_fifo/U0/inst_fifo_gen/gconvfifo.rf/grf.rf/gntv_or_sync_fifo.gcx.clkx/wr_pntr_cdc_inst/dest_graysync_ff_reg[0][10]} \
          {u_udp/u0/mac_send/data_fifo/U0/inst_fifo_gen/gconvfifo.rf/grf.rf/gntv_or_sync_fifo.gcx.clkx/wr_pntr_cdc_inst/dest_graysync_ff_reg[0][11]} \
          {u_udp/u0/mac_send/data_fifo/U0/inst_fifo_gen/gconvfifo.rf/grf.rf/gntv_or_sync_fifo.gcx.clkx/wr_pntr_cdc_inst/dest_graysync_ff_reg[0][1]} \
          {u_udp/u0/mac_send/data_fifo/U0/inst_fifo_gen/gconvfifo.rf/grf.rf/gntv_or_sync_fifo.gcx.clkx/wr_pntr_cdc_inst/dest_graysync_ff_reg[0][2]} \
          {u_udp/u0/mac_send/data_fifo/U0/inst_fifo_gen/gconvfifo.rf/grf.rf/gntv_or_sync_fifo.gcx.clkx/wr_pntr_cdc_inst/dest_graysync_ff_reg[0][3]} \
          {u_udp/u0/mac_send/data_fifo/U0/inst_fifo_gen/gconvfifo.rf/grf.rf/gntv_or_sync_fifo.gcx.clkx/wr_pntr_cdc_inst/dest_graysync_ff_reg[0][4]} \
          {u_udp/u0/mac_send/data_fifo/U0/inst_fifo_gen/gconvfifo.rf/grf.rf/gntv_or_sync_fifo.gcx.clkx/wr_pntr_cdc_inst/dest_graysync_ff_reg[0][5]} \
          {u_udp/u0/mac_send/data_fifo/U0/inst_fifo_gen/gconvfifo.rf/grf.rf/gntv_or_sync_fifo.gcx.clkx/wr_pntr_cdc_inst/dest_graysync_ff_reg[0][6]} \
          {u_udp/u0/mac_send/data_fifo/U0/inst_fifo_gen/gconvfifo.rf/grf.rf/gntv_or_sync_fifo.gcx.clkx/wr_pntr_cdc_inst/dest_graysync_ff_reg[0][7]} \
          {u_udp/u0/mac_send/data_fifo/U0/inst_fifo_gen/gconvfifo.rf/grf.rf/gntv_or_sync_fifo.gcx.clkx/wr_pntr_cdc_inst/dest_graysync_ff_reg[0][8]} \
          {u_udp/u0/mac_send/data_fifo/U0/inst_fifo_gen/gconvfifo.rf/grf.rf/gntv_or_sync_fifo.gcx.clkx/wr_pntr_cdc_inst/dest_graysync_ff_reg[0][9]}]] 8.000
Requirement: 8.000ns
Endpoints: 12

From Clock            To Clock              Endpoint Pin                    Reference Pin                   Corner  Actual(ns)  Slack(ns)
--------------------  --------------------  ------------------------------  ------------------------------  ------  ----------  ---------
clk_pll_i             clk_out2_clk_wiz_0    u_udp/u0/mac_send/data_fifo/U0/inst_fifo_gen/gconvfifo.rf/grf.rf/gntv_or_sync_fifo.gcx.clkx/wr_pntr_cdc_inst/dest_graysync_ff_reg[0][3]/D
                                                                            u_udp/u0/mac_send/data_fifo/U0/inst_fifo_gen/gconvfifo.rf/grf.rf/gntv_or_sync_fifo.gcx.clkx/wr_pntr_cdc_inst/dest_graysync_ff_reg[0][6]/D
                                                                                                            Slow         1.038      6.962


Slack (MET) :             6.962ns  (requirement - actual skew)
  Endpoint Source:        u_udp/u0/mac_send/data_fifo/U0/inst_fifo_gen/gconvfifo.rf/grf.rf/gntv_or_sync_fifo.gcx.clkx/wr_pntr_cdc_inst/src_gray_ff_reg[3]/C
                            (rising edge-triggered cell FDRE clocked by clk_pll_i)
  Endpoint Destination:   u_udp/u0/mac_send/data_fifo/U0/inst_fifo_gen/gconvfifo.rf/grf.rf/gntv_or_sync_fifo.gcx.clkx/wr_pntr_cdc_inst/dest_graysync_ff_reg[0][3]/D
                            (rising edge-triggered cell FDRE clocked by clk_out2_clk_wiz_0)
  Reference Source:       u_udp/u0/mac_send/data_fifo/U0/inst_fifo_gen/gconvfifo.rf/grf.rf/gntv_or_sync_fifo.gcx.clkx/wr_pntr_cdc_inst/src_gray_ff_reg[6]/C
                            (rising edge-triggered cell FDRE clocked by clk_pll_i)
  Reference Destination:  u_udp/u0/mac_send/data_fifo/U0/inst_fifo_gen/gconvfifo.rf/grf.rf/gntv_or_sync_fifo.gcx.clkx/wr_pntr_cdc_inst/dest_graysync_ff_reg[0][6]/D
                            (rising edge-triggered cell FDRE clocked by clk_out2_clk_wiz_0)
  Path Type:              Bus Skew (Max at Slow Process Corner)
  Requirement:            8.000ns
  Endpoint Relative Delay:    3.212ns
  Reference Relative Delay:   1.930ns
  Relative CRPR:              0.522ns
  Uncertainty:                0.279ns
  Actual Bus Skew:            1.038ns  (Endpoint Relative Delay - Reference Relative Delay - Relative CRPR + Uncertainty)

Endpoint path:
    Location             Delay type                Incr(ns)  Path(ns)    Netlist Resource(s)
  -------------------------------------------------------------------    -------------------
                         (clock clk_pll_i rise edge)
                                                      0.000     0.000 r  
    R4                                                0.000     0.000 r  sys_clk (IN)
                         net (fo=0)                   0.000     0.000    u_clock_and_reset/clk_wiz_0/inst/clk_in1
    R4                   IBUF (Prop_ibuf_I_O)         1.432     1.432 r  u_clock_and_reset/clk_wiz_0/inst/clkin1_ibufg/O
                         net (fo=1, routed)           1.065     2.497    u_clock_and_reset/clk_wiz_0/inst/clk_in1_clk_wiz_0
    MMCME2_ADV_X1Y0      MMCME2_ADV (Prop_mmcme2_adv_CLKIN1_CLKOUT0)
                                                     -5.921    -3.424 r  u_clock_and_reset/clk_wiz_0/inst/mmcm_adv_inst/CLKOUT0
                         net (fo=1, routed)           1.421    -2.004    u_clock_and_reset/clk_wiz_0/inst/clk_out1_clk_wiz_0
    BUFGCTRL_X0Y1        BUFG (Prop_bufg_I_O)         0.081    -1.923 r  u_clock_and_reset/clk_wiz_0/inst/clkout1_buf/O
                         net (fo=64, routed)          1.394    -0.528    u_ddr3/u_mig/u_mig_7series_0_mig/u_ddr3_infrastructure/CLK
    PLLE2_ADV_X1Y1       PLLE2_ADV (Prop_plle2_adv_CLKIN1_CLKOUT3)
                                                      0.077    -0.451 r  u_ddr3/u_mig/u_mig_7series_0_mig/u_ddr3_infrastructure/plle2_i/CLKOUT3
                         net (fo=1, routed)           1.062     0.611    u_ddr3/u_mig/u_mig_7series_0_mig/u_ddr3_infrastructure/pll_clk3_out
    BUFHCE_X1Y12         BUFH (Prop_bufh_I_O)         0.106     0.717 r  u_ddr3/u_mig/u_mig_7series_0_mig/u_ddr3_infrastructure/u_bufh_pll_clk3/O
                         net (fo=1, routed)           0.702     1.419    u_ddr3/u_mig/u_mig_7series_0_mig/u_ddr3_infrastructure/pll_clk3
    MMCME2_ADV_X1Y1      MMCME2_ADV (Prop_mmcme2_adv_CLKIN1_CLKFBOUT)
                                                     -2.874    -1.455 r  u_ddr3/u_mig/u_mig_7series_0_mig/u_ddr3_infrastructure/gen_mmcm.mmcm_i/CLKFBOUT
                         net (fo=1, routed)           1.421    -0.035    u_ddr3/u_mig/u_mig_7series_0_mig/u_ddr3_infrastructure/clk_pll_i
    BUFGCTRL_X0Y16       BUFG (Prop_bufg_I_O)         0.081     0.046 r  u_ddr3/u_mig/u_mig_7series_0_mig/u_ddr3_infrastructure/u_bufg_clkdiv0/O
                         net (fo=18081, routed)       1.442     1.488    u_udp/u0/mac_send/data_fifo/U0/inst_fifo_gen/gconvfifo.rf/grf.rf/gntv_or_sync_fifo.gcx.clkx/wr_pntr_cdc_inst/src_clk
    SLICE_X7Y2           FDRE                                         r  u_udp/u0/mac_send/data_fifo/U0/inst_fifo_gen/gconvfifo.rf/grf.rf/gntv_or_sync_fifo.gcx.clkx/wr_pntr_cdc_inst/src_gray_ff_reg[3]/C
  -------------------------------------------------------------------    -------------------
    SLICE_X7Y2           FDRE (Prop_fdre_C_Q)         0.348     1.836 r  u_udp/u0/mac_send/data_fifo/U0/inst_fifo_gen/gconvfifo.rf/grf.rf/gntv_or_sync_fifo.gcx.clkx/wr_pntr_cdc_inst/src_gray_ff_reg[3]/Q
                         net (fo=1, routed)           0.542     2.378    u_udp/u0/mac_send/data_fifo/U0/inst_fifo_gen/gconvfifo.rf/grf.rf/gntv_or_sync_fifo.gcx.clkx/wr_pntr_cdc_inst/async_path[3]
    SLICE_X6Y1           FDRE                                         r  u_udp/u0/mac_send/data_fifo/U0/inst_fifo_gen/gconvfifo.rf/grf.rf/gntv_or_sync_fifo.gcx.clkx/wr_pntr_cdc_inst/dest_graysync_ff_reg[0][3]/D
  -------------------------------------------------------------------    -------------------

                         (clock clk_out2_clk_wiz_0 rise edge)
                                                      0.000     0.000 r  
    R4                                                0.000     0.000 r  sys_clk (IN)
                         net (fo=0)                   0.000     0.000    u_clock_and_reset/clk_wiz_0/inst/clk_in1
    R4                   IBUF (Prop_ibuf_I_O)         1.366     1.366 r  u_clock_and_reset/clk_wiz_0/inst/clkin1_ibufg/O
                         net (fo=1, routed)           1.004     2.369    u_clock_and_reset/clk_wiz_0/inst/clk_in1_clk_wiz_0
    MMCME2_ADV_X1Y0      MMCME2_ADV (Prop_mmcme2_adv_CLKIN1_CLKOUT1)
                                                     -6.057    -3.688 r  u_clock_and_reset/clk_wiz_0/inst/mmcm_adv_inst/CLKOUT1
                         net (fo=1, routed)           1.352    -2.335    u_clock_and_reset/clk_wiz_0/inst/clk_out2_clk_wiz_0
    BUFGCTRL_X0Y0        BUFG (Prop_bufg_I_O)         0.077    -2.258 r  u_clock_and_reset/clk_wiz_0/inst/clkout2_buf/O
                         net (fo=2732, routed)        1.329    -0.930    u_udp/u0/mac_send/data_fifo/U0/inst_fifo_gen/gconvfifo.rf/grf.rf/gntv_or_sync_fifo.gcx.clkx/wr_pntr_cdc_inst/dest_clk
    SLICE_X6Y1           FDRE                                         r  u_udp/u0/mac_send/data_fifo/U0/inst_fifo_gen/gconvfifo.rf/grf.rf/gntv_or_sync_fifo.gcx.clkx/wr_pntr_cdc_inst/dest_graysync_ff_reg[0][3]/C
                         clock pessimism              0.263    -0.666    
    SLICE_X6Y1           FDRE (Setup_fdre_C_D)       -0.168    -0.834    u_udp/u0/mac_send/data_fifo/U0/inst_fifo_gen/gconvfifo.rf/grf.rf/gntv_or_sync_fifo.gcx.clkx/wr_pntr_cdc_inst/dest_graysync_ff_reg[0][3]
  -------------------------------------------------------------------
                         data arrival                           2.378    
                         clock arrival                         -0.834    
  -------------------------------------------------------------------
                         relative delay                         3.212    

Reference path:
    Location             Delay type                Incr(ns)  Path(ns)    Netlist Resource(s)
  -------------------------------------------------------------------    -------------------
                         (clock clk_pll_i rise edge)
                                                      0.000     0.000 r  
    R4                                                0.000     0.000 r  sys_clk (IN)
                         net (fo=0)                   0.000     0.000    u_clock_and_reset/clk_wiz_0/inst/clk_in1
    R4                   IBUF (Prop_ibuf_I_O)         1.366     1.366 r  u_clock_and_reset/clk_wiz_0/inst/clkin1_ibufg/O
                         net (fo=1, routed)           1.004     2.369    u_clock_and_reset/clk_wiz_0/inst/clk_in1_clk_wiz_0
    MMCME2_ADV_X1Y0      MMCME2_ADV (Prop_mmcme2_adv_CLKIN1_CLKOUT0)
                                                     -6.057    -3.688 r  u_clock_and_reset/clk_wiz_0/inst/mmcm_adv_inst/CLKOUT0
                         net (fo=1, routed)           1.352    -2.335    u_clock_and_reset/clk_wiz_0/inst/clk_out1_clk_wiz_0
    BUFGCTRL_X0Y1        BUFG (Prop_bufg_I_O)         0.077    -2.258 r  u_clock_and_reset/clk_wiz_0/inst/clkout1_buf/O
                         net (fo=64, routed)          1.290    -0.968    u_ddr3/u_mig/u_mig_7series_0_mig/u_ddr3_infrastructure/CLK
    PLLE2_ADV_X1Y1       PLLE2_ADV (Prop_plle2_adv_CLKIN1_CLKOUT3)
                                                      0.073    -0.895 r  u_ddr3/u_mig/u_mig_7series_0_mig/u_ddr3_infrastructure/plle2_i/CLKOUT3
                         net (fo=1, routed)           0.929     0.034    u_ddr3/u_mig/u_mig_7series_0_mig/u_ddr3_infrastructure/pll_clk3_out
    BUFHCE_X1Y12         BUFH (Prop_bufh_I_O)         0.069     0.103 r  u_ddr3/u_mig/u_mig_7series_0_mig/u_ddr3_infrastructure/u_bufh_pll_clk3/O
                         net (fo=1, routed)           0.664     0.767    u_ddr3/u_mig/u_mig_7series_0_mig/u_ddr3_infrastructure/pll_clk3
    MMCME2_ADV_X1Y1      MMCME2_ADV (Prop_mmcme2_adv_CLKIN1_CLKFBOUT)
                                                     -2.699    -1.932 r  u_ddr3/u_mig/u_mig_7series_0_mig/u_ddr3_infrastructure/gen_mmcm.mmcm_i/CLKFBOUT
                         net (fo=1, routed)           1.352    -0.579    u_ddr3/u_mig/u_mig_7series_0_mig/u_ddr3_infrastructure/clk_pll_i
    BUFGCTRL_X0Y16       BUFG (Prop_bufg_I_O)         0.077    -0.502 r  u_ddr3/u_mig/u_mig_7series_0_mig/u_ddr3_infrastructure/u_bufg_clkdiv0/O
                         net (fo=18081, routed)       1.331     0.828    u_udp/u0/mac_send/data_fifo/U0/inst_fifo_gen/gconvfifo.rf/grf.rf/gntv_or_sync_fifo.gcx.clkx/wr_pntr_cdc_inst/src_clk
    SLICE_X7Y5           FDRE                                         r  u_udp/u0/mac_send/data_fifo/U0/inst_fifo_gen/gconvfifo.rf/grf.rf/gntv_or_sync_fifo.gcx.clkx/wr_pntr_cdc_inst/src_gray_ff_reg[6]/C
  -------------------------------------------------------------------    -------------------
    SLICE_X7Y5           FDRE (Prop_fdre_C_Q)         0.304     1.132 r  u_udp/u0/mac_send/data_fifo/U0/inst_fifo_gen/gconvfifo.rf/grf.rf/gntv_or_sync_fifo.gcx.clkx/wr_pntr_cdc_inst/src_gray_ff_reg[6]/Q
                         net (fo=1, routed)           0.189     1.321    u_udp/u0/mac_send/data_fifo/U0/inst_fifo_gen/gconvfifo.rf/grf.rf/gntv_or_sync_fifo.gcx.clkx/wr_pntr_cdc_inst/async_path[6]
    SLICE_X5Y5           FDRE                                         r  u_udp/u0/mac_send/data_fifo/U0/inst_fifo_gen/gconvfifo.rf/grf.rf/gntv_or_sync_fifo.gcx.clkx/wr_pntr_cdc_inst/dest_graysync_ff_reg[0][6]/D
  -------------------------------------------------------------------    -------------------

                         (clock clk_out2_clk_wiz_0 rise edge)
                                                      0.000     0.000 r  
    R4                                                0.000     0.000 r  sys_clk (IN)
                         net (fo=0)                   0.000     0.000    u_clock_and_reset/clk_wiz_0/inst/clk_in1
    R4                   IBUF (Prop_ibuf_I_O)         1.432     1.432 r  u_clock_and_reset/clk_wiz_0/inst/clkin1_ibufg/O
                         net (fo=1, routed)           1.065     2.497    u_clock_and_reset/clk_wiz_0/inst/clk_in1_clk_wiz_0
    MMCME2_ADV_X1Y0      MMCME2_ADV (Prop_mmcme2_adv_CLKIN1_CLKOUT1)
                                                     -5.921    -3.424 r  u_clock_and_reset/clk_wiz_0/inst/mmcm_adv_inst/CLKOUT1
                         net (fo=1, routed)           1.421    -2.004    u_clock_and_reset/clk_wiz_0/inst/clk_out2_clk_wiz_0
    BUFGCTRL_X0Y0        BUFG (Prop_bufg_I_O)         0.081    -1.923 r  u_clock_and_reset/clk_wiz_0/inst/clkout2_buf/O
                         net (fo=2732, routed)        1.439    -0.484    u_udp/u0/mac_send/data_fifo/U0/inst_fifo_gen/gconvfifo.rf/grf.rf/gntv_or_sync_fifo.gcx.clkx/wr_pntr_cdc_inst/dest_clk
    SLICE_X5Y5           FDRE                                         r  u_udp/u0/mac_send/data_fifo/U0/inst_fifo_gen/gconvfifo.rf/grf.rf/gntv_or_sync_fifo.gcx.clkx/wr_pntr_cdc_inst/dest_graysync_ff_reg[0][6]/C
                         clock pessimism             -0.263    -0.747    
    SLICE_X5Y5           FDRE (Hold_fdre_C_D)         0.138    -0.609    u_udp/u0/mac_send/data_fifo/U0/inst_fifo_gen/gconvfifo.rf/grf.rf/gntv_or_sync_fifo.gcx.clkx/wr_pntr_cdc_inst/dest_graysync_ff_reg[0][6]
  -------------------------------------------------------------------
                         data arrival                           1.321    
                         clock arrival                         -0.609    
  -------------------------------------------------------------------
                         relative delay                         1.930    



Id: 17
set_bus_skew -from [get_cells [list {dbg_hub/inst/BSCANID.u_xsdbm_id/CORE_XSDB.UUT_MASTER/U_ICON_INTERFACE/U_CMD6_RD/U_RD_FIFO/SUBCORE_FIFO.xsdbm_v3_0_0_rdfifo_inst/inst_fifo_gen/gconvfifo.rf/grf.rf/gntv_or_sync_fifo.gcx.clkx/gnxpm_cdc.rd_pntr_gc_reg[0]} {dbg_hub/inst/BSCANID.u_xsdbm_id/CORE_XSDB.UUT_MASTER/U_ICON_INTERFACE/U_CMD6_RD/U_RD_FIFO/SUBCORE_FIFO.xsdbm_v3_0_0_rdfifo_inst/inst_fifo_gen/gconvfifo.rf/grf.rf/gntv_or_sync_fifo.gcx.clkx/gnxpm_cdc.rd_pntr_gc_reg[1]} {dbg_hub/inst/BSCANID.u_xsdbm_id/CORE_XSDB.UUT_MASTER/U_ICON_INTERFACE/U_CMD6_RD/U_RD_FIFO/SUBCORE_FIFO.xsdbm_v3_0_0_rdfifo_inst/inst_fifo_gen/gconvfifo.rf/grf.rf/gntv_or_sync_fifo.gcx.clkx/gnxpm_cdc.rd_pntr_gc_reg[2]} {dbg_hub/inst/BSCANID.u_xsdbm_id/CORE_XSDB.UUT_MASTER/U_ICON_INTERFACE/U_CMD6_RD/U_RD_FIFO/SUBCORE_FIFO.xsdbm_v3_0_0_rdfifo_inst/inst_fifo_gen/gconvfifo.rf/grf.rf/gntv_or_sync_fifo.gcx.clkx/gnxpm_cdc.rd_pntr_gc_reg[3]}]] -to [get_cells [list {dbg_hub/inst/BSCANID.u_xsdbm_id/CORE_XSDB.UUT_MASTER/U_ICON_INTERFACE/U_CMD6_RD/U_RD_FIFO/SUBCORE_FIFO.xsdbm_v3_0_0_rdfifo_inst/inst_fifo_gen/gconvfifo.rf/grf.rf/gntv_or_sync_fifo.gcx.clkx/gnxpm_cdc.gsync_stage[1].wr_stg_inst/Q_reg_reg[0]} {dbg_hub/inst/BSCANID.u_xsdbm_id/CORE_XSDB.UUT_MASTER/U_ICON_INTERFACE/U_CMD6_RD/U_RD_FIFO/SUBCORE_FIFO.xsdbm_v3_0_0_rdfifo_inst/inst_fifo_gen/gconvfifo.rf/grf.rf/gntv_or_sync_fifo.gcx.clkx/gnxpm_cdc.gsync_stage[1].wr_stg_inst/Q_reg_reg[1]} {dbg_hub/inst/BSCANID.u_xsdbm_id/CORE_XSDB.UUT_MASTER/U_ICON_INTERFACE/U_CMD6_RD/U_RD_FIFO/SUBCORE_FIFO.xsdbm_v3_0_0_rdfifo_inst/inst_fifo_gen/gconvfifo.rf/grf.rf/gntv_or_sync_fifo.gcx.clkx/gnxpm_cdc.gsync_stage[1].wr_stg_inst/Q_reg_reg[2]} {dbg_hub/inst/BSCANID.u_xsdbm_id/CORE_XSDB.UUT_MASTER/U_ICON_INTERFACE/U_CMD6_RD/U_RD_FIFO/SUBCORE_FIFO.xsdbm_v3_0_0_rdfifo_inst/inst_fifo_gen/gconvfifo.rf/grf.rf/gntv_or_sync_fifo.gcx.clkx/gnxpm_cdc.gsync_stage[1].wr_stg_inst/Q_reg_reg[3]}]] 10.000
Requirement: 10.000ns
Endpoints: 4

From Clock            To Clock              Endpoint Pin                    Reference Pin                   Corner  Actual(ns)  Slack(ns)
--------------------  --------------------  ------------------------------  ------------------------------  ------  ----------  ---------
dbg_hub/inst/BSCANID.u_xsdbm_id/SWITCH_N_EXT_BSCAN.bscan_inst/SERIES7_BSCAN.bscan_inst/TCK
                      clk_pll_i             dbg_hub/inst/BSCANID.u_xsdbm_id/CORE_XSDB.UUT_MASTER/U_ICON_INTERFACE/U_CMD6_RD/U_RD_FIFO/SUBCORE_FIFO.xsdbm_v3_0_0_rdfifo_inst/inst_fifo_gen/gconvfifo.rf/grf.rf/gntv_or_sync_fifo.gcx.clkx/gnxpm_cdc.gsync_stage[1].wr_stg_inst/Q_reg_reg[2]/D
                                                                            dbg_hub/inst/BSCANID.u_xsdbm_id/CORE_XSDB.UUT_MASTER/U_ICON_INTERFACE/U_CMD6_RD/U_RD_FIFO/SUBCORE_FIFO.xsdbm_v3_0_0_rdfifo_inst/inst_fifo_gen/gconvfifo.rf/grf.rf/gntv_or_sync_fifo.gcx.clkx/gnxpm_cdc.gsync_stage[1].wr_stg_inst/Q_reg_reg[1]/D
                                                                                                            Slow         0.709      9.291


Slack (MET) :             9.291ns  (requirement - actual skew)
  Endpoint Source:        dbg_hub/inst/BSCANID.u_xsdbm_id/CORE_XSDB.UUT_MASTER/U_ICON_INTERFACE/U_CMD6_RD/U_RD_FIFO/SUBCORE_FIFO.xsdbm_v3_0_0_rdfifo_inst/inst_fifo_gen/gconvfifo.rf/grf.rf/gntv_or_sync_fifo.gcx.clkx/gnxpm_cdc.rd_pntr_gc_reg[2]/C
                            (rising edge-triggered cell FDCE clocked by dbg_hub/inst/BSCANID.u_xsdbm_id/SWITCH_N_EXT_BSCAN.bscan_inst/SERIES7_BSCAN.bscan_inst/TCK)
  Endpoint Destination:   dbg_hub/inst/BSCANID.u_xsdbm_id/CORE_XSDB.UUT_MASTER/U_ICON_INTERFACE/U_CMD6_RD/U_RD_FIFO/SUBCORE_FIFO.xsdbm_v3_0_0_rdfifo_inst/inst_fifo_gen/gconvfifo.rf/grf.rf/gntv_or_sync_fifo.gcx.clkx/gnxpm_cdc.gsync_stage[1].wr_stg_inst/Q_reg_reg[2]/D
                            (rising edge-triggered cell FDCE clocked by clk_pll_i)
  Reference Source:       dbg_hub/inst/BSCANID.u_xsdbm_id/CORE_XSDB.UUT_MASTER/U_ICON_INTERFACE/U_CMD6_RD/U_RD_FIFO/SUBCORE_FIFO.xsdbm_v3_0_0_rdfifo_inst/inst_fifo_gen/gconvfifo.rf/grf.rf/gntv_or_sync_fifo.gcx.clkx/gnxpm_cdc.rd_pntr_gc_reg[1]/C
                            (rising edge-triggered cell FDCE clocked by dbg_hub/inst/BSCANID.u_xsdbm_id/SWITCH_N_EXT_BSCAN.bscan_inst/SERIES7_BSCAN.bscan_inst/TCK)
  Reference Destination:  dbg_hub/inst/BSCANID.u_xsdbm_id/CORE_XSDB.UUT_MASTER/U_ICON_INTERFACE/U_CMD6_RD/U_RD_FIFO/SUBCORE_FIFO.xsdbm_v3_0_0_rdfifo_inst/inst_fifo_gen/gconvfifo.rf/grf.rf/gntv_or_sync_fifo.gcx.clkx/gnxpm_cdc.gsync_stage[1].wr_stg_inst/Q_reg_reg[1]/D
                            (rising edge-triggered cell FDCE clocked by clk_pll_i)
  Path Type:              Bus Skew (Max at Slow Process Corner)
  Requirement:            10.000ns
  Endpoint Relative Delay:    3.099ns
  Reference Relative Delay:   1.582ns
  Relative CRPR:              0.985ns
  Uncertainty:                0.177ns
  Actual Bus Skew:            0.709ns  (Endpoint Relative Delay - Reference Relative Delay - Relative CRPR + Uncertainty)

Endpoint path:
    Location             Delay type                Incr(ns)  Path(ns)    Netlist Resource(s)
  -------------------------------------------------------------------    -------------------
                         (clock dbg_hub/inst/BSCANID.u_xsdbm_id/SWITCH_N_EXT_BSCAN.bscan_inst/SERIES7_BSCAN.bscan_inst/TCK rise edge)
                                                      0.000     0.000 r  
    BSCAN_X0Y0           BSCANE2                      0.000     0.000 r  dbg_hub/inst/BSCANID.u_xsdbm_id/SWITCH_N_EXT_BSCAN.bscan_inst/SERIES7_BSCAN.bscan_inst/TCK
                         net (fo=1, routed)           1.521     1.521    dbg_hub/inst/BSCANID.u_xsdbm_id/tck_bs
    BUFGCTRL_X0Y2        BUFG (Prop_bufg_I_O)         0.081     1.602 r  dbg_hub/inst/BSCANID.u_xsdbm_id/SWITCH_N_EXT_BSCAN.u_bufg_icon_tck/O
                         net (fo=482, routed)         1.352     2.954    dbg_hub/inst/BSCANID.u_xsdbm_id/CORE_XSDB.UUT_MASTER/U_ICON_INTERFACE/U_CMD6_RD/U_RD_FIFO/SUBCORE_FIFO.xsdbm_v3_0_0_rdfifo_inst/inst_fifo_gen/gconvfifo.rf/grf.rf/gntv_or_sync_fifo.gcx.clkx/rd_clk
    SLICE_X39Y22         FDCE                                         r  dbg_hub/inst/BSCANID.u_xsdbm_id/CORE_XSDB.UUT_MASTER/U_ICON_INTERFACE/U_CMD6_RD/U_RD_FIFO/SUBCORE_FIFO.xsdbm_v3_0_0_rdfifo_inst/inst_fifo_gen/gconvfifo.rf/grf.rf/gntv_or_sync_fifo.gcx.clkx/gnxpm_cdc.rd_pntr_gc_reg[2]/C
  -------------------------------------------------------------------    -------------------
    SLICE_X39Y22         FDCE (Prop_fdce_C_Q)         0.348     3.302 r  dbg_hub/inst/BSCANID.u_xsdbm_id/CORE_XSDB.UUT_MASTER/U_ICON_INTERFACE/U_CMD6_RD/U_RD_FIFO/SUBCORE_FIFO.xsdbm_v3_0_0_rdfifo_inst/inst_fifo_gen/gconvfifo.rf/grf.rf/gntv_or_sync_fifo.gcx.clkx/gnxpm_cdc.rd_pntr_gc_reg[2]/Q
                         net (fo=1, routed)           0.336     3.638    dbg_hub/inst/BSCANID.u_xsdbm_id/CORE_XSDB.UUT_MASTER/U_ICON_INTERFACE/U_CMD6_RD/U_RD_FIFO/SUBCORE_FIFO.xsdbm_v3_0_0_rdfifo_inst/inst_fifo_gen/gconvfifo.rf/grf.rf/gntv_or_sync_fifo.gcx.clkx/gnxpm_cdc.gsync_stage[1].wr_stg_inst/Q[2]
    SLICE_X39Y21         FDCE                                         r  dbg_hub/inst/BSCANID.u_xsdbm_id/CORE_XSDB.UUT_MASTER/U_ICON_INTERFACE/U_CMD6_RD/U_RD_FIFO/SUBCORE_FIFO.xsdbm_v3_0_0_rdfifo_inst/inst_fifo_gen/gconvfifo.rf/grf.rf/gntv_or_sync_fifo.gcx.clkx/gnxpm_cdc.gsync_stage[1].wr_stg_inst/Q_reg_reg[2]/D
  -------------------------------------------------------------------    -------------------

                         (clock clk_pll_i rise edge)
                                                      0.000     0.000 r  
    R4                                                0.000     0.000 r  sys_clk (IN)
                         net (fo=0)                   0.000     0.000    u_clock_and_reset/clk_wiz_0/inst/clk_in1
    R4                   IBUF (Prop_ibuf_I_O)         1.366     1.366 r  u_clock_and_reset/clk_wiz_0/inst/clkin1_ibufg/O
                         net (fo=1, routed)           1.004     2.369    u_clock_and_reset/clk_wiz_0/inst/clk_in1_clk_wiz_0
    MMCME2_ADV_X1Y0      MMCME2_ADV (Prop_mmcme2_adv_CLKIN1_CLKOUT0)
                                                     -6.057    -3.688 r  u_clock_and_reset/clk_wiz_0/inst/mmcm_adv_inst/CLKOUT0
                         net (fo=1, routed)           1.352    -2.335    u_clock_and_reset/clk_wiz_0/inst/clk_out1_clk_wiz_0
    BUFGCTRL_X0Y1        BUFG (Prop_bufg_I_O)         0.077    -2.258 r  u_clock_and_reset/clk_wiz_0/inst/clkout1_buf/O
                         net (fo=64, routed)          1.290    -0.968    u_ddr3/u_mig/u_mig_7series_0_mig/u_ddr3_infrastructure/CLK
    PLLE2_ADV_X1Y1       PLLE2_ADV (Prop_plle2_adv_CLKIN1_CLKOUT3)
                                                      0.073    -0.895 r  u_ddr3/u_mig/u_mig_7series_0_mig/u_ddr3_infrastructure/plle2_i/CLKOUT3
                         net (fo=1, routed)           0.929     0.034    u_ddr3/u_mig/u_mig_7series_0_mig/u_ddr3_infrastructure/pll_clk3_out
    BUFHCE_X1Y12         BUFH (Prop_bufh_I_O)         0.069     0.103 r  u_ddr3/u_mig/u_mig_7series_0_mig/u_ddr3_infrastructure/u_bufh_pll_clk3/O
                         net (fo=1, routed)           0.664     0.767    u_ddr3/u_mig/u_mig_7series_0_mig/u_ddr3_infrastructure/pll_clk3
    MMCME2_ADV_X1Y1      MMCME2_ADV (Prop_mmcme2_adv_CLKIN1_CLKFBOUT)
                                                     -2.699    -1.932 r  u_ddr3/u_mig/u_mig_7series_0_mig/u_ddr3_infrastructure/gen_mmcm.mmcm_i/CLKFBOUT
                         net (fo=1, routed)           1.352    -0.579    u_ddr3/u_mig/u_mig_7series_0_mig/u_ddr3_infrastructure/clk_pll_i
    BUFGCTRL_X0Y16       BUFG (Prop_bufg_I_O)         0.077    -0.502 r  u_ddr3/u_mig/u_mig_7series_0_mig/u_ddr3_infrastructure/u_bufg_clkdiv0/O
                         net (fo=18081, routed)       1.248     0.745    dbg_hub/inst/BSCANID.u_xsdbm_id/CORE_XSDB.UUT_MASTER/U_ICON_INTERFACE/U_CMD6_RD/U_RD_FIFO/SUBCORE_FIFO.xsdbm_v3_0_0_rdfifo_inst/inst_fifo_gen/gconvfifo.rf/grf.rf/gntv_or_sync_fifo.gcx.clkx/gnxpm_cdc.gsync_stage[1].wr_stg_inst/wr_clk
    SLICE_X39Y21         FDCE                                         r  dbg_hub/inst/BSCANID.u_xsdbm_id/CORE_XSDB.UUT_MASTER/U_ICON_INTERFACE/U_CMD6_RD/U_RD_FIFO/SUBCORE_FIFO.xsdbm_v3_0_0_rdfifo_inst/inst_fifo_gen/gconvfifo.rf/grf.rf/gntv_or_sync_fifo.gcx.clkx/gnxpm_cdc.gsync_stage[1].wr_stg_inst/Q_reg_reg[2]/C
                         clock pessimism              0.000     0.745    
    SLICE_X39Y21         FDCE (Setup_fdce_C_D)       -0.207     0.538    dbg_hub/inst/BSCANID.u_xsdbm_id/CORE_XSDB.UUT_MASTER/U_ICON_INTERFACE/U_CMD6_RD/U_RD_FIFO/SUBCORE_FIFO.xsdbm_v3_0_0_rdfifo_inst/inst_fifo_gen/gconvfifo.rf/grf.rf/gntv_or_sync_fifo.gcx.clkx/gnxpm_cdc.gsync_stage[1].wr_stg_inst/Q_reg_reg[2]
  -------------------------------------------------------------------
                         data arrival                           3.638    
                         clock arrival                          0.538    
  -------------------------------------------------------------------
                         relative delay                         3.099    

Reference path:
    Location             Delay type                Incr(ns)  Path(ns)    Netlist Resource(s)
  -------------------------------------------------------------------    -------------------
                         (clock dbg_hub/inst/BSCANID.u_xsdbm_id/SWITCH_N_EXT_BSCAN.bscan_inst/SERIES7_BSCAN.bscan_inst/TCK rise edge)
                                                      0.000     0.000 r  
    BSCAN_X0Y0           BSCANE2                      0.000     0.000 r  dbg_hub/inst/BSCANID.u_xsdbm_id/SWITCH_N_EXT_BSCAN.bscan_inst/SERIES7_BSCAN.bscan_inst/TCK
                         net (fo=1, routed)           1.303     1.303    dbg_hub/inst/BSCANID.u_xsdbm_id/tck_bs
    BUFGCTRL_X0Y2        BUFG (Prop_bufg_I_O)         0.077     1.380 r  dbg_hub/inst/BSCANID.u_xsdbm_id/SWITCH_N_EXT_BSCAN.u_bufg_icon_tck/O
                         net (fo=482, routed)         1.246     2.626    dbg_hub/inst/BSCANID.u_xsdbm_id/CORE_XSDB.UUT_MASTER/U_ICON_INTERFACE/U_CMD6_RD/U_RD_FIFO/SUBCORE_FIFO.xsdbm_v3_0_0_rdfifo_inst/inst_fifo_gen/gconvfifo.rf/grf.rf/gntv_or_sync_fifo.gcx.clkx/rd_clk
    SLICE_X39Y22         FDCE                                         r  dbg_hub/inst/BSCANID.u_xsdbm_id/CORE_XSDB.UUT_MASTER/U_ICON_INTERFACE/U_CMD6_RD/U_RD_FIFO/SUBCORE_FIFO.xsdbm_v3_0_0_rdfifo_inst/inst_fifo_gen/gconvfifo.rf/grf.rf/gntv_or_sync_fifo.gcx.clkx/gnxpm_cdc.rd_pntr_gc_reg[1]/C
  -------------------------------------------------------------------    -------------------
    SLICE_X39Y22         FDCE (Prop_fdce_C_Q)         0.304     2.930 r  dbg_hub/inst/BSCANID.u_xsdbm_id/CORE_XSDB.UUT_MASTER/U_ICON_INTERFACE/U_CMD6_RD/U_RD_FIFO/SUBCORE_FIFO.xsdbm_v3_0_0_rdfifo_inst/inst_fifo_gen/gconvfifo.rf/grf.rf/gntv_or_sync_fifo.gcx.clkx/gnxpm_cdc.rd_pntr_gc_reg[1]/Q
                         net (fo=1, routed)           0.193     3.122    dbg_hub/inst/BSCANID.u_xsdbm_id/CORE_XSDB.UUT_MASTER/U_ICON_INTERFACE/U_CMD6_RD/U_RD_FIFO/SUBCORE_FIFO.xsdbm_v3_0_0_rdfifo_inst/inst_fifo_gen/gconvfifo.rf/grf.rf/gntv_or_sync_fifo.gcx.clkx/gnxpm_cdc.gsync_stage[1].wr_stg_inst/Q[1]
    SLICE_X39Y21         FDCE                                         r  dbg_hub/inst/BSCANID.u_xsdbm_id/CORE_XSDB.UUT_MASTER/U_ICON_INTERFACE/U_CMD6_RD/U_RD_FIFO/SUBCORE_FIFO.xsdbm_v3_0_0_rdfifo_inst/inst_fifo_gen/gconvfifo.rf/grf.rf/gntv_or_sync_fifo.gcx.clkx/gnxpm_cdc.gsync_stage[1].wr_stg_inst/Q_reg_reg[1]/D
  -------------------------------------------------------------------    -------------------

                         (clock clk_pll_i rise edge)
                                                      0.000     0.000 r  
    R4                                                0.000     0.000 r  sys_clk (IN)
                         net (fo=0)                   0.000     0.000    u_clock_and_reset/clk_wiz_0/inst/clk_in1
    R4                   IBUF (Prop_ibuf_I_O)         1.432     1.432 r  u_clock_and_reset/clk_wiz_0/inst/clkin1_ibufg/O
                         net (fo=1, routed)           1.065     2.497    u_clock_and_reset/clk_wiz_0/inst/clk_in1_clk_wiz_0
    MMCME2_ADV_X1Y0      MMCME2_ADV (Prop_mmcme2_adv_CLKIN1_CLKOUT0)
                                                     -5.921    -3.424 r  u_clock_and_reset/clk_wiz_0/inst/mmcm_adv_inst/CLKOUT0
                         net (fo=1, routed)           1.421    -2.004    u_clock_and_reset/clk_wiz_0/inst/clk_out1_clk_wiz_0
    BUFGCTRL_X0Y1        BUFG (Prop_bufg_I_O)         0.081    -1.923 r  u_clock_and_reset/clk_wiz_0/inst/clkout1_buf/O
                         net (fo=64, routed)          1.394    -0.528    u_ddr3/u_mig/u_mig_7series_0_mig/u_ddr3_infrastructure/CLK
    PLLE2_ADV_X1Y1       PLLE2_ADV (Prop_plle2_adv_CLKIN1_CLKOUT3)
                                                      0.077    -0.451 r  u_ddr3/u_mig/u_mig_7series_0_mig/u_ddr3_infrastructure/plle2_i/CLKOUT3
                         net (fo=1, routed)           1.062     0.611    u_ddr3/u_mig/u_mig_7series_0_mig/u_ddr3_infrastructure/pll_clk3_out
    BUFHCE_X1Y12         BUFH (Prop_bufh_I_O)         0.106     0.717 r  u_ddr3/u_mig/u_mig_7series_0_mig/u_ddr3_infrastructure/u_bufh_pll_clk3/O
                         net (fo=1, routed)           0.702     1.419    u_ddr3/u_mig/u_mig_7series_0_mig/u_ddr3_infrastructure/pll_clk3
    MMCME2_ADV_X1Y1      MMCME2_ADV (Prop_mmcme2_adv_CLKIN1_CLKFBOUT)
                                                     -2.874    -1.455 r  u_ddr3/u_mig/u_mig_7series_0_mig/u_ddr3_infrastructure/gen_mmcm.mmcm_i/CLKFBOUT
                         net (fo=1, routed)           1.421    -0.035    u_ddr3/u_mig/u_mig_7series_0_mig/u_ddr3_infrastructure/clk_pll_i
    BUFGCTRL_X0Y16       BUFG (Prop_bufg_I_O)         0.081     0.046 r  u_ddr3/u_mig/u_mig_7series_0_mig/u_ddr3_infrastructure/u_bufg_clkdiv0/O
                         net (fo=18081, routed)       1.356     1.402    dbg_hub/inst/BSCANID.u_xsdbm_id/CORE_XSDB.UUT_MASTER/U_ICON_INTERFACE/U_CMD6_RD/U_RD_FIFO/SUBCORE_FIFO.xsdbm_v3_0_0_rdfifo_inst/inst_fifo_gen/gconvfifo.rf/grf.rf/gntv_or_sync_fifo.gcx.clkx/gnxpm_cdc.gsync_stage[1].wr_stg_inst/wr_clk
    SLICE_X39Y21         FDCE                                         r  dbg_hub/inst/BSCANID.u_xsdbm_id/CORE_XSDB.UUT_MASTER/U_ICON_INTERFACE/U_CMD6_RD/U_RD_FIFO/SUBCORE_FIFO.xsdbm_v3_0_0_rdfifo_inst/inst_fifo_gen/gconvfifo.rf/grf.rf/gntv_or_sync_fifo.gcx.clkx/gnxpm_cdc.gsync_stage[1].wr_stg_inst/Q_reg_reg[1]/C
                         clock pessimism              0.000     1.402    
    SLICE_X39Y21         FDCE (Hold_fdce_C_D)         0.138     1.540    dbg_hub/inst/BSCANID.u_xsdbm_id/CORE_XSDB.UUT_MASTER/U_ICON_INTERFACE/U_CMD6_RD/U_RD_FIFO/SUBCORE_FIFO.xsdbm_v3_0_0_rdfifo_inst/inst_fifo_gen/gconvfifo.rf/grf.rf/gntv_or_sync_fifo.gcx.clkx/gnxpm_cdc.gsync_stage[1].wr_stg_inst/Q_reg_reg[1]
  -------------------------------------------------------------------
                         data arrival                           3.122    
                         clock arrival                          1.540    
  -------------------------------------------------------------------
                         relative delay                         1.582    



Id: 18
set_bus_skew -from [get_cells [list {dbg_hub/inst/BSCANID.u_xsdbm_id/CORE_XSDB.UUT_MASTER/U_ICON_INTERFACE/U_CMD6_RD/U_RD_FIFO/SUBCORE_FIFO.xsdbm_v3_0_0_rdfifo_inst/inst_fifo_gen/gconvfifo.rf/grf.rf/gntv_or_sync_fifo.gcx.clkx/gnxpm_cdc.wr_pntr_gc_reg[0]} {dbg_hub/inst/BSCANID.u_xsdbm_id/CORE_XSDB.UUT_MASTER/U_ICON_INTERFACE/U_CMD6_RD/U_RD_FIFO/SUBCORE_FIFO.xsdbm_v3_0_0_rdfifo_inst/inst_fifo_gen/gconvfifo.rf/grf.rf/gntv_or_sync_fifo.gcx.clkx/gnxpm_cdc.wr_pntr_gc_reg[1]} {dbg_hub/inst/BSCANID.u_xsdbm_id/CORE_XSDB.UUT_MASTER/U_ICON_INTERFACE/U_CMD6_RD/U_RD_FIFO/SUBCORE_FIFO.xsdbm_v3_0_0_rdfifo_inst/inst_fifo_gen/gconvfifo.rf/grf.rf/gntv_or_sync_fifo.gcx.clkx/gnxpm_cdc.wr_pntr_gc_reg[2]} {dbg_hub/inst/BSCANID.u_xsdbm_id/CORE_XSDB.UUT_MASTER/U_ICON_INTERFACE/U_CMD6_RD/U_RD_FIFO/SUBCORE_FIFO.xsdbm_v3_0_0_rdfifo_inst/inst_fifo_gen/gconvfifo.rf/grf.rf/gntv_or_sync_fifo.gcx.clkx/gnxpm_cdc.wr_pntr_gc_reg[3]}]] -to [get_cells [list {dbg_hub/inst/BSCANID.u_xsdbm_id/CORE_XSDB.UUT_MASTER/U_ICON_INTERFACE/U_CMD6_RD/U_RD_FIFO/SUBCORE_FIFO.xsdbm_v3_0_0_rdfifo_inst/inst_fifo_gen/gconvfifo.rf/grf.rf/gntv_or_sync_fifo.gcx.clkx/gnxpm_cdc.gsync_stage[1].rd_stg_inst/Q_reg_reg[0]} {dbg_hub/inst/BSCANID.u_xsdbm_id/CORE_XSDB.UUT_MASTER/U_ICON_INTERFACE/U_CMD6_RD/U_RD_FIFO/SUBCORE_FIFO.xsdbm_v3_0_0_rdfifo_inst/inst_fifo_gen/gconvfifo.rf/grf.rf/gntv_or_sync_fifo.gcx.clkx/gnxpm_cdc.gsync_stage[1].rd_stg_inst/Q_reg_reg[1]} {dbg_hub/inst/BSCANID.u_xsdbm_id/CORE_XSDB.UUT_MASTER/U_ICON_INTERFACE/U_CMD6_RD/U_RD_FIFO/SUBCORE_FIFO.xsdbm_v3_0_0_rdfifo_inst/inst_fifo_gen/gconvfifo.rf/grf.rf/gntv_or_sync_fifo.gcx.clkx/gnxpm_cdc.gsync_stage[1].rd_stg_inst/Q_reg_reg[2]} {dbg_hub/inst/BSCANID.u_xsdbm_id/CORE_XSDB.UUT_MASTER/U_ICON_INTERFACE/U_CMD6_RD/U_RD_FIFO/SUBCORE_FIFO.xsdbm_v3_0_0_rdfifo_inst/inst_fifo_gen/gconvfifo.rf/grf.rf/gntv_or_sync_fifo.gcx.clkx/gnxpm_cdc.gsync_stage[1].rd_stg_inst/Q_reg_reg[3]}]] 10.000
Requirement: 10.000ns
Endpoints: 4

From Clock            To Clock              Endpoint Pin                    Reference Pin                   Corner  Actual(ns)  Slack(ns)
--------------------  --------------------  ------------------------------  ------------------------------  ------  ----------  ---------
clk_pll_i             dbg_hub/inst/BSCANID.u_xsdbm_id/SWITCH_N_EXT_BSCAN.bscan_inst/SERIES7_BSCAN.bscan_inst/TCK
                                            dbg_hub/inst/BSCANID.u_xsdbm_id/CORE_XSDB.UUT_MASTER/U_ICON_INTERFACE/U_CMD6_RD/U_RD_FIFO/SUBCORE_FIFO.xsdbm_v3_0_0_rdfifo_inst/inst_fifo_gen/gconvfifo.rf/grf.rf/gntv_or_sync_fifo.gcx.clkx/gnxpm_cdc.gsync_stage[1].rd_stg_inst/Q_reg_reg[3]/D
                                                                            dbg_hub/inst/BSCANID.u_xsdbm_id/CORE_XSDB.UUT_MASTER/U_ICON_INTERFACE/U_CMD6_RD/U_RD_FIFO/SUBCORE_FIFO.xsdbm_v3_0_0_rdfifo_inst/inst_fifo_gen/gconvfifo.rf/grf.rf/gntv_or_sync_fifo.gcx.clkx/gnxpm_cdc.gsync_stage[1].rd_stg_inst/Q_reg_reg[1]/D
                                                                                                            Slow         0.639      9.361


Slack (MET) :             9.361ns  (requirement - actual skew)
  Endpoint Source:        dbg_hub/inst/BSCANID.u_xsdbm_id/CORE_XSDB.UUT_MASTER/U_ICON_INTERFACE/U_CMD6_RD/U_RD_FIFO/SUBCORE_FIFO.xsdbm_v3_0_0_rdfifo_inst/inst_fifo_gen/gconvfifo.rf/grf.rf/gntv_or_sync_fifo.gcx.clkx/gnxpm_cdc.wr_pntr_gc_reg[3]/C
                            (rising edge-triggered cell FDCE clocked by clk_pll_i)
  Endpoint Destination:   dbg_hub/inst/BSCANID.u_xsdbm_id/CORE_XSDB.UUT_MASTER/U_ICON_INTERFACE/U_CMD6_RD/U_RD_FIFO/SUBCORE_FIFO.xsdbm_v3_0_0_rdfifo_inst/inst_fifo_gen/gconvfifo.rf/grf.rf/gntv_or_sync_fifo.gcx.clkx/gnxpm_cdc.gsync_stage[1].rd_stg_inst/Q_reg_reg[3]/D
                            (rising edge-triggered cell FDCE clocked by dbg_hub/inst/BSCANID.u_xsdbm_id/SWITCH_N_EXT_BSCAN.bscan_inst/SERIES7_BSCAN.bscan_inst/TCK)
  Reference Source:       dbg_hub/inst/BSCANID.u_xsdbm_id/CORE_XSDB.UUT_MASTER/U_ICON_INTERFACE/U_CMD6_RD/U_RD_FIFO/SUBCORE_FIFO.xsdbm_v3_0_0_rdfifo_inst/inst_fifo_gen/gconvfifo.rf/grf.rf/gntv_or_sync_fifo.gcx.clkx/gnxpm_cdc.wr_pntr_gc_reg[1]/C
                            (rising edge-triggered cell FDCE clocked by clk_pll_i)
  Reference Destination:  dbg_hub/inst/BSCANID.u_xsdbm_id/CORE_XSDB.UUT_MASTER/U_ICON_INTERFACE/U_CMD6_RD/U_RD_FIFO/SUBCORE_FIFO.xsdbm_v3_0_0_rdfifo_inst/inst_fifo_gen/gconvfifo.rf/grf.rf/gntv_or_sync_fifo.gcx.clkx/gnxpm_cdc.gsync_stage[1].rd_stg_inst/Q_reg_reg[1]/D
                            (rising edge-triggered cell FDCE clocked by dbg_hub/inst/BSCANID.u_xsdbm_id/SWITCH_N_EXT_BSCAN.bscan_inst/SERIES7_BSCAN.bscan_inst/TCK)
  Path Type:              Bus Skew (Max at Slow Process Corner)
  Requirement:            10.000ns
  Endpoint Relative Delay:   -0.430ns
  Reference Relative Delay:  -1.828ns
  Relative CRPR:              0.936ns
  Uncertainty:                0.177ns
  Actual Bus Skew:            0.639ns  (Endpoint Relative Delay - Reference Relative Delay - Relative CRPR + Uncertainty)

Endpoint path:
    Location             Delay type                Incr(ns)  Path(ns)    Netlist Resource(s)
  -------------------------------------------------------------------    -------------------
                         (clock clk_pll_i rise edge)
                                                      0.000     0.000 r  
    R4                                                0.000     0.000 r  sys_clk (IN)
                         net (fo=0)                   0.000     0.000    u_clock_and_reset/clk_wiz_0/inst/clk_in1
    R4                   IBUF (Prop_ibuf_I_O)         1.432     1.432 r  u_clock_and_reset/clk_wiz_0/inst/clkin1_ibufg/O
                         net (fo=1, routed)           1.065     2.497    u_clock_and_reset/clk_wiz_0/inst/clk_in1_clk_wiz_0
    MMCME2_ADV_X1Y0      MMCME2_ADV (Prop_mmcme2_adv_CLKIN1_CLKOUT0)
                                                     -5.921    -3.424 r  u_clock_and_reset/clk_wiz_0/inst/mmcm_adv_inst/CLKOUT0
                         net (fo=1, routed)           1.421    -2.004    u_clock_and_reset/clk_wiz_0/inst/clk_out1_clk_wiz_0
    BUFGCTRL_X0Y1        BUFG (Prop_bufg_I_O)         0.081    -1.923 r  u_clock_and_reset/clk_wiz_0/inst/clkout1_buf/O
                         net (fo=64, routed)          1.394    -0.528    u_ddr3/u_mig/u_mig_7series_0_mig/u_ddr3_infrastructure/CLK
    PLLE2_ADV_X1Y1       PLLE2_ADV (Prop_plle2_adv_CLKIN1_CLKOUT3)
                                                      0.077    -0.451 r  u_ddr3/u_mig/u_mig_7series_0_mig/u_ddr3_infrastructure/plle2_i/CLKOUT3
                         net (fo=1, routed)           1.062     0.611    u_ddr3/u_mig/u_mig_7series_0_mig/u_ddr3_infrastructure/pll_clk3_out
    BUFHCE_X1Y12         BUFH (Prop_bufh_I_O)         0.106     0.717 r  u_ddr3/u_mig/u_mig_7series_0_mig/u_ddr3_infrastructure/u_bufh_pll_clk3/O
                         net (fo=1, routed)           0.702     1.419    u_ddr3/u_mig/u_mig_7series_0_mig/u_ddr3_infrastructure/pll_clk3
    MMCME2_ADV_X1Y1      MMCME2_ADV (Prop_mmcme2_adv_CLKIN1_CLKFBOUT)
                                                     -2.874    -1.455 r  u_ddr3/u_mig/u_mig_7series_0_mig/u_ddr3_infrastructure/gen_mmcm.mmcm_i/CLKFBOUT
                         net (fo=1, routed)           1.421    -0.035    u_ddr3/u_mig/u_mig_7series_0_mig/u_ddr3_infrastructure/clk_pll_i
    BUFGCTRL_X0Y16       BUFG (Prop_bufg_I_O)         0.081     0.046 r  u_ddr3/u_mig/u_mig_7series_0_mig/u_ddr3_infrastructure/u_bufg_clkdiv0/O
                         net (fo=18081, routed)       1.357     1.403    dbg_hub/inst/BSCANID.u_xsdbm_id/CORE_XSDB.UUT_MASTER/U_ICON_INTERFACE/U_CMD6_RD/U_RD_FIFO/SUBCORE_FIFO.xsdbm_v3_0_0_rdfifo_inst/inst_fifo_gen/gconvfifo.rf/grf.rf/gntv_or_sync_fifo.gcx.clkx/wr_clk
    SLICE_X40Y21         FDCE                                         r  dbg_hub/inst/BSCANID.u_xsdbm_id/CORE_XSDB.UUT_MASTER/U_ICON_INTERFACE/U_CMD6_RD/U_RD_FIFO/SUBCORE_FIFO.xsdbm_v3_0_0_rdfifo_inst/inst_fifo_gen/gconvfifo.rf/grf.rf/gntv_or_sync_fifo.gcx.clkx/gnxpm_cdc.wr_pntr_gc_reg[3]/C
  -------------------------------------------------------------------    -------------------
    SLICE_X40Y21         FDCE (Prop_fdce_C_Q)         0.379     1.782 r  dbg_hub/inst/BSCANID.u_xsdbm_id/CORE_XSDB.UUT_MASTER/U_ICON_INTERFACE/U_CMD6_RD/U_RD_FIFO/SUBCORE_FIFO.xsdbm_v3_0_0_rdfifo_inst/inst_fifo_gen/gconvfifo.rf/grf.rf/gntv_or_sync_fifo.gcx.clkx/gnxpm_cdc.wr_pntr_gc_reg[3]/Q
                         net (fo=1, routed)           0.381     2.163    dbg_hub/inst/BSCANID.u_xsdbm_id/CORE_XSDB.UUT_MASTER/U_ICON_INTERFACE/U_CMD6_RD/U_RD_FIFO/SUBCORE_FIFO.xsdbm_v3_0_0_rdfifo_inst/inst_fifo_gen/gconvfifo.rf/grf.rf/gntv_or_sync_fifo.gcx.clkx/gnxpm_cdc.gsync_stage[1].rd_stg_inst/Q[3]
    SLICE_X38Y21         FDCE                                         r  dbg_hub/inst/BSCANID.u_xsdbm_id/CORE_XSDB.UUT_MASTER/U_ICON_INTERFACE/U_CMD6_RD/U_RD_FIFO/SUBCORE_FIFO.xsdbm_v3_0_0_rdfifo_inst/inst_fifo_gen/gconvfifo.rf/grf.rf/gntv_or_sync_fifo.gcx.clkx/gnxpm_cdc.gsync_stage[1].rd_stg_inst/Q_reg_reg[3]/D
  -------------------------------------------------------------------    -------------------

                         (clock dbg_hub/inst/BSCANID.u_xsdbm_id/SWITCH_N_EXT_BSCAN.bscan_inst/SERIES7_BSCAN.bscan_inst/TCK rise edge)
                                                      0.000     0.000 r  
    BSCAN_X0Y0           BSCANE2                      0.000     0.000 r  dbg_hub/inst/BSCANID.u_xsdbm_id/SWITCH_N_EXT_BSCAN.bscan_inst/SERIES7_BSCAN.bscan_inst/TCK
                         net (fo=1, routed)           1.303     1.303    dbg_hub/inst/BSCANID.u_xsdbm_id/tck_bs
    BUFGCTRL_X0Y2        BUFG (Prop_bufg_I_O)         0.077     1.380 r  dbg_hub/inst/BSCANID.u_xsdbm_id/SWITCH_N_EXT_BSCAN.u_bufg_icon_tck/O
                         net (fo=482, routed)         1.246     2.626    dbg_hub/inst/BSCANID.u_xsdbm_id/CORE_XSDB.UUT_MASTER/U_ICON_INTERFACE/U_CMD6_RD/U_RD_FIFO/SUBCORE_FIFO.xsdbm_v3_0_0_rdfifo_inst/inst_fifo_gen/gconvfifo.rf/grf.rf/gntv_or_sync_fifo.gcx.clkx/gnxpm_cdc.gsync_stage[1].rd_stg_inst/rd_clk
    SLICE_X38Y21         FDCE                                         r  dbg_hub/inst/BSCANID.u_xsdbm_id/CORE_XSDB.UUT_MASTER/U_ICON_INTERFACE/U_CMD6_RD/U_RD_FIFO/SUBCORE_FIFO.xsdbm_v3_0_0_rdfifo_inst/inst_fifo_gen/gconvfifo.rf/grf.rf/gntv_or_sync_fifo.gcx.clkx/gnxpm_cdc.gsync_stage[1].rd_stg_inst/Q_reg_reg[3]/C
                         clock pessimism              0.000     2.626    
    SLICE_X38Y21         FDCE (Setup_fdce_C_D)       -0.033     2.593    dbg_hub/inst/BSCANID.u_xsdbm_id/CORE_XSDB.UUT_MASTER/U_ICON_INTERFACE/U_CMD6_RD/U_RD_FIFO/SUBCORE_FIFO.xsdbm_v3_0_0_rdfifo_inst/inst_fifo_gen/gconvfifo.rf/grf.rf/gntv_or_sync_fifo.gcx.clkx/gnxpm_cdc.gsync_stage[1].rd_stg_inst/Q_reg_reg[3]
  -------------------------------------------------------------------
                         data arrival                           2.163    
                         clock arrival                          2.593    
  -------------------------------------------------------------------
                         relative delay                        -0.430    

Reference path:
    Location             Delay type                Incr(ns)  Path(ns)    Netlist Resource(s)
  -------------------------------------------------------------------    -------------------
                         (clock clk_pll_i rise edge)
                                                      0.000     0.000 r  
    R4                                                0.000     0.000 r  sys_clk (IN)
                         net (fo=0)                   0.000     0.000    u_clock_and_reset/clk_wiz_0/inst/clk_in1
    R4                   IBUF (Prop_ibuf_I_O)         1.366     1.366 r  u_clock_and_reset/clk_wiz_0/inst/clkin1_ibufg/O
                         net (fo=1, routed)           1.004     2.369    u_clock_and_reset/clk_wiz_0/inst/clk_in1_clk_wiz_0
    MMCME2_ADV_X1Y0      MMCME2_ADV (Prop_mmcme2_adv_CLKIN1_CLKOUT0)
                                                     -6.057    -3.688 r  u_clock_and_reset/clk_wiz_0/inst/mmcm_adv_inst/CLKOUT0
                         net (fo=1, routed)           1.352    -2.335    u_clock_and_reset/clk_wiz_0/inst/clk_out1_clk_wiz_0
    BUFGCTRL_X0Y1        BUFG (Prop_bufg_I_O)         0.077    -2.258 r  u_clock_and_reset/clk_wiz_0/inst/clkout1_buf/O
                         net (fo=64, routed)          1.290    -0.968    u_ddr3/u_mig/u_mig_7series_0_mig/u_ddr3_infrastructure/CLK
    PLLE2_ADV_X1Y1       PLLE2_ADV (Prop_plle2_adv_CLKIN1_CLKOUT3)
                                                      0.073    -0.895 r  u_ddr3/u_mig/u_mig_7series_0_mig/u_ddr3_infrastructure/plle2_i/CLKOUT3
                         net (fo=1, routed)           0.929     0.034    u_ddr3/u_mig/u_mig_7series_0_mig/u_ddr3_infrastructure/pll_clk3_out
    BUFHCE_X1Y12         BUFH (Prop_bufh_I_O)         0.069     0.103 r  u_ddr3/u_mig/u_mig_7series_0_mig/u_ddr3_infrastructure/u_bufh_pll_clk3/O
                         net (fo=1, routed)           0.664     0.767    u_ddr3/u_mig/u_mig_7series_0_mig/u_ddr3_infrastructure/pll_clk3
    MMCME2_ADV_X1Y1      MMCME2_ADV (Prop_mmcme2_adv_CLKIN1_CLKFBOUT)
                                                     -2.699    -1.932 r  u_ddr3/u_mig/u_mig_7series_0_mig/u_ddr3_infrastructure/gen_mmcm.mmcm_i/CLKFBOUT
                         net (fo=1, routed)           1.352    -0.579    u_ddr3/u_mig/u_mig_7series_0_mig/u_ddr3_infrastructure/clk_pll_i
    BUFGCTRL_X0Y16       BUFG (Prop_bufg_I_O)         0.077    -0.502 r  u_ddr3/u_mig/u_mig_7series_0_mig/u_ddr3_infrastructure/u_bufg_clkdiv0/O
                         net (fo=18081, routed)       1.246     0.743    dbg_hub/inst/BSCANID.u_xsdbm_id/CORE_XSDB.UUT_MASTER/U_ICON_INTERFACE/U_CMD6_RD/U_RD_FIFO/SUBCORE_FIFO.xsdbm_v3_0_0_rdfifo_inst/inst_fifo_gen/gconvfifo.rf/grf.rf/gntv_or_sync_fifo.gcx.clkx/wr_clk
    SLICE_X40Y24         FDCE                                         r  dbg_hub/inst/BSCANID.u_xsdbm_id/CORE_XSDB.UUT_MASTER/U_ICON_INTERFACE/U_CMD6_RD/U_RD_FIFO/SUBCORE_FIFO.xsdbm_v3_0_0_rdfifo_inst/inst_fifo_gen/gconvfifo.rf/grf.rf/gntv_or_sync_fifo.gcx.clkx/gnxpm_cdc.wr_pntr_gc_reg[1]/C
  -------------------------------------------------------------------    -------------------
    SLICE_X40Y24         FDCE (Prop_fdce_C_Q)         0.304     1.047 r  dbg_hub/inst/BSCANID.u_xsdbm_id/CORE_XSDB.UUT_MASTER/U_ICON_INTERFACE/U_CMD6_RD/U_RD_FIFO/SUBCORE_FIFO.xsdbm_v3_0_0_rdfifo_inst/inst_fifo_gen/gconvfifo.rf/grf.rf/gntv_or_sync_fifo.gcx.clkx/gnxpm_cdc.wr_pntr_gc_reg[1]/Q
                         net (fo=1, routed)           0.212     1.259    dbg_hub/inst/BSCANID.u_xsdbm_id/CORE_XSDB.UUT_MASTER/U_ICON_INTERFACE/U_CMD6_RD/U_RD_FIFO/SUBCORE_FIFO.xsdbm_v3_0_0_rdfifo_inst/inst_fifo_gen/gconvfifo.rf/grf.rf/gntv_or_sync_fifo.gcx.clkx/gnxpm_cdc.gsync_stage[1].rd_stg_inst/Q[1]
    SLICE_X39Y24         FDCE                                         r  dbg_hub/inst/BSCANID.u_xsdbm_id/CORE_XSDB.UUT_MASTER/U_ICON_INTERFACE/U_CMD6_RD/U_RD_FIFO/SUBCORE_FIFO.xsdbm_v3_0_0_rdfifo_inst/inst_fifo_gen/gconvfifo.rf/grf.rf/gntv_or_sync_fifo.gcx.clkx/gnxpm_cdc.gsync_stage[1].rd_stg_inst/Q_reg_reg[1]/D
  -------------------------------------------------------------------    -------------------

                         (clock dbg_hub/inst/BSCANID.u_xsdbm_id/SWITCH_N_EXT_BSCAN.bscan_inst/SERIES7_BSCAN.bscan_inst/TCK rise edge)
                                                      0.000     0.000 r  
    BSCAN_X0Y0           BSCANE2                      0.000     0.000 r  dbg_hub/inst/BSCANID.u_xsdbm_id/SWITCH_N_EXT_BSCAN.bscan_inst/SERIES7_BSCAN.bscan_inst/TCK
                         net (fo=1, routed)           1.521     1.521    dbg_hub/inst/BSCANID.u_xsdbm_id/tck_bs
    BUFGCTRL_X0Y2        BUFG (Prop_bufg_I_O)         0.081     1.602 r  dbg_hub/inst/BSCANID.u_xsdbm_id/SWITCH_N_EXT_BSCAN.u_bufg_icon_tck/O
                         net (fo=482, routed)         1.349     2.951    dbg_hub/inst/BSCANID.u_xsdbm_id/CORE_XSDB.UUT_MASTER/U_ICON_INTERFACE/U_CMD6_RD/U_RD_FIFO/SUBCORE_FIFO.xsdbm_v3_0_0_rdfifo_inst/inst_fifo_gen/gconvfifo.rf/grf.rf/gntv_or_sync_fifo.gcx.clkx/gnxpm_cdc.gsync_stage[1].rd_stg_inst/rd_clk
    SLICE_X39Y24         FDCE                                         r  dbg_hub/inst/BSCANID.u_xsdbm_id/CORE_XSDB.UUT_MASTER/U_ICON_INTERFACE/U_CMD6_RD/U_RD_FIFO/SUBCORE_FIFO.xsdbm_v3_0_0_rdfifo_inst/inst_fifo_gen/gconvfifo.rf/grf.rf/gntv_or_sync_fifo.gcx.clkx/gnxpm_cdc.gsync_stage[1].rd_stg_inst/Q_reg_reg[1]/C
                         clock pessimism              0.000     2.951    
    SLICE_X39Y24         FDCE (Hold_fdce_C_D)         0.136     3.087    dbg_hub/inst/BSCANID.u_xsdbm_id/CORE_XSDB.UUT_MASTER/U_ICON_INTERFACE/U_CMD6_RD/U_RD_FIFO/SUBCORE_FIFO.xsdbm_v3_0_0_rdfifo_inst/inst_fifo_gen/gconvfifo.rf/grf.rf/gntv_or_sync_fifo.gcx.clkx/gnxpm_cdc.gsync_stage[1].rd_stg_inst/Q_reg_reg[1]
  -------------------------------------------------------------------
                         data arrival                           1.259    
                         clock arrival                          3.087    
  -------------------------------------------------------------------
                         relative delay                        -1.828    



Id: 19
set_bus_skew -from [get_cells [list {dbg_hub/inst/BSCANID.u_xsdbm_id/CORE_XSDB.UUT_MASTER/U_ICON_INTERFACE/U_CMD6_WR/U_WR_FIFO/SUBCORE_FIFO.xsdbm_v3_0_0_wrfifo_inst/inst_fifo_gen/gconvfifo.rf/grf.rf/gntv_or_sync_fifo.gcx.clkx/gnxpm_cdc.rd_pntr_gc_reg[0]} {dbg_hub/inst/BSCANID.u_xsdbm_id/CORE_XSDB.UUT_MASTER/U_ICON_INTERFACE/U_CMD6_WR/U_WR_FIFO/SUBCORE_FIFO.xsdbm_v3_0_0_wrfifo_inst/inst_fifo_gen/gconvfifo.rf/grf.rf/gntv_or_sync_fifo.gcx.clkx/gnxpm_cdc.rd_pntr_gc_reg[1]} {dbg_hub/inst/BSCANID.u_xsdbm_id/CORE_XSDB.UUT_MASTER/U_ICON_INTERFACE/U_CMD6_WR/U_WR_FIFO/SUBCORE_FIFO.xsdbm_v3_0_0_wrfifo_inst/inst_fifo_gen/gconvfifo.rf/grf.rf/gntv_or_sync_fifo.gcx.clkx/gnxpm_cdc.rd_pntr_gc_reg[2]} {dbg_hub/inst/BSCANID.u_xsdbm_id/CORE_XSDB.UUT_MASTER/U_ICON_INTERFACE/U_CMD6_WR/U_WR_FIFO/SUBCORE_FIFO.xsdbm_v3_0_0_wrfifo_inst/inst_fifo_gen/gconvfifo.rf/grf.rf/gntv_or_sync_fifo.gcx.clkx/gnxpm_cdc.rd_pntr_gc_reg[3]}]] -to [get_cells [list {dbg_hub/inst/BSCANID.u_xsdbm_id/CORE_XSDB.UUT_MASTER/U_ICON_INTERFACE/U_CMD6_WR/U_WR_FIFO/SUBCORE_FIFO.xsdbm_v3_0_0_wrfifo_inst/inst_fifo_gen/gconvfifo.rf/grf.rf/gntv_or_sync_fifo.gcx.clkx/gnxpm_cdc.gsync_stage[1].wr_stg_inst/Q_reg_reg[0]} {dbg_hub/inst/BSCANID.u_xsdbm_id/CORE_XSDB.UUT_MASTER/U_ICON_INTERFACE/U_CMD6_WR/U_WR_FIFO/SUBCORE_FIFO.xsdbm_v3_0_0_wrfifo_inst/inst_fifo_gen/gconvfifo.rf/grf.rf/gntv_or_sync_fifo.gcx.clkx/gnxpm_cdc.gsync_stage[1].wr_stg_inst/Q_reg_reg[1]} {dbg_hub/inst/BSCANID.u_xsdbm_id/CORE_XSDB.UUT_MASTER/U_ICON_INTERFACE/U_CMD6_WR/U_WR_FIFO/SUBCORE_FIFO.xsdbm_v3_0_0_wrfifo_inst/inst_fifo_gen/gconvfifo.rf/grf.rf/gntv_or_sync_fifo.gcx.clkx/gnxpm_cdc.gsync_stage[1].wr_stg_inst/Q_reg_reg[2]} {dbg_hub/inst/BSCANID.u_xsdbm_id/CORE_XSDB.UUT_MASTER/U_ICON_INTERFACE/U_CMD6_WR/U_WR_FIFO/SUBCORE_FIFO.xsdbm_v3_0_0_wrfifo_inst/inst_fifo_gen/gconvfifo.rf/grf.rf/gntv_or_sync_fifo.gcx.clkx/gnxpm_cdc.gsync_stage[1].wr_stg_inst/Q_reg_reg[3]}]] 10.000
Requirement: 10.000ns
Endpoints: 4

From Clock            To Clock              Endpoint Pin                    Reference Pin                   Corner  Actual(ns)  Slack(ns)
--------------------  --------------------  ------------------------------  ------------------------------  ------  ----------  ---------
clk_pll_i             dbg_hub/inst/BSCANID.u_xsdbm_id/SWITCH_N_EXT_BSCAN.bscan_inst/SERIES7_BSCAN.bscan_inst/TCK
                                            dbg_hub/inst/BSCANID.u_xsdbm_id/CORE_XSDB.UUT_MASTER/U_ICON_INTERFACE/U_CMD6_WR/U_WR_FIFO/SUBCORE_FIFO.xsdbm_v3_0_0_wrfifo_inst/inst_fifo_gen/gconvfifo.rf/grf.rf/gntv_or_sync_fifo.gcx.clkx/gnxpm_cdc.gsync_stage[1].wr_stg_inst/Q_reg_reg[0]/D
                                                                            dbg_hub/inst/BSCANID.u_xsdbm_id/CORE_XSDB.UUT_MASTER/U_ICON_INTERFACE/U_CMD6_WR/U_WR_FIFO/SUBCORE_FIFO.xsdbm_v3_0_0_wrfifo_inst/inst_fifo_gen/gconvfifo.rf/grf.rf/gntv_or_sync_fifo.gcx.clkx/gnxpm_cdc.gsync_stage[1].wr_stg_inst/Q_reg_reg[1]/D
                                                                                                            Slow         0.807      9.193


Slack (MET) :             9.193ns  (requirement - actual skew)
  Endpoint Source:        dbg_hub/inst/BSCANID.u_xsdbm_id/CORE_XSDB.UUT_MASTER/U_ICON_INTERFACE/U_CMD6_WR/U_WR_FIFO/SUBCORE_FIFO.xsdbm_v3_0_0_wrfifo_inst/inst_fifo_gen/gconvfifo.rf/grf.rf/gntv_or_sync_fifo.gcx.clkx/gnxpm_cdc.rd_pntr_gc_reg[0]/C
                            (rising edge-triggered cell FDCE clocked by clk_pll_i)
  Endpoint Destination:   dbg_hub/inst/BSCANID.u_xsdbm_id/CORE_XSDB.UUT_MASTER/U_ICON_INTERFACE/U_CMD6_WR/U_WR_FIFO/SUBCORE_FIFO.xsdbm_v3_0_0_wrfifo_inst/inst_fifo_gen/gconvfifo.rf/grf.rf/gntv_or_sync_fifo.gcx.clkx/gnxpm_cdc.gsync_stage[1].wr_stg_inst/Q_reg_reg[0]/D
                            (rising edge-triggered cell FDCE clocked by dbg_hub/inst/BSCANID.u_xsdbm_id/SWITCH_N_EXT_BSCAN.bscan_inst/SERIES7_BSCAN.bscan_inst/TCK)
  Reference Source:       dbg_hub/inst/BSCANID.u_xsdbm_id/CORE_XSDB.UUT_MASTER/U_ICON_INTERFACE/U_CMD6_WR/U_WR_FIFO/SUBCORE_FIFO.xsdbm_v3_0_0_wrfifo_inst/inst_fifo_gen/gconvfifo.rf/grf.rf/gntv_or_sync_fifo.gcx.clkx/gnxpm_cdc.rd_pntr_gc_reg[1]/C
                            (rising edge-triggered cell FDCE clocked by clk_pll_i)
  Reference Destination:  dbg_hub/inst/BSCANID.u_xsdbm_id/CORE_XSDB.UUT_MASTER/U_ICON_INTERFACE/U_CMD6_WR/U_WR_FIFO/SUBCORE_FIFO.xsdbm_v3_0_0_wrfifo_inst/inst_fifo_gen/gconvfifo.rf/grf.rf/gntv_or_sync_fifo.gcx.clkx/gnxpm_cdc.gsync_stage[1].wr_stg_inst/Q_reg_reg[1]/D
                            (rising edge-triggered cell FDCE clocked by dbg_hub/inst/BSCANID.u_xsdbm_id/SWITCH_N_EXT_BSCAN.bscan_inst/SERIES7_BSCAN.bscan_inst/TCK)
  Path Type:              Bus Skew (Max at Slow Process Corner)
  Requirement:            10.000ns
  Endpoint Relative Delay:   -0.190ns
  Reference Relative Delay:  -1.755ns
  Relative CRPR:              0.937ns
  Uncertainty:                0.177ns
  Actual Bus Skew:            0.807ns  (Endpoint Relative Delay - Reference Relative Delay - Relative CRPR + Uncertainty)

Endpoint path:
    Location             Delay type                Incr(ns)  Path(ns)    Netlist Resource(s)
  -------------------------------------------------------------------    -------------------
                         (clock clk_pll_i rise edge)
                                                      0.000     0.000 r  
    R4                                                0.000     0.000 r  sys_clk (IN)
                         net (fo=0)                   0.000     0.000    u_clock_and_reset/clk_wiz_0/inst/clk_in1
    R4                   IBUF (Prop_ibuf_I_O)         1.432     1.432 r  u_clock_and_reset/clk_wiz_0/inst/clkin1_ibufg/O
                         net (fo=1, routed)           1.065     2.497    u_clock_and_reset/clk_wiz_0/inst/clk_in1_clk_wiz_0
    MMCME2_ADV_X1Y0      MMCME2_ADV (Prop_mmcme2_adv_CLKIN1_CLKOUT0)
                                                     -5.921    -3.424 r  u_clock_and_reset/clk_wiz_0/inst/mmcm_adv_inst/CLKOUT0
                         net (fo=1, routed)           1.421    -2.004    u_clock_and_reset/clk_wiz_0/inst/clk_out1_clk_wiz_0
    BUFGCTRL_X0Y1        BUFG (Prop_bufg_I_O)         0.081    -1.923 r  u_clock_and_reset/clk_wiz_0/inst/clkout1_buf/O
                         net (fo=64, routed)          1.394    -0.528    u_ddr3/u_mig/u_mig_7series_0_mig/u_ddr3_infrastructure/CLK
    PLLE2_ADV_X1Y1       PLLE2_ADV (Prop_plle2_adv_CLKIN1_CLKOUT3)
                                                      0.077    -0.451 r  u_ddr3/u_mig/u_mig_7series_0_mig/u_ddr3_infrastructure/plle2_i/CLKOUT3
                         net (fo=1, routed)           1.062     0.611    u_ddr3/u_mig/u_mig_7series_0_mig/u_ddr3_infrastructure/pll_clk3_out
    BUFHCE_X1Y12         BUFH (Prop_bufh_I_O)         0.106     0.717 r  u_ddr3/u_mig/u_mig_7series_0_mig/u_ddr3_infrastructure/u_bufh_pll_clk3/O
                         net (fo=1, routed)           0.702     1.419    u_ddr3/u_mig/u_mig_7series_0_mig/u_ddr3_infrastructure/pll_clk3
    MMCME2_ADV_X1Y1      MMCME2_ADV (Prop_mmcme2_adv_CLKIN1_CLKFBOUT)
                                                     -2.874    -1.455 r  u_ddr3/u_mig/u_mig_7series_0_mig/u_ddr3_infrastructure/gen_mmcm.mmcm_i/CLKFBOUT
                         net (fo=1, routed)           1.421    -0.035    u_ddr3/u_mig/u_mig_7series_0_mig/u_ddr3_infrastructure/clk_pll_i
    BUFGCTRL_X0Y16       BUFG (Prop_bufg_I_O)         0.081     0.046 r  u_ddr3/u_mig/u_mig_7series_0_mig/u_ddr3_infrastructure/u_bufg_clkdiv0/O
                         net (fo=18081, routed)       1.433     1.479    dbg_hub/inst/BSCANID.u_xsdbm_id/CORE_XSDB.UUT_MASTER/U_ICON_INTERFACE/U_CMD6_WR/U_WR_FIFO/SUBCORE_FIFO.xsdbm_v3_0_0_wrfifo_inst/inst_fifo_gen/gconvfifo.rf/grf.rf/gntv_or_sync_fifo.gcx.clkx/rd_clk
    SLICE_X62Y31         FDCE                                         r  dbg_hub/inst/BSCANID.u_xsdbm_id/CORE_XSDB.UUT_MASTER/U_ICON_INTERFACE/U_CMD6_WR/U_WR_FIFO/SUBCORE_FIFO.xsdbm_v3_0_0_wrfifo_inst/inst_fifo_gen/gconvfifo.rf/grf.rf/gntv_or_sync_fifo.gcx.clkx/gnxpm_cdc.rd_pntr_gc_reg[0]/C
  -------------------------------------------------------------------    -------------------
    SLICE_X62Y31         FDCE (Prop_fdce_C_Q)         0.348     1.827 r  dbg_hub/inst/BSCANID.u_xsdbm_id/CORE_XSDB.UUT_MASTER/U_ICON_INTERFACE/U_CMD6_WR/U_WR_FIFO/SUBCORE_FIFO.xsdbm_v3_0_0_wrfifo_inst/inst_fifo_gen/gconvfifo.rf/grf.rf/gntv_or_sync_fifo.gcx.clkx/gnxpm_cdc.rd_pntr_gc_reg[0]/Q
                         net (fo=1, routed)           0.470     2.297    dbg_hub/inst/BSCANID.u_xsdbm_id/CORE_XSDB.UUT_MASTER/U_ICON_INTERFACE/U_CMD6_WR/U_WR_FIFO/SUBCORE_FIFO.xsdbm_v3_0_0_wrfifo_inst/inst_fifo_gen/gconvfifo.rf/grf.rf/gntv_or_sync_fifo.gcx.clkx/gnxpm_cdc.gsync_stage[1].wr_stg_inst/Q[0]
    SLICE_X62Y33         FDCE                                         r  dbg_hub/inst/BSCANID.u_xsdbm_id/CORE_XSDB.UUT_MASTER/U_ICON_INTERFACE/U_CMD6_WR/U_WR_FIFO/SUBCORE_FIFO.xsdbm_v3_0_0_wrfifo_inst/inst_fifo_gen/gconvfifo.rf/grf.rf/gntv_or_sync_fifo.gcx.clkx/gnxpm_cdc.gsync_stage[1].wr_stg_inst/Q_reg_reg[0]/D
  -------------------------------------------------------------------    -------------------

                         (clock dbg_hub/inst/BSCANID.u_xsdbm_id/SWITCH_N_EXT_BSCAN.bscan_inst/SERIES7_BSCAN.bscan_inst/TCK rise edge)
                                                      0.000     0.000 r  
    BSCAN_X0Y0           BSCANE2                      0.000     0.000 r  dbg_hub/inst/BSCANID.u_xsdbm_id/SWITCH_N_EXT_BSCAN.bscan_inst/SERIES7_BSCAN.bscan_inst/TCK
                         net (fo=1, routed)           1.303     1.303    dbg_hub/inst/BSCANID.u_xsdbm_id/tck_bs
    BUFGCTRL_X0Y2        BUFG (Prop_bufg_I_O)         0.077     1.380 r  dbg_hub/inst/BSCANID.u_xsdbm_id/SWITCH_N_EXT_BSCAN.u_bufg_icon_tck/O
                         net (fo=482, routed)         1.325     2.705    dbg_hub/inst/BSCANID.u_xsdbm_id/CORE_XSDB.UUT_MASTER/U_ICON_INTERFACE/U_CMD6_WR/U_WR_FIFO/SUBCORE_FIFO.xsdbm_v3_0_0_wrfifo_inst/inst_fifo_gen/gconvfifo.rf/grf.rf/gntv_or_sync_fifo.gcx.clkx/gnxpm_cdc.gsync_stage[1].wr_stg_inst/wr_clk
    SLICE_X62Y33         FDCE                                         r  dbg_hub/inst/BSCANID.u_xsdbm_id/CORE_XSDB.UUT_MASTER/U_ICON_INTERFACE/U_CMD6_WR/U_WR_FIFO/SUBCORE_FIFO.xsdbm_v3_0_0_wrfifo_inst/inst_fifo_gen/gconvfifo.rf/grf.rf/gntv_or_sync_fifo.gcx.clkx/gnxpm_cdc.gsync_stage[1].wr_stg_inst/Q_reg_reg[0]/C
                         clock pessimism              0.000     2.705    
    SLICE_X62Y33         FDCE (Setup_fdce_C_D)       -0.218     2.487    dbg_hub/inst/BSCANID.u_xsdbm_id/CORE_XSDB.UUT_MASTER/U_ICON_INTERFACE/U_CMD6_WR/U_WR_FIFO/SUBCORE_FIFO.xsdbm_v3_0_0_wrfifo_inst/inst_fifo_gen/gconvfifo.rf/grf.rf/gntv_or_sync_fifo.gcx.clkx/gnxpm_cdc.gsync_stage[1].wr_stg_inst/Q_reg_reg[0]
  -------------------------------------------------------------------
                         data arrival                           2.297    
                         clock arrival                          2.487    
  -------------------------------------------------------------------
                         relative delay                        -0.190    

Reference path:
    Location             Delay type                Incr(ns)  Path(ns)    Netlist Resource(s)
  -------------------------------------------------------------------    -------------------
                         (clock clk_pll_i rise edge)
                                                      0.000     0.000 r  
    R4                                                0.000     0.000 r  sys_clk (IN)
                         net (fo=0)                   0.000     0.000    u_clock_and_reset/clk_wiz_0/inst/clk_in1
    R4                   IBUF (Prop_ibuf_I_O)         1.366     1.366 r  u_clock_and_reset/clk_wiz_0/inst/clkin1_ibufg/O
                         net (fo=1, routed)           1.004     2.369    u_clock_and_reset/clk_wiz_0/inst/clk_in1_clk_wiz_0
    MMCME2_ADV_X1Y0      MMCME2_ADV (Prop_mmcme2_adv_CLKIN1_CLKOUT0)
                                                     -6.057    -3.688 r  u_clock_and_reset/clk_wiz_0/inst/mmcm_adv_inst/CLKOUT0
                         net (fo=1, routed)           1.352    -2.335    u_clock_and_reset/clk_wiz_0/inst/clk_out1_clk_wiz_0
    BUFGCTRL_X0Y1        BUFG (Prop_bufg_I_O)         0.077    -2.258 r  u_clock_and_reset/clk_wiz_0/inst/clkout1_buf/O
                         net (fo=64, routed)          1.290    -0.968    u_ddr3/u_mig/u_mig_7series_0_mig/u_ddr3_infrastructure/CLK
    PLLE2_ADV_X1Y1       PLLE2_ADV (Prop_plle2_adv_CLKIN1_CLKOUT3)
                                                      0.073    -0.895 r  u_ddr3/u_mig/u_mig_7series_0_mig/u_ddr3_infrastructure/plle2_i/CLKOUT3
                         net (fo=1, routed)           0.929     0.034    u_ddr3/u_mig/u_mig_7series_0_mig/u_ddr3_infrastructure/pll_clk3_out
    BUFHCE_X1Y12         BUFH (Prop_bufh_I_O)         0.069     0.103 r  u_ddr3/u_mig/u_mig_7series_0_mig/u_ddr3_infrastructure/u_bufh_pll_clk3/O
                         net (fo=1, routed)           0.664     0.767    u_ddr3/u_mig/u_mig_7series_0_mig/u_ddr3_infrastructure/pll_clk3
    MMCME2_ADV_X1Y1      MMCME2_ADV (Prop_mmcme2_adv_CLKIN1_CLKFBOUT)
                                                     -2.699    -1.932 r  u_ddr3/u_mig/u_mig_7series_0_mig/u_ddr3_infrastructure/gen_mmcm.mmcm_i/CLKFBOUT
                         net (fo=1, routed)           1.352    -0.579    u_ddr3/u_mig/u_mig_7series_0_mig/u_ddr3_infrastructure/clk_pll_i
    BUFGCTRL_X0Y16       BUFG (Prop_bufg_I_O)         0.077    -0.502 r  u_ddr3/u_mig/u_mig_7series_0_mig/u_ddr3_infrastructure/u_bufg_clkdiv0/O
                         net (fo=18081, routed)       1.326     0.823    dbg_hub/inst/BSCANID.u_xsdbm_id/CORE_XSDB.UUT_MASTER/U_ICON_INTERFACE/U_CMD6_WR/U_WR_FIFO/SUBCORE_FIFO.xsdbm_v3_0_0_wrfifo_inst/inst_fifo_gen/gconvfifo.rf/grf.rf/gntv_or_sync_fifo.gcx.clkx/rd_clk
    SLICE_X62Y32         FDCE                                         r  dbg_hub/inst/BSCANID.u_xsdbm_id/CORE_XSDB.UUT_MASTER/U_ICON_INTERFACE/U_CMD6_WR/U_WR_FIFO/SUBCORE_FIFO.xsdbm_v3_0_0_wrfifo_inst/inst_fifo_gen/gconvfifo.rf/grf.rf/gntv_or_sync_fifo.gcx.clkx/gnxpm_cdc.rd_pntr_gc_reg[1]/C
  -------------------------------------------------------------------    -------------------
    SLICE_X62Y32         FDCE (Prop_fdce_C_Q)         0.304     1.127 r  dbg_hub/inst/BSCANID.u_xsdbm_id/CORE_XSDB.UUT_MASTER/U_ICON_INTERFACE/U_CMD6_WR/U_WR_FIFO/SUBCORE_FIFO.xsdbm_v3_0_0_wrfifo_inst/inst_fifo_gen/gconvfifo.rf/grf.rf/gntv_or_sync_fifo.gcx.clkx/gnxpm_cdc.rd_pntr_gc_reg[1]/Q
                         net (fo=1, routed)           0.287     1.414    dbg_hub/inst/BSCANID.u_xsdbm_id/CORE_XSDB.UUT_MASTER/U_ICON_INTERFACE/U_CMD6_WR/U_WR_FIFO/SUBCORE_FIFO.xsdbm_v3_0_0_wrfifo_inst/inst_fifo_gen/gconvfifo.rf/grf.rf/gntv_or_sync_fifo.gcx.clkx/gnxpm_cdc.gsync_stage[1].wr_stg_inst/Q[1]
    SLICE_X63Y33         FDCE                                         r  dbg_hub/inst/BSCANID.u_xsdbm_id/CORE_XSDB.UUT_MASTER/U_ICON_INTERFACE/U_CMD6_WR/U_WR_FIFO/SUBCORE_FIFO.xsdbm_v3_0_0_wrfifo_inst/inst_fifo_gen/gconvfifo.rf/grf.rf/gntv_or_sync_fifo.gcx.clkx/gnxpm_cdc.gsync_stage[1].wr_stg_inst/Q_reg_reg[1]/D
  -------------------------------------------------------------------    -------------------

                         (clock dbg_hub/inst/BSCANID.u_xsdbm_id/SWITCH_N_EXT_BSCAN.bscan_inst/SERIES7_BSCAN.bscan_inst/TCK rise edge)
                                                      0.000     0.000 r  
    BSCAN_X0Y0           BSCANE2                      0.000     0.000 r  dbg_hub/inst/BSCANID.u_xsdbm_id/SWITCH_N_EXT_BSCAN.bscan_inst/SERIES7_BSCAN.bscan_inst/TCK
                         net (fo=1, routed)           1.521     1.521    dbg_hub/inst/BSCANID.u_xsdbm_id/tck_bs
    BUFGCTRL_X0Y2        BUFG (Prop_bufg_I_O)         0.081     1.602 r  dbg_hub/inst/BSCANID.u_xsdbm_id/SWITCH_N_EXT_BSCAN.u_bufg_icon_tck/O
                         net (fo=482, routed)         1.432     3.034    dbg_hub/inst/BSCANID.u_xsdbm_id/CORE_XSDB.UUT_MASTER/U_ICON_INTERFACE/U_CMD6_WR/U_WR_FIFO/SUBCORE_FIFO.xsdbm_v3_0_0_wrfifo_inst/inst_fifo_gen/gconvfifo.rf/grf.rf/gntv_or_sync_fifo.gcx.clkx/gnxpm_cdc.gsync_stage[1].wr_stg_inst/wr_clk
    SLICE_X63Y33         FDCE                                         r  dbg_hub/inst/BSCANID.u_xsdbm_id/CORE_XSDB.UUT_MASTER/U_ICON_INTERFACE/U_CMD6_WR/U_WR_FIFO/SUBCORE_FIFO.xsdbm_v3_0_0_wrfifo_inst/inst_fifo_gen/gconvfifo.rf/grf.rf/gntv_or_sync_fifo.gcx.clkx/gnxpm_cdc.gsync_stage[1].wr_stg_inst/Q_reg_reg[1]/C
                         clock pessimism              0.000     3.034    
    SLICE_X63Y33         FDCE (Hold_fdce_C_D)         0.136     3.170    dbg_hub/inst/BSCANID.u_xsdbm_id/CORE_XSDB.UUT_MASTER/U_ICON_INTERFACE/U_CMD6_WR/U_WR_FIFO/SUBCORE_FIFO.xsdbm_v3_0_0_wrfifo_inst/inst_fifo_gen/gconvfifo.rf/grf.rf/gntv_or_sync_fifo.gcx.clkx/gnxpm_cdc.gsync_stage[1].wr_stg_inst/Q_reg_reg[1]
  -------------------------------------------------------------------
                         data arrival                           1.414    
                         clock arrival                          3.170    
  -------------------------------------------------------------------
                         relative delay                        -1.755    



Id: 20
set_bus_skew -from [get_cells [list {dbg_hub/inst/BSCANID.u_xsdbm_id/CORE_XSDB.UUT_MASTER/U_ICON_INTERFACE/U_CMD6_WR/U_WR_FIFO/SUBCORE_FIFO.xsdbm_v3_0_0_wrfifo_inst/inst_fifo_gen/gconvfifo.rf/grf.rf/gntv_or_sync_fifo.gcx.clkx/gnxpm_cdc.wr_pntr_gc_reg[0]} {dbg_hub/inst/BSCANID.u_xsdbm_id/CORE_XSDB.UUT_MASTER/U_ICON_INTERFACE/U_CMD6_WR/U_WR_FIFO/SUBCORE_FIFO.xsdbm_v3_0_0_wrfifo_inst/inst_fifo_gen/gconvfifo.rf/grf.rf/gntv_or_sync_fifo.gcx.clkx/gnxpm_cdc.wr_pntr_gc_reg[1]} {dbg_hub/inst/BSCANID.u_xsdbm_id/CORE_XSDB.UUT_MASTER/U_ICON_INTERFACE/U_CMD6_WR/U_WR_FIFO/SUBCORE_FIFO.xsdbm_v3_0_0_wrfifo_inst/inst_fifo_gen/gconvfifo.rf/grf.rf/gntv_or_sync_fifo.gcx.clkx/gnxpm_cdc.wr_pntr_gc_reg[2]} {dbg_hub/inst/BSCANID.u_xsdbm_id/CORE_XSDB.UUT_MASTER/U_ICON_INTERFACE/U_CMD6_WR/U_WR_FIFO/SUBCORE_FIFO.xsdbm_v3_0_0_wrfifo_inst/inst_fifo_gen/gconvfifo.rf/grf.rf/gntv_or_sync_fifo.gcx.clkx/gnxpm_cdc.wr_pntr_gc_reg[3]}]] -to [get_cells [list {dbg_hub/inst/BSCANID.u_xsdbm_id/CORE_XSDB.UUT_MASTER/U_ICON_INTERFACE/U_CMD6_WR/U_WR_FIFO/SUBCORE_FIFO.xsdbm_v3_0_0_wrfifo_inst/inst_fifo_gen/gconvfifo.rf/grf.rf/gntv_or_sync_fifo.gcx.clkx/gnxpm_cdc.gsync_stage[1].rd_stg_inst/Q_reg_reg[0]} {dbg_hub/inst/BSCANID.u_xsdbm_id/CORE_XSDB.UUT_MASTER/U_ICON_INTERFACE/U_CMD6_WR/U_WR_FIFO/SUBCORE_FIFO.xsdbm_v3_0_0_wrfifo_inst/inst_fifo_gen/gconvfifo.rf/grf.rf/gntv_or_sync_fifo.gcx.clkx/gnxpm_cdc.gsync_stage[1].rd_stg_inst/Q_reg_reg[1]} {dbg_hub/inst/BSCANID.u_xsdbm_id/CORE_XSDB.UUT_MASTER/U_ICON_INTERFACE/U_CMD6_WR/U_WR_FIFO/SUBCORE_FIFO.xsdbm_v3_0_0_wrfifo_inst/inst_fifo_gen/gconvfifo.rf/grf.rf/gntv_or_sync_fifo.gcx.clkx/gnxpm_cdc.gsync_stage[1].rd_stg_inst/Q_reg_reg[2]} {dbg_hub/inst/BSCANID.u_xsdbm_id/CORE_XSDB.UUT_MASTER/U_ICON_INTERFACE/U_CMD6_WR/U_WR_FIFO/SUBCORE_FIFO.xsdbm_v3_0_0_wrfifo_inst/inst_fifo_gen/gconvfifo.rf/grf.rf/gntv_or_sync_fifo.gcx.clkx/gnxpm_cdc.gsync_stage[1].rd_stg_inst/Q_reg_reg[3]}]] 10.000
Requirement: 10.000ns
Endpoints: 4

From Clock            To Clock              Endpoint Pin                    Reference Pin                   Corner  Actual(ns)  Slack(ns)
--------------------  --------------------  ------------------------------  ------------------------------  ------  ----------  ---------
dbg_hub/inst/BSCANID.u_xsdbm_id/SWITCH_N_EXT_BSCAN.bscan_inst/SERIES7_BSCAN.bscan_inst/TCK
                      clk_pll_i             dbg_hub/inst/BSCANID.u_xsdbm_id/CORE_XSDB.UUT_MASTER/U_ICON_INTERFACE/U_CMD6_WR/U_WR_FIFO/SUBCORE_FIFO.xsdbm_v3_0_0_wrfifo_inst/inst_fifo_gen/gconvfifo.rf/grf.rf/gntv_or_sync_fifo.gcx.clkx/gnxpm_cdc.gsync_stage[1].rd_stg_inst/Q_reg_reg[3]/D
                                                                            dbg_hub/inst/BSCANID.u_xsdbm_id/CORE_XSDB.UUT_MASTER/U_ICON_INTERFACE/U_CMD6_WR/U_WR_FIFO/SUBCORE_FIFO.xsdbm_v3_0_0_wrfifo_inst/inst_fifo_gen/gconvfifo.rf/grf.rf/gntv_or_sync_fifo.gcx.clkx/gnxpm_cdc.gsync_stage[1].rd_stg_inst/Q_reg_reg[0]/D
                                                                                                            Slow         0.749      9.251


Slack (MET) :             9.251ns  (requirement - actual skew)
  Endpoint Source:        dbg_hub/inst/BSCANID.u_xsdbm_id/CORE_XSDB.UUT_MASTER/U_ICON_INTERFACE/U_CMD6_WR/U_WR_FIFO/SUBCORE_FIFO.xsdbm_v3_0_0_wrfifo_inst/inst_fifo_gen/gconvfifo.rf/grf.rf/gntv_or_sync_fifo.gcx.clkx/gnxpm_cdc.wr_pntr_gc_reg[3]/C
                            (rising edge-triggered cell FDCE clocked by dbg_hub/inst/BSCANID.u_xsdbm_id/SWITCH_N_EXT_BSCAN.bscan_inst/SERIES7_BSCAN.bscan_inst/TCK)
  Endpoint Destination:   dbg_hub/inst/BSCANID.u_xsdbm_id/CORE_XSDB.UUT_MASTER/U_ICON_INTERFACE/U_CMD6_WR/U_WR_FIFO/SUBCORE_FIFO.xsdbm_v3_0_0_wrfifo_inst/inst_fifo_gen/gconvfifo.rf/grf.rf/gntv_or_sync_fifo.gcx.clkx/gnxpm_cdc.gsync_stage[1].rd_stg_inst/Q_reg_reg[3]/D
                            (rising edge-triggered cell FDCE clocked by clk_pll_i)
  Reference Source:       dbg_hub/inst/BSCANID.u_xsdbm_id/CORE_XSDB.UUT_MASTER/U_ICON_INTERFACE/U_CMD6_WR/U_WR_FIFO/SUBCORE_FIFO.xsdbm_v3_0_0_wrfifo_inst/inst_fifo_gen/gconvfifo.rf/grf.rf/gntv_or_sync_fifo.gcx.clkx/gnxpm_cdc.wr_pntr_gc_reg[0]/C
                            (rising edge-triggered cell FDCE clocked by dbg_hub/inst/BSCANID.u_xsdbm_id/SWITCH_N_EXT_BSCAN.bscan_inst/SERIES7_BSCAN.bscan_inst/TCK)
  Reference Destination:  dbg_hub/inst/BSCANID.u_xsdbm_id/CORE_XSDB.UUT_MASTER/U_ICON_INTERFACE/U_CMD6_WR/U_WR_FIFO/SUBCORE_FIFO.xsdbm_v3_0_0_wrfifo_inst/inst_fifo_gen/gconvfifo.rf/grf.rf/gntv_or_sync_fifo.gcx.clkx/gnxpm_cdc.gsync_stage[1].rd_stg_inst/Q_reg_reg[0]/D
                            (rising edge-triggered cell FDCE clocked by clk_pll_i)
  Path Type:              Bus Skew (Max at Slow Process Corner)
  Requirement:            10.000ns
  Endpoint Relative Delay:    3.138ns
  Reference Relative Delay:   1.582ns
  Relative CRPR:              0.984ns
  Uncertainty:                0.177ns
  Actual Bus Skew:            0.749ns  (Endpoint Relative Delay - Reference Relative Delay - Relative CRPR + Uncertainty)

Endpoint path:
    Location             Delay type                Incr(ns)  Path(ns)    Netlist Resource(s)
  -------------------------------------------------------------------    -------------------
                         (clock dbg_hub/inst/BSCANID.u_xsdbm_id/SWITCH_N_EXT_BSCAN.bscan_inst/SERIES7_BSCAN.bscan_inst/TCK rise edge)
                                                      0.000     0.000 r  
    BSCAN_X0Y0           BSCANE2                      0.000     0.000 r  dbg_hub/inst/BSCANID.u_xsdbm_id/SWITCH_N_EXT_BSCAN.bscan_inst/SERIES7_BSCAN.bscan_inst/TCK
                         net (fo=1, routed)           1.521     1.521    dbg_hub/inst/BSCANID.u_xsdbm_id/tck_bs
    BUFGCTRL_X0Y2        BUFG (Prop_bufg_I_O)         0.081     1.602 r  dbg_hub/inst/BSCANID.u_xsdbm_id/SWITCH_N_EXT_BSCAN.u_bufg_icon_tck/O
                         net (fo=482, routed)         1.429     3.031    dbg_hub/inst/BSCANID.u_xsdbm_id/CORE_XSDB.UUT_MASTER/U_ICON_INTERFACE/U_CMD6_WR/U_WR_FIFO/SUBCORE_FIFO.xsdbm_v3_0_0_wrfifo_inst/inst_fifo_gen/gconvfifo.rf/grf.rf/gntv_or_sync_fifo.gcx.clkx/wr_clk
    SLICE_X61Y32         FDCE                                         r  dbg_hub/inst/BSCANID.u_xsdbm_id/CORE_XSDB.UUT_MASTER/U_ICON_INTERFACE/U_CMD6_WR/U_WR_FIFO/SUBCORE_FIFO.xsdbm_v3_0_0_wrfifo_inst/inst_fifo_gen/gconvfifo.rf/grf.rf/gntv_or_sync_fifo.gcx.clkx/gnxpm_cdc.wr_pntr_gc_reg[3]/C
  -------------------------------------------------------------------    -------------------
    SLICE_X61Y32         FDCE (Prop_fdce_C_Q)         0.348     3.379 r  dbg_hub/inst/BSCANID.u_xsdbm_id/CORE_XSDB.UUT_MASTER/U_ICON_INTERFACE/U_CMD6_WR/U_WR_FIFO/SUBCORE_FIFO.xsdbm_v3_0_0_wrfifo_inst/inst_fifo_gen/gconvfifo.rf/grf.rf/gntv_or_sync_fifo.gcx.clkx/gnxpm_cdc.wr_pntr_gc_reg[3]/Q
                         net (fo=1, routed)           0.373     3.752    dbg_hub/inst/BSCANID.u_xsdbm_id/CORE_XSDB.UUT_MASTER/U_ICON_INTERFACE/U_CMD6_WR/U_WR_FIFO/SUBCORE_FIFO.xsdbm_v3_0_0_wrfifo_inst/inst_fifo_gen/gconvfifo.rf/grf.rf/gntv_or_sync_fifo.gcx.clkx/gnxpm_cdc.gsync_stage[1].rd_stg_inst/Q[3]
    SLICE_X61Y31         FDCE                                         r  dbg_hub/inst/BSCANID.u_xsdbm_id/CORE_XSDB.UUT_MASTER/U_ICON_INTERFACE/U_CMD6_WR/U_WR_FIFO/SUBCORE_FIFO.xsdbm_v3_0_0_wrfifo_inst/inst_fifo_gen/gconvfifo.rf/grf.rf/gntv_or_sync_fifo.gcx.clkx/gnxpm_cdc.gsync_stage[1].rd_stg_inst/Q_reg_reg[3]/D
  -------------------------------------------------------------------    -------------------

                         (clock clk_pll_i rise edge)
                                                      0.000     0.000 r  
    R4                                                0.000     0.000 r  sys_clk (IN)
                         net (fo=0)                   0.000     0.000    u_clock_and_reset/clk_wiz_0/inst/clk_in1
    R4                   IBUF (Prop_ibuf_I_O)         1.366     1.366 r  u_clock_and_reset/clk_wiz_0/inst/clkin1_ibufg/O
                         net (fo=1, routed)           1.004     2.369    u_clock_and_reset/clk_wiz_0/inst/clk_in1_clk_wiz_0
    MMCME2_ADV_X1Y0      MMCME2_ADV (Prop_mmcme2_adv_CLKIN1_CLKOUT0)
                                                     -6.057    -3.688 r  u_clock_and_reset/clk_wiz_0/inst/mmcm_adv_inst/CLKOUT0
                         net (fo=1, routed)           1.352    -2.335    u_clock_and_reset/clk_wiz_0/inst/clk_out1_clk_wiz_0
    BUFGCTRL_X0Y1        BUFG (Prop_bufg_I_O)         0.077    -2.258 r  u_clock_and_reset/clk_wiz_0/inst/clkout1_buf/O
                         net (fo=64, routed)          1.290    -0.968    u_ddr3/u_mig/u_mig_7series_0_mig/u_ddr3_infrastructure/CLK
    PLLE2_ADV_X1Y1       PLLE2_ADV (Prop_plle2_adv_CLKIN1_CLKOUT3)
                                                      0.073    -0.895 r  u_ddr3/u_mig/u_mig_7series_0_mig/u_ddr3_infrastructure/plle2_i/CLKOUT3
                         net (fo=1, routed)           0.929     0.034    u_ddr3/u_mig/u_mig_7series_0_mig/u_ddr3_infrastructure/pll_clk3_out
    BUFHCE_X1Y12         BUFH (Prop_bufh_I_O)         0.069     0.103 r  u_ddr3/u_mig/u_mig_7series_0_mig/u_ddr3_infrastructure/u_bufh_pll_clk3/O
                         net (fo=1, routed)           0.664     0.767    u_ddr3/u_mig/u_mig_7series_0_mig/u_ddr3_infrastructure/pll_clk3
    MMCME2_ADV_X1Y1      MMCME2_ADV (Prop_mmcme2_adv_CLKIN1_CLKFBOUT)
                                                     -2.699    -1.932 r  u_ddr3/u_mig/u_mig_7series_0_mig/u_ddr3_infrastructure/gen_mmcm.mmcm_i/CLKFBOUT
                         net (fo=1, routed)           1.352    -0.579    u_ddr3/u_mig/u_mig_7series_0_mig/u_ddr3_infrastructure/clk_pll_i
    BUFGCTRL_X0Y16       BUFG (Prop_bufg_I_O)         0.077    -0.502 r  u_ddr3/u_mig/u_mig_7series_0_mig/u_ddr3_infrastructure/u_bufg_clkdiv0/O
                         net (fo=18081, routed)       1.324     0.821    dbg_hub/inst/BSCANID.u_xsdbm_id/CORE_XSDB.UUT_MASTER/U_ICON_INTERFACE/U_CMD6_WR/U_WR_FIFO/SUBCORE_FIFO.xsdbm_v3_0_0_wrfifo_inst/inst_fifo_gen/gconvfifo.rf/grf.rf/gntv_or_sync_fifo.gcx.clkx/gnxpm_cdc.gsync_stage[1].rd_stg_inst/rd_clk
    SLICE_X61Y31         FDCE                                         r  dbg_hub/inst/BSCANID.u_xsdbm_id/CORE_XSDB.UUT_MASTER/U_ICON_INTERFACE/U_CMD6_WR/U_WR_FIFO/SUBCORE_FIFO.xsdbm_v3_0_0_wrfifo_inst/inst_fifo_gen/gconvfifo.rf/grf.rf/gntv_or_sync_fifo.gcx.clkx/gnxpm_cdc.gsync_stage[1].rd_stg_inst/Q_reg_reg[3]/C
                         clock pessimism              0.000     0.821    
    SLICE_X61Y31         FDCE (Setup_fdce_C_D)       -0.207     0.614    dbg_hub/inst/BSCANID.u_xsdbm_id/CORE_XSDB.UUT_MASTER/U_ICON_INTERFACE/U_CMD6_WR/U_WR_FIFO/SUBCORE_FIFO.xsdbm_v3_0_0_wrfifo_inst/inst_fifo_gen/gconvfifo.rf/grf.rf/gntv_or_sync_fifo.gcx.clkx/gnxpm_cdc.gsync_stage[1].rd_stg_inst/Q_reg_reg[3]
  -------------------------------------------------------------------
                         data arrival                           3.752    
                         clock arrival                          0.614    
  -------------------------------------------------------------------
                         relative delay                         3.138    

Reference path:
    Location             Delay type                Incr(ns)  Path(ns)    Netlist Resource(s)
  -------------------------------------------------------------------    -------------------
                         (clock dbg_hub/inst/BSCANID.u_xsdbm_id/SWITCH_N_EXT_BSCAN.bscan_inst/SERIES7_BSCAN.bscan_inst/TCK rise edge)
                                                      0.000     0.000 r  
    BSCAN_X0Y0           BSCANE2                      0.000     0.000 r  dbg_hub/inst/BSCANID.u_xsdbm_id/SWITCH_N_EXT_BSCAN.bscan_inst/SERIES7_BSCAN.bscan_inst/TCK
                         net (fo=1, routed)           1.303     1.303    dbg_hub/inst/BSCANID.u_xsdbm_id/tck_bs
    BUFGCTRL_X0Y2        BUFG (Prop_bufg_I_O)         0.077     1.380 r  dbg_hub/inst/BSCANID.u_xsdbm_id/SWITCH_N_EXT_BSCAN.u_bufg_icon_tck/O
                         net (fo=482, routed)         1.323     2.703    dbg_hub/inst/BSCANID.u_xsdbm_id/CORE_XSDB.UUT_MASTER/U_ICON_INTERFACE/U_CMD6_WR/U_WR_FIFO/SUBCORE_FIFO.xsdbm_v3_0_0_wrfifo_inst/inst_fifo_gen/gconvfifo.rf/grf.rf/gntv_or_sync_fifo.gcx.clkx/wr_clk
    SLICE_X61Y32         FDCE                                         r  dbg_hub/inst/BSCANID.u_xsdbm_id/CORE_XSDB.UUT_MASTER/U_ICON_INTERFACE/U_CMD6_WR/U_WR_FIFO/SUBCORE_FIFO.xsdbm_v3_0_0_wrfifo_inst/inst_fifo_gen/gconvfifo.rf/grf.rf/gntv_or_sync_fifo.gcx.clkx/gnxpm_cdc.wr_pntr_gc_reg[0]/C
  -------------------------------------------------------------------    -------------------
    SLICE_X61Y32         FDCE (Prop_fdce_C_Q)         0.304     3.007 r  dbg_hub/inst/BSCANID.u_xsdbm_id/CORE_XSDB.UUT_MASTER/U_ICON_INTERFACE/U_CMD6_WR/U_WR_FIFO/SUBCORE_FIFO.xsdbm_v3_0_0_wrfifo_inst/inst_fifo_gen/gconvfifo.rf/grf.rf/gntv_or_sync_fifo.gcx.clkx/gnxpm_cdc.wr_pntr_gc_reg[0]/Q
                         net (fo=1, routed)           0.189     3.195    dbg_hub/inst/BSCANID.u_xsdbm_id/CORE_XSDB.UUT_MASTER/U_ICON_INTERFACE/U_CMD6_WR/U_WR_FIFO/SUBCORE_FIFO.xsdbm_v3_0_0_wrfifo_inst/inst_fifo_gen/gconvfifo.rf/grf.rf/gntv_or_sync_fifo.gcx.clkx/gnxpm_cdc.gsync_stage[1].rd_stg_inst/Q[0]
    SLICE_X61Y31         FDCE                                         r  dbg_hub/inst/BSCANID.u_xsdbm_id/CORE_XSDB.UUT_MASTER/U_ICON_INTERFACE/U_CMD6_WR/U_WR_FIFO/SUBCORE_FIFO.xsdbm_v3_0_0_wrfifo_inst/inst_fifo_gen/gconvfifo.rf/grf.rf/gntv_or_sync_fifo.gcx.clkx/gnxpm_cdc.gsync_stage[1].rd_stg_inst/Q_reg_reg[0]/D
  -------------------------------------------------------------------    -------------------

                         (clock clk_pll_i rise edge)
                                                      0.000     0.000 r  
    R4                                                0.000     0.000 r  sys_clk (IN)
                         net (fo=0)                   0.000     0.000    u_clock_and_reset/clk_wiz_0/inst/clk_in1
    R4                   IBUF (Prop_ibuf_I_O)         1.432     1.432 r  u_clock_and_reset/clk_wiz_0/inst/clkin1_ibufg/O
                         net (fo=1, routed)           1.065     2.497    u_clock_and_reset/clk_wiz_0/inst/clk_in1_clk_wiz_0
    MMCME2_ADV_X1Y0      MMCME2_ADV (Prop_mmcme2_adv_CLKIN1_CLKOUT0)
                                                     -5.921    -3.424 r  u_clock_and_reset/clk_wiz_0/inst/mmcm_adv_inst/CLKOUT0
                         net (fo=1, routed)           1.421    -2.004    u_clock_and_reset/clk_wiz_0/inst/clk_out1_clk_wiz_0
    BUFGCTRL_X0Y1        BUFG (Prop_bufg_I_O)         0.081    -1.923 r  u_clock_and_reset/clk_wiz_0/inst/clkout1_buf/O
                         net (fo=64, routed)          1.394    -0.528    u_ddr3/u_mig/u_mig_7series_0_mig/u_ddr3_infrastructure/CLK
    PLLE2_ADV_X1Y1       PLLE2_ADV (Prop_plle2_adv_CLKIN1_CLKOUT3)
                                                      0.077    -0.451 r  u_ddr3/u_mig/u_mig_7series_0_mig/u_ddr3_infrastructure/plle2_i/CLKOUT3
                         net (fo=1, routed)           1.062     0.611    u_ddr3/u_mig/u_mig_7series_0_mig/u_ddr3_infrastructure/pll_clk3_out
    BUFHCE_X1Y12         BUFH (Prop_bufh_I_O)         0.106     0.717 r  u_ddr3/u_mig/u_mig_7series_0_mig/u_ddr3_infrastructure/u_bufh_pll_clk3/O
                         net (fo=1, routed)           0.702     1.419    u_ddr3/u_mig/u_mig_7series_0_mig/u_ddr3_infrastructure/pll_clk3
    MMCME2_ADV_X1Y1      MMCME2_ADV (Prop_mmcme2_adv_CLKIN1_CLKFBOUT)
                                                     -2.874    -1.455 r  u_ddr3/u_mig/u_mig_7series_0_mig/u_ddr3_infrastructure/gen_mmcm.mmcm_i/CLKFBOUT
                         net (fo=1, routed)           1.421    -0.035    u_ddr3/u_mig/u_mig_7series_0_mig/u_ddr3_infrastructure/clk_pll_i
    BUFGCTRL_X0Y16       BUFG (Prop_bufg_I_O)         0.081     0.046 r  u_ddr3/u_mig/u_mig_7series_0_mig/u_ddr3_infrastructure/u_bufg_clkdiv0/O
                         net (fo=18081, routed)       1.431     1.477    dbg_hub/inst/BSCANID.u_xsdbm_id/CORE_XSDB.UUT_MASTER/U_ICON_INTERFACE/U_CMD6_WR/U_WR_FIFO/SUBCORE_FIFO.xsdbm_v3_0_0_wrfifo_inst/inst_fifo_gen/gconvfifo.rf/grf.rf/gntv_or_sync_fifo.gcx.clkx/gnxpm_cdc.gsync_stage[1].rd_stg_inst/rd_clk
    SLICE_X61Y31         FDCE                                         r  dbg_hub/inst/BSCANID.u_xsdbm_id/CORE_XSDB.UUT_MASTER/U_ICON_INTERFACE/U_CMD6_WR/U_WR_FIFO/SUBCORE_FIFO.xsdbm_v3_0_0_wrfifo_inst/inst_fifo_gen/gconvfifo.rf/grf.rf/gntv_or_sync_fifo.gcx.clkx/gnxpm_cdc.gsync_stage[1].rd_stg_inst/Q_reg_reg[0]/C
                         clock pessimism              0.000     1.477    
    SLICE_X61Y31         FDCE (Hold_fdce_C_D)         0.136     1.613    dbg_hub/inst/BSCANID.u_xsdbm_id/CORE_XSDB.UUT_MASTER/U_ICON_INTERFACE/U_CMD6_WR/U_WR_FIFO/SUBCORE_FIFO.xsdbm_v3_0_0_wrfifo_inst/inst_fifo_gen/gconvfifo.rf/grf.rf/gntv_or_sync_fifo.gcx.clkx/gnxpm_cdc.gsync_stage[1].rd_stg_inst/Q_reg_reg[0]
  -------------------------------------------------------------------
                         data arrival                           3.195    
                         clock arrival                          1.613    
  -------------------------------------------------------------------
                         relative delay                         1.582    



