Copyright 1986-2018 Xilinx, Inc. All Rights Reserved.
--------------------------------------------------------------------------------------------------------
| Tool Version : Vivado v.2018.3 (win64) Build 2405991 Thu Dec  6 23:38:27 MST 2018
| Date         : Sun Sep 20 00:34:21 2026
| Host         : Hugo running 64-bit major release  (build 9200)
| Command      : report_timing_summary -file V:/outputs/project2_v4_ddr3_udp/reports/timing_summary.rpt
| Design       : project2_v4_top
| Device       : 7a35t-fgg484
| Speed File   : -2  PRODUCTION 1.23 2018-06-13
--------------------------------------------------------------------------------------------------------

Timing Summary Report

------------------------------------------------------------------------------------------------
| Timer Settings
| --------------
------------------------------------------------------------------------------------------------

  Enable Multi Corner Analysis               :  Yes
  Enable Pessimism Removal                   :  Yes
  Pessimism Removal Resolution               :  Nearest Common Node
  Enable Input Delay Default Clock           :  No
  Enable Preset / Clear Arcs                 :  No
  Disable Flight Delays                      :  No
  Ignore I/O Paths                           :  No
  Timing Early Launch at Borrowing Latches   :  false

  Corner  Analyze    Analyze    
  Name    Max Paths  Min Paths  
  ------  ---------  ---------  
  Slow    Yes        Yes        
  Fast    Yes        Yes        



check_timing report

Table of Contents
-----------------
1. checking no_clock
2. checking constant_clock
3. checking pulse_width_clock
4. checking unconstrained_internal_endpoints
5. checking no_input_delay
6. checking no_output_delay
7. checking multiple_clock
8. checking generated_clocks
9. checking loops
10. checking partial_input_delay
11. checking partial_output_delay
12. checking latch_loops

1. checking no_clock
--------------------
 There are 8 register/latch pins with no clock driven by root clock pin: u_udp/u0/mac_send/crc_cnt_reg[2]/Q (HIGH)


2. checking constant_clock
--------------------------
 There are 0 register/latch pins with constant_clock.


3. checking pulse_width_clock
-----------------------------
 There are 0 register/latch pins which need pulse_width check


4. checking unconstrained_internal_endpoints
--------------------------------------------
 There are 16 pins that are not constrained for maximum delay. (HIGH)

 There are 0 pins that are not constrained for maximum delay due to constant clock.


5. checking no_input_delay
--------------------------
 There are 7 input ports with no input delay specified. (HIGH)

 There are 0 input ports with no input delay but user has a false path constraint.


6. checking no_output_delay
---------------------------
 There are 9 ports with no output delay specified. (HIGH)

 There are 0 ports with no output delay but user has a false path constraint

 There are 0 ports with no output delay but with a timing clock defined on it or propagating through it


7. checking multiple_clock
--------------------------
 There are 0 register/latch pins with multiple clocks.


8. checking generated_clocks
----------------------------
 There are 0 generated clocks that are not connected to a clock source.


9. checking loops
-----------------
 There are 0 combinational loops in the design.


10. checking partial_input_delay
--------------------------------
 There are 0 input ports with partial input delay specified.


11. checking partial_output_delay
---------------------------------
 There are 0 ports with partial output delay specified.


12. checking latch_loops
------------------------
 There are 0 combinational latch loops in the design through latch input



------------------------------------------------------------------------------------------------
| Design Timing Summary
| ---------------------
------------------------------------------------------------------------------------------------

    WNS(ns)      TNS(ns)  TNS Failing Endpoints  TNS Total Endpoints      WHS(ns)      THS(ns)  THS Failing Endpoints  THS Total Endpoints     WPWS(ns)     TPWS(ns)  TPWS Failing Endpoints  TPWS Total Endpoints  
    -------      -------  ---------------------  -------------------      -------      -------  ---------------------  -------------------     --------     --------  ----------------------  --------------------  
      0.982        0.000                      0                38398        0.056        0.000                      0                38348        0.000        0.000                       0                 16471  


All user specified timing constraints are met.


------------------------------------------------------------------------------------------------
| Clock Summary
| -------------
------------------------------------------------------------------------------------------------

Clock                                                                                                                                                            Waveform(ns)         Period(ns)      Frequency(MHz)
-----                                                                                                                                                            ------------         ----------      --------------
dbg_hub/inst/BSCANID.u_xsdbm_id/SWITCH_N_EXT_BSCAN.bscan_inst/SERIES7_BSCAN.bscan_inst/TCK                                                                       {0.000 16.500}       33.000          30.303          
eth_rxc                                                                                                                                                          {0.000 4.000}        8.000           125.000         
sys_clk                                                                                                                                                          {0.000 10.000}       20.000          50.000          
  clk_out1_clk_wiz_0                                                                                                                                             {0.000 2.500}        5.000           200.000         
    freq_refclk                                                                                                                                                  {0.000 0.625}        1.250           800.000         
      u_memc_ui_top_axi/mem_intfc0/ddr_phy_top0/u_ddr_mc_phy_wrapper/u_ddr_mc_phy/ddr_phy_4lanes_0.u_ddr_phy_4lanes/ddr_byte_lane_C.ddr_byte_lane_C/iserdes_clk  {0.000 1.250}        2.500           400.000         
        iserdes_clkdiv                                                                                                                                           {0.000 5.000}        10.000          100.000         
      u_memc_ui_top_axi/mem_intfc0/ddr_phy_top0/u_ddr_mc_phy_wrapper/u_ddr_mc_phy/ddr_phy_4lanes_0.u_ddr_phy_4lanes/ddr_byte_lane_D.ddr_byte_lane_D/iserdes_clk  {0.000 1.250}        2.500           400.000         
        iserdes_clkdiv_1                                                                                                                                         {0.000 5.000}        10.000          100.000         
    mem_refclk                                                                                                                                                   {0.000 1.250}        2.500           400.000         
      oserdes_clk                                                                                                                                                {0.000 1.250}        2.500           400.000         
        oserdes_clkdiv                                                                                                                                           {0.000 5.000}        10.000          100.000         
      oserdes_clk_1                                                                                                                                              {0.000 1.250}        2.500           400.000         
        oserdes_clkdiv_1                                                                                                                                         {0.000 5.000}        10.000          100.000         
      oserdes_clk_2                                                                                                                                              {0.000 1.250}        2.500           400.000         
        oserdes_clkdiv_2                                                                                                                                         {0.000 2.500}        5.000           200.000         
      oserdes_clk_3                                                                                                                                              {0.000 1.250}        2.500           400.000         
        oserdes_clkdiv_3                                                                                                                                         {0.000 2.500}        5.000           200.000         
    pll_clk3_out                                                                                                                                                 {0.000 5.000}        10.000          100.000         
      clk_pll_i                                                                                                                                                  {0.000 5.000}        10.000          100.000         
    pll_clkfbout                                                                                                                                                 {0.000 2.500}        5.000           200.000         
    sync_pulse                                                                                                                                                   {1.094 3.594}        40.000          25.000          
  clk_out2_clk_wiz_0                                                                                                                                             {0.000 4.000}        8.000           125.000         
  clkfbout_clk_wiz_0                                                                                                                                             {0.000 10.000}       20.000          50.000          


------------------------------------------------------------------------------------------------
| Intra Clock Table
| -----------------
------------------------------------------------------------------------------------------------

Clock                                                                                                                                                                WNS(ns)      TNS(ns)  TNS Failing Endpoints  TNS Total Endpoints      WHS(ns)      THS(ns)  THS Failing Endpoints  THS Total Endpoints     WPWS(ns)     TPWS(ns)  TPWS Failing Endpoints  TPWS Total Endpoints  
-----                                                                                                                                                                -------      -------  ---------------------  -------------------      -------      -------  ---------------------  -------------------     --------     --------  ----------------------  --------------------  
dbg_hub/inst/BSCANID.u_xsdbm_id/SWITCH_N_EXT_BSCAN.bscan_inst/SERIES7_BSCAN.bscan_inst/TCK                                                                            27.661        0.000                      0                  928        0.114        0.000                      0                  928       15.370        0.000                       0                   483  
eth_rxc                                                                                                                                                                4.031        0.000                      0                  863        0.078        0.000                      0                  863        2.870        0.000                       0                   450  
sys_clk                                                                                                                                                                                                                                                                                                            7.000        0.000                       0                     1  
  clk_out1_clk_wiz_0                                                                                                                                                   2.654        0.000                      0                  126        0.121        0.000                      0                  126        0.264        0.000                       0                    66  
    freq_refclk                                                                                                                                                                                                                                                                                                    0.001        0.000                       0                     8  
      u_memc_ui_top_axi/mem_intfc0/ddr_phy_top0/u_ddr_mc_phy_wrapper/u_ddr_mc_phy/ddr_phy_4lanes_0.u_ddr_phy_4lanes/ddr_byte_lane_C.ddr_byte_lane_C/iserdes_clk                                                                                                                                                    1.029        0.000                       0                    16  
        iserdes_clkdiv                                                                                                                                                 8.266        0.000                      0                   33        0.071        0.000                      0                   33        2.850        0.000                       0                     9  
      u_memc_ui_top_axi/mem_intfc0/ddr_phy_top0/u_ddr_mc_phy_wrapper/u_ddr_mc_phy/ddr_phy_4lanes_0.u_ddr_phy_4lanes/ddr_byte_lane_D.ddr_byte_lane_D/iserdes_clk                                                                                                                                                    1.029        0.000                       0                    16  
        iserdes_clkdiv_1                                                                                                                                               8.252        0.000                      0                   33        0.071        0.000                      0                   33        2.850        0.000                       0                     9  
    mem_refclk                                                                                                                                                         1.412        0.000                      0                    1        0.336        0.000                      0                    1        0.715        0.000                       0                     8  
      oserdes_clk                                                                                                                                                                                                                                                                                                  1.026        0.000                       0                    12  
        oserdes_clkdiv                                                                                                                                                 8.405        0.000                      0                   44        0.088        0.000                      0                   44        2.850        0.000                       0                    12  
      oserdes_clk_1                                                                                                                                                                                                                                                                                                1.029        0.000                       0                    12  
        oserdes_clkdiv_1                                                                                                                                               8.857        0.000                      0                   48        0.092        0.000                      0                   48        2.850        0.000                       0                    13  
      oserdes_clk_2                                                                                                                                                    1.189        0.000                      0                    4        0.411        0.000                      0                    4        1.026        0.000                       0                    12  
        oserdes_clkdiv_2                                                                                                                                               3.863        0.000                      0                   36        0.090        0.000                      0                   36        0.000        0.000                       0                    11  
      oserdes_clk_3                                                                                                                                                    1.203        0.000                      0                    4        0.406        0.000                      0                    4        1.026        0.000                       0                    12  
        oserdes_clkdiv_3                                                                                                                                               3.867        0.000                      0                   36        0.084        0.000                      0                   36        0.000        0.000                       0                    11  
    pll_clk3_out                                                                                                                                                                                                                                                                                                   3.000        0.000                       0                     3  
      clk_pll_i                                                                                                                                                        2.468        0.000                      0                30109        0.056        0.000                      0                30109        2.850        0.000                       0                 13337  
    pll_clkfbout                                                                                                                                                                                                                                                                                                   3.751        0.000                       0                     2  
    sync_pulse                                                                                                                                                                                                                                                                                                     1.428        0.000                       0                     8  
  clk_out2_clk_wiz_0                                                                                                                                                   1.413        0.000                      0                 4614        0.076        0.000                      0                 4614        2.870        0.000                       0                  1957  
  clkfbout_clk_wiz_0                                                                                                                                                                                                                                                                                              18.408        0.000                       0                     3  


------------------------------------------------------------------------------------------------
| Inter Clock Table
| -----------------
------------------------------------------------------------------------------------------------

From Clock                                                                                                                                                 To Clock                                                                                                                                                       WNS(ns)      TNS(ns)  TNS Failing Endpoints  TNS Total Endpoints      WHS(ns)      THS(ns)  THS Failing Endpoints  THS Total Endpoints  
----------                                                                                                                                                 --------                                                                                                                                                       -------      -------  ---------------------  -------------------      -------      -------  ---------------------  -------------------  
clk_pll_i                                                                                                                                                  dbg_hub/inst/BSCANID.u_xsdbm_id/SWITCH_N_EXT_BSCAN.bscan_inst/SERIES7_BSCAN.bscan_inst/TCK                                                                       8.906        0.000                      0                    8                                                                        
clk_out2_clk_wiz_0                                                                                                                                         eth_rxc                                                                                                                                                          6.990        0.000                      0                   16                                                                        
clk_pll_i                                                                                                                                                  clk_out1_clk_wiz_0                                                                                                                                              18.084        0.000                      0                    1                                                                        
clk_pll_i                                                                                                                                                  u_memc_ui_top_axi/mem_intfc0/ddr_phy_top0/u_ddr_mc_phy_wrapper/u_ddr_mc_phy/ddr_phy_4lanes_0.u_ddr_phy_4lanes/ddr_byte_lane_C.ddr_byte_lane_C/iserdes_clk        8.484        0.000                      0                    8       37.720        0.000                      0                    8  
clk_pll_i                                                                                                                                                  u_memc_ui_top_axi/mem_intfc0/ddr_phy_top0/u_ddr_mc_phy_wrapper/u_ddr_mc_phy/ddr_phy_4lanes_0.u_ddr_phy_4lanes/ddr_byte_lane_D.ddr_byte_lane_D/iserdes_clk        7.276        0.000                      0                    8       38.491        0.000                      0                    8  
sync_pulse                                                                                                                                                 mem_refclk                                                                                                                                                       0.982        0.000                      0                    1        0.678        0.000                      0                    1  
oserdes_clk                                                                                                                                                oserdes_clkdiv                                                                                                                                                   1.699        0.000                      0                   12        0.081        0.000                      0                   12  
oserdes_clk_1                                                                                                                                              oserdes_clkdiv_1                                                                                                                                                 1.699        0.000                      0                   13        0.080        0.000                      0                   13  
oserdes_clk_2                                                                                                                                              oserdes_clkdiv_2                                                                                                                                                 1.699        0.000                      0                   15        0.095        0.000                      0                   15  
oserdes_clk_3                                                                                                                                              oserdes_clkdiv_3                                                                                                                                                 1.699        0.000                      0                   15        0.095        0.000                      0                   15  
dbg_hub/inst/BSCANID.u_xsdbm_id/SWITCH_N_EXT_BSCAN.bscan_inst/SERIES7_BSCAN.bscan_inst/TCK                                                                 clk_pll_i                                                                                                                                                       31.943        0.000                      0                    8                                                                        
clk_out1_clk_wiz_0                                                                                                                                         clk_pll_i                                                                                                                                                       17.204        0.000                      0                   12        0.077        0.000                      0                   12  
eth_rxc                                                                                                                                                    clk_out2_clk_wiz_0                                                                                                                                               6.788        0.000                      0                   16                                                                        


------------------------------------------------------------------------------------------------
| Other Path Groups Table
| -----------------------
------------------------------------------------------------------------------------------------

Path Group                                                                                  From Clock                                                                                  To Clock                                                                                        WNS(ns)      TNS(ns)  TNS Failing Endpoints  TNS Total Endpoints      WHS(ns)      THS(ns)  THS Failing Endpoints  THS Total Endpoints  
----------                                                                                  ----------                                                                                  --------                                                                                        -------      -------  ---------------------  -------------------      -------      -------  ---------------------  -------------------  
**async_default**                                                                           clk_out2_clk_wiz_0                                                                          clk_out2_clk_wiz_0                                                                                1.653        0.000                      0                  444        0.355        0.000                      0                  444  
**async_default**                                                                           clk_pll_i                                                                                   clk_pll_i                                                                                         4.715        0.000                      0                  755        0.149        0.000                      0                  755  
**async_default**                                                                           dbg_hub/inst/BSCANID.u_xsdbm_id/SWITCH_N_EXT_BSCAN.bscan_inst/SERIES7_BSCAN.bscan_inst/TCK  dbg_hub/inst/BSCANID.u_xsdbm_id/SWITCH_N_EXT_BSCAN.bscan_inst/SERIES7_BSCAN.bscan_inst/TCK       28.816        0.000                      0                  100        0.368        0.000                      0                  100  
**async_default**                                                                           clk_out2_clk_wiz_0                                                                          eth_rxc                                                                                           4.693        0.000                      0                   16        0.397        0.000                      0                   16  
**async_default**                                                                           eth_rxc                                                                                     eth_rxc                                                                                           6.262        0.000                      0                   70        0.392        0.000                      0                   70  
**default**                                                                                 clk_pll_i                                                                                                                                                                                     1.574        0.000                      0                    1                                                                        


------------------------------------------------------------------------------------------------
| Timing Details
| --------------
------------------------------------------------------------------------------------------------


---------------------------------------------------------------------------------------------------
From Clock:  dbg_hub/inst/BSCANID.u_xsdbm_id/SWITCH_N_EXT_BSCAN.bscan_inst/SERIES7_BSCAN.bscan_inst/TCK
  To Clock:  dbg_hub/inst/BSCANID.u_xsdbm_id/SWITCH_N_EXT_BSCAN.bscan_inst/SERIES7_BSCAN.bscan_inst/TCK

Setup :            0  Failing Endpoints,  Worst Slack       27.661ns,  Total Violation        0.000ns
Hold  :            0  Failing Endpoints,  Worst Slack        0.114ns,  Total Violation        0.000ns
PW    :            0  Failing Endpoints,  Worst Slack       15.370ns,  Total Violation        0.000ns
---------------------------------------------------------------------------------------------------


Max Delay Paths
--------------------------------------------------------------------------------------
Slack (MET) :             27.661ns  (required time - arrival time)
  Source:                 dbg_hub/inst/BSCANID.u_xsdbm_id/SWITCH_N_EXT_BSCAN.bscan_switch/state_reg[0]/C
                            (rising edge-triggered cell FDRE clocked by dbg_hub/inst/BSCANID.u_xsdbm_id/SWITCH_N_EXT_BSCAN.bscan_inst/SERIES7_BSCAN.bscan_inst/TCK  {rise@0.000ns fall@16.500ns period=33.000ns})
  Destination:            dbg_hub/inst/BSCANID.u_xsdbm_id/SWITCH_N_EXT_BSCAN.bscan_switch/portno_temp_reg[5]/D
                            (rising edge-triggered cell FDRE clocked by dbg_hub/inst/BSCANID.u_xsdbm_id/SWITCH_N_EXT_BSCAN.bscan_inst/SERIES7_BSCAN.bscan_inst/TCK  {rise@0.000ns fall@16.500ns period=33.000ns})
  Path Group:             dbg_hub/inst/BSCANID.u_xsdbm_id/SWITCH_N_EXT_BSCAN.bscan_inst/SERIES7_BSCAN.bscan_inst/TCK
  Path Type:              Setup (Max at Slow Process Corner)
  Requirement:            33.000ns  (dbg_hub/inst/BSCANID.u_xsdbm_id/SWITCH_N_EXT_BSCAN.bscan_inst/SERIES7_BSCAN.bscan_inst/TCK rise@33.000ns - dbg_hub/inst/BSCANID.u_xsdbm_id/SWITCH_N_EXT_BSCAN.bscan_inst/SERIES7_BSCAN.bscan_inst/TCK rise@0.000ns)
  Data Path Delay:        5.312ns  (logic 1.319ns (24.829%)  route 3.993ns (75.171%))
  Logic Levels:           6  (CARRY4=2 LUT3=1 LUT4=1 LUT5=1 LUT6=1)
  Clock Path Skew:        -0.023ns (DCD - SCD + CPR)
    Destination Clock Delay (DCD):    2.639ns = ( 35.639 - 33.000 ) 
    Source Clock Delay      (SCD):    2.968ns
    Clock Pessimism Removal (CPR):    0.306ns
  Clock Uncertainty:      0.035ns  ((TSJ^2 + TIJ^2)^1/2 + DJ) / 2 + PE
    Total System Jitter     (TSJ):    0.071ns
    Total Input Jitter      (TIJ):    0.000ns
    Discrete Jitter          (DJ):    0.000ns
    Phase Error              (PE):    0.000ns

    Location             Delay type                Incr(ns)  Path(ns)    Netlist Resource(s)
  -------------------------------------------------------------------    -------------------
                         (clock dbg_hub/inst/BSCANID.u_xsdbm_id/SWITCH_N_EXT_BSCAN.bscan_inst/SERIES7_BSCAN.bscan_inst/TCK rise edge)
                                                      0.000     0.000 r  
    BSCAN_X0Y0           BSCANE2                      0.000     0.000 r  dbg_hub/inst/BSCANID.u_xsdbm_id/SWITCH_N_EXT_BSCAN.bscan_inst/SERIES7_BSCAN.bscan_inst/TCK
                         net (fo=1, routed)           1.527     1.527    dbg_hub/inst/BSCANID.u_xsdbm_id/tck_bs
    BUFGCTRL_X0Y2        BUFG (Prop_bufg_I_O)         0.081     1.608 r  dbg_hub/inst/BSCANID.u_xsdbm_id/SWITCH_N_EXT_BSCAN.u_bufg_icon_tck/O
                         net (fo=482, routed)         1.360     2.968    dbg_hub/inst/BSCANID.u_xsdbm_id/SWITCH_N_EXT_BSCAN.bscan_switch/s_bscan_tck
    SLICE_X11Y29         FDRE                                         r  dbg_hub/inst/BSCANID.u_xsdbm_id/SWITCH_N_EXT_BSCAN.bscan_switch/state_reg[0]/C
  -------------------------------------------------------------------    -------------------
    SLICE_X11Y29         FDRE (Prop_fdre_C_Q)         0.348     3.316 r  dbg_hub/inst/BSCANID.u_xsdbm_id/SWITCH_N_EXT_BSCAN.bscan_switch/state_reg[0]/Q
                         net (fo=50, routed)          1.801     5.117    dbg_hub/inst/BSCANID.u_xsdbm_id/SWITCH_N_EXT_BSCAN.bscan_switch/state[0]
    SLICE_X6Y30          LUT4 (Prop_lut4_I1_O)        0.242     5.359 r  dbg_hub/inst/BSCANID.u_xsdbm_id/SWITCH_N_EXT_BSCAN.bscan_switch/curid_inferred_i_14/O
                         net (fo=2, routed)           0.744     6.103    dbg_hub/inst/BSCANID.u_xsdbm_id/SWITCH_N_EXT_BSCAN.bscan_switch/curid[18]
    SLICE_X8Y30          LUT6 (Prop_lut6_I3_O)        0.105     6.208 r  dbg_hub/inst/BSCANID.u_xsdbm_id/SWITCH_N_EXT_BSCAN.bscan_switch/state_temp[0]_i_9/O
                         net (fo=1, routed)           0.000     6.208    dbg_hub/inst/BSCANID.u_xsdbm_id/SWITCH_N_EXT_BSCAN.bscan_switch/state_temp[0]_i_9_n_0
    SLICE_X8Y30          CARRY4 (Prop_carry4_S[3]_CO[3])
                                                      0.314     6.522 r  dbg_hub/inst/BSCANID.u_xsdbm_id/SWITCH_N_EXT_BSCAN.bscan_switch/state_temp_reg[0]_i_4/CO[3]
                         net (fo=1, routed)           0.000     6.522    dbg_hub/inst/BSCANID.u_xsdbm_id/SWITCH_N_EXT_BSCAN.bscan_switch/state_temp_reg[0]_i_4_n_0
    SLICE_X8Y31          CARRY4 (Prop_carry4_CI_CO[3])
                                                      0.100     6.622 f  dbg_hub/inst/BSCANID.u_xsdbm_id/SWITCH_N_EXT_BSCAN.bscan_switch/state_temp_reg[0]_i_3/CO[3]
                         net (fo=4, routed)           0.744     7.367    dbg_hub/inst/BSCANID.u_xsdbm_id/SWITCH_N_EXT_BSCAN.bscan_switch/state_temp_reg[0]_i_3_n_0
    SLICE_X11Y30         LUT5 (Prop_lut5_I1_O)        0.105     7.472 r  dbg_hub/inst/BSCANID.u_xsdbm_id/SWITCH_N_EXT_BSCAN.bscan_switch/portno_temp[5]_i_2/O
                         net (fo=7, routed)           0.703     8.175    dbg_hub/inst/BSCANID.u_xsdbm_id/SWITCH_N_EXT_BSCAN.bscan_switch/portno_temp[5]_i_2_n_0
    SLICE_X11Y31         LUT3 (Prop_lut3_I1_O)        0.105     8.280 r  dbg_hub/inst/BSCANID.u_xsdbm_id/SWITCH_N_EXT_BSCAN.bscan_switch/portno_temp[5]_i_1/O
                         net (fo=1, routed)           0.000     8.280    dbg_hub/inst/BSCANID.u_xsdbm_id/SWITCH_N_EXT_BSCAN.bscan_switch/portno_temp[5]_i_1_n_0
    SLICE_X11Y31         FDRE                                         r  dbg_hub/inst/BSCANID.u_xsdbm_id/SWITCH_N_EXT_BSCAN.bscan_switch/portno_temp_reg[5]/D
  -------------------------------------------------------------------    -------------------

                         (clock dbg_hub/inst/BSCANID.u_xsdbm_id/SWITCH_N_EXT_BSCAN.bscan_inst/SERIES7_BSCAN.bscan_inst/TCK rise edge)
                                                     33.000    33.000 r  
    BSCAN_X0Y0           BSCANE2                      0.000    33.000 r  dbg_hub/inst/BSCANID.u_xsdbm_id/SWITCH_N_EXT_BSCAN.bscan_inst/SERIES7_BSCAN.bscan_inst/TCK
                         net (fo=1, routed)           1.308    34.308    dbg_hub/inst/BSCANID.u_xsdbm_id/tck_bs
    BUFGCTRL_X0Y2        BUFG (Prop_bufg_I_O)         0.077    34.385 r  dbg_hub/inst/BSCANID.u_xsdbm_id/SWITCH_N_EXT_BSCAN.u_bufg_icon_tck/O
                         net (fo=482, routed)         1.254    35.639    dbg_hub/inst/BSCANID.u_xsdbm_id/SWITCH_N_EXT_BSCAN.bscan_switch/s_bscan_tck
    SLICE_X11Y31         FDRE                                         r  dbg_hub/inst/BSCANID.u_xsdbm_id/SWITCH_N_EXT_BSCAN.bscan_switch/portno_temp_reg[5]/C
                         clock pessimism              0.306    35.945    
                         clock uncertainty           -0.035    35.909    
    SLICE_X11Y31         FDRE (Setup_fdre_C_D)        0.032    35.941    dbg_hub/inst/BSCANID.u_xsdbm_id/SWITCH_N_EXT_BSCAN.bscan_switch/portno_temp_reg[5]
  -------------------------------------------------------------------
                         required time                         35.941    
                         arrival time                          -8.280    
  -------------------------------------------------------------------
                         slack                                 27.661    





Min Delay Paths
--------------------------------------------------------------------------------------
Slack (MET) :             0.114ns  (arrival time - required time)
  Source:                 dbg_hub/inst/BSCANID.u_xsdbm_id/CORE_XSDB.UUT_MASTER/U_ICON_INTERFACE/U_CMD6_WR/shift_reg_in_reg[10]/C
                            (rising edge-triggered cell FDCE clocked by dbg_hub/inst/BSCANID.u_xsdbm_id/SWITCH_N_EXT_BSCAN.bscan_inst/SERIES7_BSCAN.bscan_inst/TCK  {rise@0.000ns fall@16.500ns period=33.000ns})
  Destination:            dbg_hub/inst/BSCANID.u_xsdbm_id/CORE_XSDB.UUT_MASTER/U_ICON_INTERFACE/U_CMD6_WR/U_WR_FIFO/SUBCORE_FIFO.xsdbm_v3_0_0_wrfifo_inst/inst_fifo_gen/gconvfifo.rf/grf.rf/gntv_or_sync_fifo.mem/gdm.dm_gen.dm/RAM_reg_0_15_6_11/RAMB_D1/I
                            (rising edge-triggered cell RAMD32 clocked by dbg_hub/inst/BSCANID.u_xsdbm_id/SWITCH_N_EXT_BSCAN.bscan_inst/SERIES7_BSCAN.bscan_inst/TCK  {rise@0.000ns fall@16.500ns period=33.000ns})
  Path Group:             dbg_hub/inst/BSCANID.u_xsdbm_id/SWITCH_N_EXT_BSCAN.bscan_inst/SERIES7_BSCAN.bscan_inst/TCK
  Path Type:              Hold (Min at Fast Process Corner)
  Requirement:            0.000ns  (dbg_hub/inst/BSCANID.u_xsdbm_id/SWITCH_N_EXT_BSCAN.bscan_inst/SERIES7_BSCAN.bscan_inst/TCK rise@0.000ns - dbg_hub/inst/BSCANID.u_xsdbm_id/SWITCH_N_EXT_BSCAN.bscan_inst/SERIES7_BSCAN.bscan_inst/TCK rise@0.000ns)
  Data Path Delay:        0.270ns  (logic 0.141ns (52.297%)  route 0.129ns (47.703%))
  Logic Levels:           0  
  Clock Path Skew:        0.032ns (DCD - SCD - CPR)
    Destination Clock Delay (DCD):    1.693ns
    Source Clock Delay      (SCD):    1.308ns
    Clock Pessimism Removal (CPR):    0.353ns

    Location             Delay type                Incr(ns)  Path(ns)    Netlist Resource(s)
  -------------------------------------------------------------------    -------------------
                         (clock dbg_hub/inst/BSCANID.u_xsdbm_id/SWITCH_N_EXT_BSCAN.bscan_inst/SERIES7_BSCAN.bscan_inst/TCK rise edge)
                                                      0.000     0.000 r  
    BSCAN_X0Y0           BSCANE2                      0.000     0.000 r  dbg_hub/inst/BSCANID.u_xsdbm_id/SWITCH_N_EXT_BSCAN.bscan_inst/SERIES7_BSCAN.bscan_inst/TCK
                         net (fo=1, routed)           0.725     0.725    dbg_hub/inst/BSCANID.u_xsdbm_id/tck_bs
    BUFGCTRL_X0Y2        BUFG (Prop_bufg_I_O)         0.026     0.751 r  dbg_hub/inst/BSCANID.u_xsdbm_id/SWITCH_N_EXT_BSCAN.u_bufg_icon_tck/O
                         net (fo=482, routed)         0.557     1.308    dbg_hub/inst/BSCANID.u_xsdbm_id/CORE_XSDB.UUT_MASTER/U_ICON_INTERFACE/U_CMD6_WR/m_bscan_tck[0]
    SLICE_X33Y32         FDCE                                         r  dbg_hub/inst/BSCANID.u_xsdbm_id/CORE_XSDB.UUT_MASTER/U_ICON_INTERFACE/U_CMD6_WR/shift_reg_in_reg[10]/C
  -------------------------------------------------------------------    -------------------
    SLICE_X33Y32         FDCE (Prop_fdce_C_Q)         0.141     1.449 r  dbg_hub/inst/BSCANID.u_xsdbm_id/CORE_XSDB.UUT_MASTER/U_ICON_INTERFACE/U_CMD6_WR/shift_reg_in_reg[10]/Q
                         net (fo=2, routed)           0.129     1.577    dbg_hub/inst/BSCANID.u_xsdbm_id/CORE_XSDB.UUT_MASTER/U_ICON_INTERFACE/U_CMD6_WR/U_WR_FIFO/SUBCORE_FIFO.xsdbm_v3_0_0_wrfifo_inst/inst_fifo_gen/gconvfifo.rf/grf.rf/gntv_or_sync_fifo.mem/gdm.dm_gen.dm/RAM_reg_0_15_6_11/DIB1
    SLICE_X34Y32         RAMD32                                       r  dbg_hub/inst/BSCANID.u_xsdbm_id/CORE_XSDB.UUT_MASTER/U_ICON_INTERFACE/U_CMD6_WR/U_WR_FIFO/SUBCORE_FIFO.xsdbm_v3_0_0_wrfifo_inst/inst_fifo_gen/gconvfifo.rf/grf.rf/gntv_or_sync_fifo.mem/gdm.dm_gen.dm/RAM_reg_0_15_6_11/RAMB_D1/I
  -------------------------------------------------------------------    -------------------

                         (clock dbg_hub/inst/BSCANID.u_xsdbm_id/SWITCH_N_EXT_BSCAN.bscan_inst/SERIES7_BSCAN.bscan_inst/TCK rise edge)
                                                      0.000     0.000 r  
    BSCAN_X0Y0           BSCANE2                      0.000     0.000 r  dbg_hub/inst/BSCANID.u_xsdbm_id/SWITCH_N_EXT_BSCAN.bscan_inst/SERIES7_BSCAN.bscan_inst/TCK
                         net (fo=1, routed)           0.841     0.841    dbg_hub/inst/BSCANID.u_xsdbm_id/tck_bs
    BUFGCTRL_X0Y2        BUFG (Prop_bufg_I_O)         0.029     0.870 r  dbg_hub/inst/BSCANID.u_xsdbm_id/SWITCH_N_EXT_BSCAN.u_bufg_icon_tck/O
                         net (fo=482, routed)         0.823     1.693    dbg_hub/inst/BSCANID.u_xsdbm_id/CORE_XSDB.UUT_MASTER/U_ICON_INTERFACE/U_CMD6_WR/U_WR_FIFO/SUBCORE_FIFO.xsdbm_v3_0_0_wrfifo_inst/inst_fifo_gen/gconvfifo.rf/grf.rf/gntv_or_sync_fifo.mem/gdm.dm_gen.dm/RAM_reg_0_15_6_11/WCLK
    SLICE_X34Y32         RAMD32                                       r  dbg_hub/inst/BSCANID.u_xsdbm_id/CORE_XSDB.UUT_MASTER/U_ICON_INTERFACE/U_CMD6_WR/U_WR_FIFO/SUBCORE_FIFO.xsdbm_v3_0_0_wrfifo_inst/inst_fifo_gen/gconvfifo.rf/grf.rf/gntv_or_sync_fifo.mem/gdm.dm_gen.dm/RAM_reg_0_15_6_11/RAMB_D1/CLK
                         clock pessimism             -0.353     1.340    
    SLICE_X34Y32         RAMD32 (Hold_ramd32_CLK_I)
                                                      0.124     1.464    dbg_hub/inst/BSCANID.u_xsdbm_id/CORE_XSDB.UUT_MASTER/U_ICON_INTERFACE/U_CMD6_WR/U_WR_FIFO/SUBCORE_FIFO.xsdbm_v3_0_0_wrfifo_inst/inst_fifo_gen/gconvfifo.rf/grf.rf/gntv_or_sync_fifo.mem/gdm.dm_gen.dm/RAM_reg_0_15_6_11/RAMB_D1
  -------------------------------------------------------------------
                         required time                         -1.464    
                         arrival time                           1.577    
  -------------------------------------------------------------------
                         slack                                  0.114    





Pulse Width Checks
--------------------------------------------------------------------------------------
Clock Name:         dbg_hub/inst/BSCANID.u_xsdbm_id/SWITCH_N_EXT_BSCAN.bscan_inst/SERIES7_BSCAN.bscan_inst/TCK
Waveform(ns):       { 0.000 16.500 }
Period(ns):         33.000
Sources:            { dbg_hub/inst/BSCANID.u_xsdbm_id/SWITCH_N_EXT_BSCAN.bscan_inst/SERIES7_BSCAN.bscan_inst/TCK }

Check Type        Corner  Lib Pin     Reference Pin  Required(ns)  Actual(ns)  Slack(ns)  Location       Pin
Min Period        n/a     BUFG/I      n/a            1.592         33.000      31.408     BUFGCTRL_X0Y2  dbg_hub/inst/BSCANID.u_xsdbm_id/SWITCH_N_EXT_BSCAN.u_bufg_icon_tck/I
Low Pulse Width   Fast    RAMD32/CLK  n/a            1.130         16.500      15.370     SLICE_X30Y32   dbg_hub/inst/BSCANID.u_xsdbm_id/CORE_XSDB.UUT_MASTER/U_ICON_INTERFACE/U_CMD6_WR/U_WR_FIFO/SUBCORE_FIFO.xsdbm_v3_0_0_wrfifo_inst/inst_fifo_gen/gconvfifo.rf/grf.rf/gntv_or_sync_fifo.mem/gdm.dm_gen.dm/RAM_reg_0_15_12_15/RAMA/CLK
High Pulse Width  Slow    RAMD32/CLK  n/a            1.130         16.500      15.370     SLICE_X30Y33   dbg_hub/inst/BSCANID.u_xsdbm_id/CORE_XSDB.UUT_MASTER/U_ICON_INTERFACE/U_CMD6_WR/U_WR_FIFO/SUBCORE_FIFO.xsdbm_v3_0_0_wrfifo_inst/inst_fifo_gen/gconvfifo.rf/grf.rf/gntv_or_sync_fifo.mem/gdm.dm_gen.dm/RAM_reg_0_15_0_5/RAMA/CLK



---------------------------------------------------------------------------------------------------
From Clock:  eth_rxc
  To Clock:  eth_rxc

Setup :            0  Failing Endpoints,  Worst Slack        4.031ns,  Total Violation        0.000ns
Hold  :            0  Failing Endpoints,  Worst Slack        0.078ns,  Total Violation        0.000ns
PW    :            0  Failing Endpoints,  Worst Slack        2.870ns,  Total Violation        0.000ns
---------------------------------------------------------------------------------------------------


Max Delay Paths
--------------------------------------------------------------------------------------
Slack (MET) :             4.031ns  (required time - arrival time)
  Source:                 u_udp/u0/mac_receive/data_din_reg[2]/C
                            (rising edge-triggered cell FDRE clocked by eth_rxc  {rise@0.000ns fall@4.000ns period=8.000ns})
  Destination:            u_udp/u0/rx_crc32_d8/crc_dout_r_reg[6]/D
                            (rising edge-triggered cell FDSE clocked by eth_rxc  {rise@0.000ns fall@4.000ns period=8.000ns})
  Path Group:             eth_rxc
  Path Type:              Setup (Max at Slow Process Corner)
  Requirement:            8.000ns  (eth_rxc rise@8.000ns - eth_rxc rise@0.000ns)
  Data Path Delay:        3.645ns  (logic 1.041ns (28.563%)  route 2.604ns (71.437%))
  Logic Levels:           3  (LUT4=1 LUT5=2)
  Clock Path Skew:        -0.109ns (DCD - SCD + CPR)
    Destination Clock Delay (DCD):    4.286ns = ( 12.286 - 8.000 ) 
    Source Clock Delay      (SCD):    4.620ns
    Clock Pessimism Removal (CPR):    0.225ns
  Clock Uncertainty:      0.035ns  ((TSJ^2 + TIJ^2)^1/2 + DJ) / 2 + PE
    Total System Jitter     (TSJ):    0.071ns
    Total Input Jitter      (TIJ):    0.000ns
    Discrete Jitter          (DJ):    0.000ns
    Phase Error              (PE):    0.000ns

    Location             Delay type                Incr(ns)  Path(ns)    Netlist Resource(s)
  -------------------------------------------------------------------    -------------------
                         (clock eth_rxc rise edge)    0.000     0.000 r  
    W19                                               0.000     0.000 r  eth_rxc (IN)
                         net (fo=0)                   0.000     0.000    u_rgmii/u0/eth_rxc
    W19                  IBUF (Prop_ibuf_I_O)         1.423     1.423 r  u_rgmii/u0/rgmii_clk_ibuf/O
                         net (fo=2, routed)           1.693     3.116    u_rgmii/u0/phy_rgmii_rx_clk_ibuf
    BUFGCTRL_X0Y3        BUFG (Prop_bufg_I_O)         0.081     3.197 r  u_rgmii/u0/BUFG_rx_clk/O
                         net (fo=443, routed)         1.423     4.620    u_udp/u0/mac_receive/phy_rx_clk
    SLICE_X6Y27          FDRE                                         r  u_udp/u0/mac_receive/data_din_reg[2]/C
  -------------------------------------------------------------------    -------------------
    SLICE_X6Y27          FDRE (Prop_fdre_C_Q)         0.398     5.018 r  u_udp/u0/mac_receive/data_din_reg[2]/Q
                         net (fo=10, routed)          1.123     6.141    u_udp/u0/rx_crc32_d8/crc_dout_r_reg[12]_0[2]
    SLICE_X11Y26         LUT4 (Prop_lut4_I2_O)        0.248     6.389 r  u_udp/u0/rx_crc32_d8/crc_dout_r[27]_i_2/O
                         net (fo=5, routed)           0.509     6.898    u_udp/u0/rx_crc32_d8/crc_dout_r[27]_i_2_n_0
    SLICE_X10Y27         LUT5 (Prop_lut5_I4_O)        0.268     7.166 r  u_udp/u0/rx_crc32_d8/crc_dout_r[12]_i_2/O
                         net (fo=2, routed)           0.480     7.646    u_udp/u0/rx_crc32_d8/crc_dout_r[12]_i_2_n_0
    SLICE_X10Y26         LUT5 (Prop_lut5_I4_O)        0.127     7.773 r  u_udp/u0/rx_crc32_d8/crc_dout_r[6]_i_1/O
                         net (fo=1, routed)           0.491     8.265    u_udp/u0/rx_crc32_d8/crc_data[6]
    SLICE_X10Y26         FDSE                                         r  u_udp/u0/rx_crc32_d8/crc_dout_r_reg[6]/D
  -------------------------------------------------------------------    -------------------

                         (clock eth_rxc rise edge)    8.000     8.000 r  
    W19                                               0.000     8.000 r  eth_rxc (IN)
                         net (fo=0)                   0.000     8.000    u_rgmii/u0/eth_rxc
    W19                  IBUF (Prop_ibuf_I_O)         1.357     9.357 r  u_rgmii/u0/rgmii_clk_ibuf/O
                         net (fo=2, routed)           1.604    10.962    u_rgmii/u0/phy_rgmii_rx_clk_ibuf
    BUFGCTRL_X0Y3        BUFG (Prop_bufg_I_O)         0.077    11.039 r  u_rgmii/u0/BUFG_rx_clk/O
                         net (fo=443, routed)         1.248    12.286    u_udp/u0/rx_crc32_d8/phy_rx_clk
    SLICE_X10Y26         FDSE                                         r  u_udp/u0/rx_crc32_d8/crc_dout_r_reg[6]/C
                         clock pessimism              0.225    12.511    
                         clock uncertainty           -0.035    12.476    
    SLICE_X10Y26         FDSE (Setup_fdse_C_D)       -0.180    12.296    u_udp/u0/rx_crc32_d8/crc_dout_r_reg[6]
  -------------------------------------------------------------------
                         required time                         12.296    
                         arrival time                          -8.265    
  -------------------------------------------------------------------
                         slack                                  4.031    





Min Delay Paths
--------------------------------------------------------------------------------------
Slack (MET) :             0.078ns  (arrival time - required time)
  Source:                 u_udp/u0/mac_receive/frame_din_reg[0]/C
                            (rising edge-triggered cell FDRE clocked by eth_rxc  {rise@0.000ns fall@4.000ns period=8.000ns})
  Destination:            u_udp/u0/mac_receive/frame_fifo/U0/inst_fifo_gen/gconvfifo.rf/grf.rf/gntv_or_sync_fifo.mem/gdm.dm_gen.dm/RAM_reg_0_15_0_5/RAMA/I
                            (rising edge-triggered cell RAMD32 clocked by eth_rxc  {rise@0.000ns fall@4.000ns period=8.000ns})
  Path Group:             eth_rxc
  Path Type:              Hold (Min at Fast Process Corner)
  Requirement:            0.000ns  (eth_rxc rise@0.000ns - eth_rxc rise@0.000ns)
  Data Path Delay:        0.239ns  (logic 0.141ns (59.062%)  route 0.098ns (40.938%))
  Logic Levels:           0  
  Clock Path Skew:        0.014ns (DCD - SCD - CPR)
    Destination Clock Delay (DCD):    1.986ns
    Source Clock Delay      (SCD):    1.473ns
    Clock Pessimism Removal (CPR):    0.500ns

    Location             Delay type                Incr(ns)  Path(ns)    Netlist Resource(s)
  -------------------------------------------------------------------    -------------------
                         (clock eth_rxc rise edge)    0.000     0.000 r  
    W19                                               0.000     0.000 r  eth_rxc (IN)
                         net (fo=0)                   0.000     0.000    u_rgmii/u0/eth_rxc
    W19                  IBUF (Prop_ibuf_I_O)         0.260     0.260 r  u_rgmii/u0/rgmii_clk_ibuf/O
                         net (fo=2, routed)           0.634     0.894    u_rgmii/u0/phy_rgmii_rx_clk_ibuf
    BUFGCTRL_X0Y3        BUFG (Prop_bufg_I_O)         0.026     0.920 r  u_rgmii/u0/BUFG_rx_clk/O
                         net (fo=443, routed)         0.553     1.473    u_udp/u0/mac_receive/phy_rx_clk
    SLICE_X13Y24         FDRE                                         r  u_udp/u0/mac_receive/frame_din_reg[0]/C
  -------------------------------------------------------------------    -------------------
    SLICE_X13Y24         FDRE (Prop_fdre_C_Q)         0.141     1.614 r  u_udp/u0/mac_receive/frame_din_reg[0]/Q
                         net (fo=1, routed)           0.098     1.712    u_udp/u0/mac_receive/frame_fifo/U0/inst_fifo_gen/gconvfifo.rf/grf.rf/gntv_or_sync_fifo.mem/gdm.dm_gen.dm/RAM_reg_0_15_0_5/DIA0
    SLICE_X14Y23         RAMD32                                       r  u_udp/u0/mac_receive/frame_fifo/U0/inst_fifo_gen/gconvfifo.rf/grf.rf/gntv_or_sync_fifo.mem/gdm.dm_gen.dm/RAM_reg_0_15_0_5/RAMA/I
  -------------------------------------------------------------------    -------------------

                         (clock eth_rxc rise edge)    0.000     0.000 r  
    W19                                               0.000     0.000 r  eth_rxc (IN)
                         net (fo=0)                   0.000     0.000    u_rgmii/u0/eth_rxc
    W19                  IBUF (Prop_ibuf_I_O)         0.448     0.448 r  u_rgmii/u0/rgmii_clk_ibuf/O
                         net (fo=2, routed)           0.689     1.137    u_rgmii/u0/phy_rgmii_rx_clk_ibuf
    BUFGCTRL_X0Y3        BUFG (Prop_bufg_I_O)         0.029     1.166 r  u_rgmii/u0/BUFG_rx_clk/O
                         net (fo=443, routed)         0.821     1.986    u_udp/u0/mac_receive/frame_fifo/U0/inst_fifo_gen/gconvfifo.rf/grf.rf/gntv_or_sync_fifo.mem/gdm.dm_gen.dm/RAM_reg_0_15_0_5/WCLK
    SLICE_X14Y23         RAMD32                                       r  u_udp/u0/mac_receive/frame_fifo/U0/inst_fifo_gen/gconvfifo.rf/grf.rf/gntv_or_sync_fifo.mem/gdm.dm_gen.dm/RAM_reg_0_15_0_5/RAMA/CLK
                         clock pessimism             -0.500     1.487    
    SLICE_X14Y23         RAMD32 (Hold_ramd32_CLK_I)
                                                      0.147     1.634    u_udp/u0/mac_receive/frame_fifo/U0/inst_fifo_gen/gconvfifo.rf/grf.rf/gntv_or_sync_fifo.mem/gdm.dm_gen.dm/RAM_reg_0_15_0_5/RAMA
  -------------------------------------------------------------------
                         required time                         -1.634    
                         arrival time                           1.712    
  -------------------------------------------------------------------
                         slack                                  0.078    





Pulse Width Checks
--------------------------------------------------------------------------------------
Clock Name:         eth_rxc
Waveform(ns):       { 0.000 4.000 }
Period(ns):         8.000
Sources:            { eth_rxc }

Check Type        Corner  Lib Pin             Reference Pin  Required(ns)  Actual(ns)  Slack(ns)  Location      Pin
Min Period        n/a     RAMB36E1/CLKARDCLK  n/a            2.170         8.000       5.830      RAMB36_X0Y4   u_udp/u0/mac_receive/data_fifo/U0/inst_fifo_gen/gconvfifo.rf/grf.rf/gntv_or_sync_fifo.mem/gbm.gbmg.gbmga.ngecc.bmg/inst_blk_mem_gen/gnbram.gnativebmg.native_blk_mem_gen/valid.cstr/ramloop[0].ram.r/prim_noinit.ram/DEVICE_7SERIES.NO_BMM_INFO.SDP.SIMPLE_PRIM36.ram/CLKARDCLK
Low Pulse Width   Slow    RAMD32/CLK          n/a            1.130         4.000       2.870      SLICE_X14Y23  u_udp/u0/mac_receive/frame_fifo/U0/inst_fifo_gen/gconvfifo.rf/grf.rf/gntv_or_sync_fifo.mem/gdm.dm_gen.dm/RAM_reg_0_15_0_5/RAMA/CLK
High Pulse Width  Fast    RAMD32/CLK          n/a            1.130         4.000       2.870      SLICE_X14Y23  u_udp/u0/mac_receive/frame_fifo/U0/inst_fifo_gen/gconvfifo.rf/grf.rf/gntv_or_sync_fifo.mem/gdm.dm_gen.dm/RAM_reg_0_15_0_5/RAMA/CLK



---------------------------------------------------------------------------------------------------
From Clock:  sys_clk
  To Clock:  sys_clk

Setup :           NA  Failing Endpoints,  Worst Slack           NA  ,  Total Violation           NA
Hold  :           NA  Failing Endpoints,  Worst Slack           NA  ,  Total Violation           NA
PW    :            0  Failing Endpoints,  Worst Slack        7.000ns,  Total Violation        0.000ns
---------------------------------------------------------------------------------------------------


Pulse Width Checks
--------------------------------------------------------------------------------------
Clock Name:         sys_clk
Waveform(ns):       { 0.000 10.000 }
Period(ns):         20.000
Sources:            { sys_clk }

Check Type        Corner  Lib Pin            Reference Pin  Required(ns)  Actual(ns)  Slack(ns)  Location         Pin
Min Period        n/a     MMCME2_ADV/CLKIN1  n/a            1.249         20.000      18.751     MMCME2_ADV_X1Y0  u_clock_and_reset/clk_wiz_0/inst/mmcm_adv_inst/CLKIN1
Max Period        n/a     MMCME2_ADV/CLKIN1  n/a            100.000       20.000      80.000     MMCME2_ADV_X1Y0  u_clock_and_reset/clk_wiz_0/inst/mmcm_adv_inst/CLKIN1
Low Pulse Width   Fast    MMCME2_ADV/CLKIN1  n/a            3.000         10.000      7.000      MMCME2_ADV_X1Y0  u_clock_and_reset/clk_wiz_0/inst/mmcm_adv_inst/CLKIN1
High Pulse Width  Slow    MMCME2_ADV/CLKIN1  n/a            3.000         10.000      7.000      MMCME2_ADV_X1Y0  u_clock_and_reset/clk_wiz_0/inst/mmcm_adv_inst/CLKIN1



---------------------------------------------------------------------------------------------------
From Clock:  clk_out1_clk_wiz_0
  To Clock:  clk_out1_clk_wiz_0

Setup :            0  Failing Endpoints,  Worst Slack        2.654ns,  Total Violation        0.000ns
Hold  :            0  Failing Endpoints,  Worst Slack        0.121ns,  Total Violation        0.000ns
PW    :            0  Failing Endpoints,  Worst Slack        0.264ns,  Total Violation        0.000ns
---------------------------------------------------------------------------------------------------


Max Delay Paths
--------------------------------------------------------------------------------------
Slack (MET) :             2.654ns  (required time - arrival time)
  Source:                 u_ddr3/u_mig/u_mig_7series_0_mig/temp_mon_enabled.u_tempmon/xadc_supplied_temperature.rst_r2_reg/C
                            (rising edge-triggered cell FDRE clocked by clk_out1_clk_wiz_0  {rise@0.000ns fall@2.500ns period=5.000ns})
  Destination:            u_ddr3/u_mig/u_mig_7series_0_mig/temp_mon_enabled.u_tempmon/xadc_supplied_temperature.xadc_do_r_reg[6]/R
                            (rising edge-triggered cell FDRE clocked by clk_out1_clk_wiz_0  {rise@0.000ns fall@2.500ns period=5.000ns})
  Path Group:             clk_out1_clk_wiz_0
  Path Type:              Setup (Max at Slow Process Corner)
  Requirement:            5.000ns  (clk_out1_clk_wiz_0 rise@5.000ns - clk_out1_clk_wiz_0 rise@0.000ns)
  Data Path Delay:        1.717ns  (logic 0.348ns (20.271%)  route 1.369ns (79.729%))
  Logic Levels:           0  
  Clock Path Skew:        -0.049ns (DCD - SCD + CPR)
    Destination Clock Delay (DCD):    -1.029ns = ( 3.971 - 5.000 ) 
    Source Clock Delay      (SCD):    -0.578ns
    Clock Pessimism Removal (CPR):    0.402ns
  Clock Uncertainty:      0.091ns  ((TSJ^2 + DJ^2)^1/2) / 2 + PE
    Total System Jitter     (TSJ):    0.071ns
    Discrete Jitter          (DJ):    0.168ns
    Phase Error              (PE):    0.000ns

    Location             Delay type                Incr(ns)  Path(ns)    Netlist Resource(s)
  -------------------------------------------------------------------    -------------------
                         (clock clk_out1_clk_wiz_0 rise edge)
                                                      0.000     0.000 r  
    R4                                                0.000     0.000 r  sys_clk (IN)
                         net (fo=0)                   0.000     0.000    u_clock_and_reset/clk_wiz_0/inst/clk_in1
    R4                   IBUF (Prop_ibuf_I_O)         1.432     1.432 r  u_clock_and_reset/clk_wiz_0/inst/clkin1_ibufg/O
                         net (fo=1, routed)           1.065     2.497    u_clock_and_reset/clk_wiz_0/inst/clk_in1_clk_wiz_0
    MMCME2_ADV_X1Y0      MMCME2_ADV (Prop_mmcme2_adv_CLKIN1_CLKOUT0)
                                                     -5.921    -3.424 r  u_clock_and_reset/clk_wiz_0/inst/mmcm_adv_inst/CLKOUT0
                         net (fo=1, routed)           1.421    -2.004    u_clock_and_reset/clk_wiz_0/inst/clk_out1_clk_wiz_0
    BUFGCTRL_X0Y1        BUFG (Prop_bufg_I_O)         0.081    -1.923 r  u_clock_and_reset/clk_wiz_0/inst/clkout1_buf/O
                         net (fo=64, routed)          1.344    -0.578    u_ddr3/u_mig/u_mig_7series_0_mig/temp_mon_enabled.u_tempmon/mmcm_clk
    SLICE_X29Y68         FDRE                                         r  u_ddr3/u_mig/u_mig_7series_0_mig/temp_mon_enabled.u_tempmon/xadc_supplied_temperature.rst_r2_reg/C
  -------------------------------------------------------------------    -------------------
    SLICE_X29Y68         FDRE (Prop_fdre_C_Q)         0.348    -0.230 r  u_ddr3/u_mig/u_mig_7series_0_mig/temp_mon_enabled.u_tempmon/xadc_supplied_temperature.rst_r2_reg/Q
                         net (fo=32, routed)          1.369     1.138    u_ddr3/u_mig/u_mig_7series_0_mig/temp_mon_enabled.u_tempmon/xadc_supplied_temperature.rst_r2
    SLICE_X33Y74         FDRE                                         r  u_ddr3/u_mig/u_mig_7series_0_mig/temp_mon_enabled.u_tempmon/xadc_supplied_temperature.xadc_do_r_reg[6]/R
  -------------------------------------------------------------------    -------------------

                         (clock clk_out1_clk_wiz_0 rise edge)
                                                      5.000     5.000 r  
    R4                                                0.000     5.000 r  sys_clk (IN)
                         net (fo=0)                   0.000     5.000    u_clock_and_reset/clk_wiz_0/inst/clk_in1
    R4                   IBUF (Prop_ibuf_I_O)         1.366     6.366 r  u_clock_and_reset/clk_wiz_0/inst/clkin1_ibufg/O
                         net (fo=1, routed)           1.004     7.369    u_clock_and_reset/clk_wiz_0/inst/clk_in1_clk_wiz_0
    MMCME2_ADV_X1Y0      MMCME2_ADV (Prop_mmcme2_adv_CLKIN1_CLKOUT0)
                                                     -6.057     1.312 r  u_clock_and_reset/clk_wiz_0/inst/mmcm_adv_inst/CLKOUT0
                         net (fo=1, routed)           1.352     2.665    u_clock_and_reset/clk_wiz_0/inst/clk_out1_clk_wiz_0
    BUFGCTRL_X0Y1        BUFG (Prop_bufg_I_O)         0.077     2.742 r  u_clock_and_reset/clk_wiz_0/inst/clkout1_buf/O
                         net (fo=64, routed)          1.229     3.971    u_ddr3/u_mig/u_mig_7series_0_mig/temp_mon_enabled.u_tempmon/mmcm_clk
    SLICE_X33Y74         FDRE                                         r  u_ddr3/u_mig/u_mig_7series_0_mig/temp_mon_enabled.u_tempmon/xadc_supplied_temperature.xadc_do_r_reg[6]/C
                         clock pessimism              0.402     4.373    
                         clock uncertainty           -0.091     4.282    
    SLICE_X33Y74         FDRE (Setup_fdre_C_R)       -0.489     3.793    u_ddr3/u_mig/u_mig_7series_0_mig/temp_mon_enabled.u_tempmon/xadc_supplied_temperature.xadc_do_r_reg[6]
  -------------------------------------------------------------------
                         required time                          3.793    
                         arrival time                          -1.138    
  -------------------------------------------------------------------
                         slack                                  2.654    





Min Delay Paths
--------------------------------------------------------------------------------------
Slack (MET) :             0.121ns  (arrival time - required time)
  Source:                 u_ddr3/u_mig/u_mig_7series_0_mig/temp_mon_enabled.u_tempmon/xadc_supplied_temperature.rst_r1_reg/C
                            (rising edge-triggered cell FDRE clocked by clk_out1_clk_wiz_0  {rise@0.000ns fall@2.500ns period=5.000ns})
  Destination:            u_ddr3/u_mig/u_mig_7series_0_mig/temp_mon_enabled.u_tempmon/xadc_supplied_temperature.rst_r2_reg/D
                            (rising edge-triggered cell FDRE clocked by clk_out1_clk_wiz_0  {rise@0.000ns fall@2.500ns period=5.000ns})
  Path Group:             clk_out1_clk_wiz_0
  Path Type:              Hold (Min at Fast Process Corner)
  Requirement:            0.000ns  (clk_out1_clk_wiz_0 rise@0.000ns - clk_out1_clk_wiz_0 rise@0.000ns)
  Data Path Delay:        0.196ns  (logic 0.141ns (71.838%)  route 0.055ns (28.162%))
  Logic Levels:           0  
  Clock Path Skew:        0.000ns (DCD - SCD - CPR)
    Destination Clock Delay (DCD):    -0.825ns
    Source Clock Delay      (SCD):    -0.585ns
    Clock Pessimism Removal (CPR):    -0.240ns

    Location             Delay type                Incr(ns)  Path(ns)    Netlist Resource(s)
  -------------------------------------------------------------------    -------------------
                         (clock clk_out1_clk_wiz_0 rise edge)
                                                      0.000     0.000 r  
    R4                                                0.000     0.000 r  sys_clk (IN)
                         net (fo=0)                   0.000     0.000    u_clock_and_reset/clk_wiz_0/inst/clk_in1
    R4                   IBUF (Prop_ibuf_I_O)         0.269     0.269 r  u_clock_and_reset/clk_wiz_0/inst/clkin1_ibufg/O
                         net (fo=1, routed)           0.440     0.709    u_clock_and_reset/clk_wiz_0/inst/clk_in1_clk_wiz_0
    MMCME2_ADV_X1Y0      MMCME2_ADV (Prop_mmcme2_adv_CLKIN1_CLKOUT0)
                                                     -2.360    -1.651 r  u_clock_and_reset/clk_wiz_0/inst/mmcm_adv_inst/CLKOUT0
                         net (fo=1, routed)           0.486    -1.165    u_clock_and_reset/clk_wiz_0/inst/clk_out1_clk_wiz_0
    BUFGCTRL_X0Y1        BUFG (Prop_bufg_I_O)         0.026    -1.139 r  u_clock_and_reset/clk_wiz_0/inst/clkout1_buf/O
                         net (fo=64, routed)          0.554    -0.585    u_ddr3/u_mig/u_mig_7series_0_mig/temp_mon_enabled.u_tempmon/mmcm_clk
    SLICE_X29Y68         FDRE                                         r  u_ddr3/u_mig/u_mig_7series_0_mig/temp_mon_enabled.u_tempmon/xadc_supplied_temperature.rst_r1_reg/C
  -------------------------------------------------------------------    -------------------
    SLICE_X29Y68         FDRE (Prop_fdre_C_Q)         0.141    -0.444 r  u_ddr3/u_mig/u_mig_7series_0_mig/temp_mon_enabled.u_tempmon/xadc_supplied_temperature.rst_r1_reg/Q
                         net (fo=1, routed)           0.055    -0.389    u_ddr3/u_mig/u_mig_7series_0_mig/temp_mon_enabled.u_tempmon/xadc_supplied_temperature.rst_r1
    SLICE_X29Y68         FDRE                                         r  u_ddr3/u_mig/u_mig_7series_0_mig/temp_mon_enabled.u_tempmon/xadc_supplied_temperature.rst_r2_reg/D
  -------------------------------------------------------------------    -------------------

                         (clock clk_out1_clk_wiz_0 rise edge)
                                                      0.000     0.000 r  
    R4                                                0.000     0.000 r  sys_clk (IN)
                         net (fo=0)                   0.000     0.000    u_clock_and_reset/clk_wiz_0/inst/clk_in1
    R4                   IBUF (Prop_ibuf_I_O)         0.457     0.457 r  u_clock_and_reset/clk_wiz_0/inst/clkin1_ibufg/O
                         net (fo=1, routed)           0.480     0.937    u_clock_and_reset/clk_wiz_0/inst/clk_in1_clk_wiz_0
    MMCME2_ADV_X1Y0      MMCME2_ADV (Prop_mmcme2_adv_CLKIN1_CLKOUT0)
                                                     -3.142    -2.205 r  u_clock_and_reset/clk_wiz_0/inst/mmcm_adv_inst/CLKOUT0
                         net (fo=1, routed)           0.530    -1.676    u_clock_and_reset/clk_wiz_0/inst/clk_out1_clk_wiz_0
    BUFGCTRL_X0Y1        BUFG (Prop_bufg_I_O)         0.029    -1.647 r  u_clock_and_reset/clk_wiz_0/inst/clkout1_buf/O
                         net (fo=64, routed)          0.822    -0.825    u_ddr3/u_mig/u_mig_7series_0_mig/temp_mon_enabled.u_tempmon/mmcm_clk
    SLICE_X29Y68         FDRE                                         r  u_ddr3/u_mig/u_mig_7series_0_mig/temp_mon_enabled.u_tempmon/xadc_supplied_temperature.rst_r2_reg/C
                         clock pessimism              0.240    -0.585    
    SLICE_X29Y68         FDRE (Hold_fdre_C_D)         0.075    -0.510    u_ddr3/u_mig/u_mig_7series_0_mig/temp_mon_enabled.u_tempmon/xadc_supplied_temperature.rst_r2_reg
  -------------------------------------------------------------------
                         required time                          0.510    
                         arrival time                          -0.389    
  -------------------------------------------------------------------
                         slack                                  0.121    





Pulse Width Checks
--------------------------------------------------------------------------------------
Clock Name:         clk_out1_clk_wiz_0
Waveform(ns):       { 0.000 2.500 }
Period(ns):         5.000
Sources:            { u_clock_and_reset/clk_wiz_0/inst/mmcm_adv_inst/CLKOUT0 }

Check Type        Corner  Lib Pin            Reference Pin  Required(ns)  Actual(ns)  Slack(ns)  Location         Pin
Min Period        n/a     XADC/DCLK          n/a            4.000         5.000       1.000      XADC_X0Y0        u_ddr3/u_mig/u_mig_7series_0_mig/temp_mon_enabled.u_tempmon/xadc_supplied_temperature.XADC_inst/DCLK
Max Period        n/a     IDELAYCTRL/REFCLK  n/a            5.264         5.000       0.264      IDELAYCTRL_X1Y1  u_ddr3/u_mig/u_mig_7series_0_mig/u_iodelay_ctrl/u_idelayctrl_200/REFCLK
Low Pulse Width   Fast    PLLE2_ADV/CLKIN1   n/a            1.400         2.500       1.100      PLLE2_ADV_X1Y1   u_ddr3/u_mig/u_mig_7series_0_mig/u_ddr3_infrastructure/plle2_i/CLKIN1
High Pulse Width  Slow    PLLE2_ADV/CLKIN1   n/a            1.400         2.500       1.100      PLLE2_ADV_X1Y1   u_ddr3/u_mig/u_mig_7series_0_mig/u_ddr3_infrastructure/plle2_i/CLKIN1



---------------------------------------------------------------------------------------------------
From Clock:  freq_refclk
  To Clock:  freq_refclk

Setup :           NA  Failing Endpoints,  Worst Slack           NA  ,  Total Violation           NA
Hold  :           NA  Failing Endpoints,  Worst Slack           NA  ,  Total Violation           NA
PW    :            0  Failing Endpoints,  Worst Slack        0.001ns,  Total Violation        0.000ns
---------------------------------------------------------------------------------------------------


Pulse Width Checks
--------------------------------------------------------------------------------------
Clock Name:         freq_refclk
Waveform(ns):       { 0.000 0.625 }
Period(ns):         1.250
Sources:            { u_ddr3/u_mig/u_mig_7series_0_mig/u_ddr3_infrastructure/plle2_i/CLKOUT0 }

Check Type        Corner  Lib Pin                    Reference Pin  Required(ns)  Actual(ns)  Slack(ns)  Location             Pin
Min Period        n/a     PLLE2_ADV/CLKOUT0          n/a            1.249         1.250       0.001      PLLE2_ADV_X1Y1       u_ddr3/u_mig/u_mig_7series_0_mig/u_ddr3_infrastructure/plle2_i/CLKOUT0
Max Period        n/a     PHASER_OUT_PHY/FREQREFCLK  n/a            2.500         1.250       1.250      PHASER_OUT_PHY_X1Y4  u_ddr3/u_mig/u_mig_7series_0_mig/u_memc_ui_top_axi/mem_intfc0/ddr_phy_top0/u_ddr_mc_phy_wrapper/u_ddr_mc_phy/ddr_phy_4lanes_0.u_ddr_phy_4lanes/ddr_byte_lane_A.ddr_byte_lane_A/phaser_out/FREQREFCLK
Low Pulse Width   Slow    PHASER_REF/CLKIN           n/a            0.482         0.625       0.143      PHASER_REF_X1Y1      u_ddr3/u_mig/u_mig_7series_0_mig/u_memc_ui_top_axi/mem_intfc0/ddr_phy_top0/u_ddr_mc_phy_wrapper/u_ddr_mc_phy/ddr_phy_4lanes_0.u_ddr_phy_4lanes/phaser_ref_i/CLKIN
High Pulse Width  Fast    PHASER_OUT_PHY/FREQREFCLK  n/a            0.482         0.625       0.143      PHASER_OUT_PHY_X1Y4  u_ddr3/u_mig/u_mig_7series_0_mig/u_memc_ui_top_axi/mem_intfc0/ddr_phy_top0/u_ddr_mc_phy_wrapper/u_ddr_mc_phy/ddr_phy_4lanes_0.u_ddr_phy_4lanes/ddr_byte_lane_A.ddr_byte_lane_A/phaser_out/FREQREFCLK



---------------------------------------------------------------------------------------------------
From Clock:  u_memc_ui_top_axi/mem_intfc0/ddr_phy_top0/u_ddr_mc_phy_wrapper/u_ddr_mc_phy/ddr_phy_4lanes_0.u_ddr_phy_4lanes/ddr_byte_lane_C.ddr_byte_lane_C/iserdes_clk
  To Clock:  u_memc_ui_top_axi/mem_intfc0/ddr_phy_top0/u_ddr_mc_phy_wrapper/u_ddr_mc_phy/ddr_phy_4lanes_0.u_ddr_phy_4lanes/ddr_byte_lane_C.ddr_byte_lane_C/iserdes_clk

Setup :           NA  Failing Endpoints,  Worst Slack           NA  ,  Total Violation           NA
Hold  :           NA  Failing Endpoints,  Worst Slack           NA  ,  Total Violation           NA
PW    :            0  Failing Endpoints,  Worst Slack        1.029ns,  Total Violation        0.000ns
---------------------------------------------------------------------------------------------------


Pulse Width Checks
--------------------------------------------------------------------------------------
Clock Name:         u_memc_ui_top_axi/mem_intfc0/ddr_phy_top0/u_ddr_mc_phy_wrapper/u_ddr_mc_phy/ddr_phy_4lanes_0.u_ddr_phy_4lanes/ddr_byte_lane_C.ddr_byte_lane_C/iserdes_clk
Waveform(ns):       { 0.000 1.250 }
Period(ns):         2.500
Sources:            { u_ddr3/u_mig/u_mig_7series_0_mig/u_memc_ui_top_axi/mem_intfc0/ddr_phy_top0/u_ddr_mc_phy_wrapper/u_ddr_mc_phy/ddr_phy_4lanes_0.u_ddr_phy_4lanes/ddr_byte_lane_C.ddr_byte_lane_C/phaser_in_gen.phaser_in/ICLK }

Check Type  Corner  Lib Pin        Reference Pin  Required(ns)  Actual(ns)  Slack(ns)  Location      Pin
Min Period  n/a     ISERDESE2/CLK  n/a            1.471         2.500       1.029      ILOGIC_X1Y76  u_ddr3/u_mig/u_mig_7series_0_mig/u_memc_ui_top_axi/mem_intfc0/ddr_phy_top0/u_ddr_mc_phy_wrapper/u_ddr_mc_phy/ddr_phy_4lanes_0.u_ddr_phy_4lanes/ddr_byte_lane_C.ddr_byte_lane_C/ddr_byte_group_io/input_[1].iserdes_dq_.iserdesdq/CLK



---------------------------------------------------------------------------------------------------
From Clock:  iserdes_clkdiv
  To Clock:  iserdes_clkdiv

Setup :            0  Failing Endpoints,  Worst Slack        8.266ns,  Total Violation        0.000ns
Hold  :            0  Failing Endpoints,  Worst Slack        0.071ns,  Total Violation        0.000ns
PW    :            0  Failing Endpoints,  Worst Slack        2.850ns,  Total Violation        0.000ns
---------------------------------------------------------------------------------------------------


Max Delay Paths
--------------------------------------------------------------------------------------
Slack (MET) :             8.266ns  (required time - arrival time)
  Source:                 u_ddr3/u_mig/u_mig_7series_0_mig/u_memc_ui_top_axi/mem_intfc0/ddr_phy_top0/u_ddr_mc_phy_wrapper/u_ddr_mc_phy/ddr_phy_4lanes_0.u_ddr_phy_4lanes/ddr_byte_lane_C.ddr_byte_lane_C/ddr_byte_group_io/input_[1].iserdes_dq_.iserdesdq/CLKDIVP
                            (rising edge-triggered cell ISERDESE2 clocked by iserdes_clkdiv  {rise@0.000ns fall@5.000ns period=10.000ns})
  Destination:            u_ddr3/u_mig/u_mig_7series_0_mig/u_memc_ui_top_axi/mem_intfc0/ddr_phy_top0/u_ddr_mc_phy_wrapper/u_ddr_mc_phy/ddr_phy_4lanes_0.u_ddr_phy_4lanes/ddr_byte_lane_C.ddr_byte_lane_C/in_fifo_gen.in_fifo/D1[3]
                            (rising edge-triggered cell IN_FIFO clocked by iserdes_clkdiv  {rise@0.000ns fall@5.000ns period=10.000ns})
  Path Group:             iserdes_clkdiv
  Path Type:              Setup (Max at Slow Process Corner)
  Requirement:            10.000ns  (iserdes_clkdiv rise@10.000ns - iserdes_clkdiv rise@0.000ns)
  Data Path Delay:        0.793ns  (logic 0.372ns (46.908%)  route 0.421ns (53.092%))
  Logic Levels:           0  
  Clock Path Skew:        -0.379ns (DCD - SCD + CPR)
    Destination Clock Delay (DCD):    1.134ns = ( 11.134 - 10.000 ) 
    Source Clock Delay      (SCD):    2.026ns
    Clock Pessimism Removal (CPR):    0.513ns
  Clock Uncertainty:      0.056ns  ((TSJ^2 + DJ^2)^1/2) / 2 + PE
    Total System Jitter     (TSJ):    0.071ns
    Discrete Jitter          (DJ):    0.087ns
    Phase Error              (PE):    0.000ns

    Location             Delay type                Incr(ns)  Path(ns)    Netlist Resource(s)
  -------------------------------------------------------------------    -------------------
                         (clock iserdes_clkdiv rise edge)
                                                      0.000     0.000 r  
    R4                                                0.000     0.000 r  sys_clk (IN)
                         net (fo=0)                   0.000     0.000    u_clock_and_reset/clk_wiz_0/inst/clk_in1
    R4                   IBUF (Prop_ibuf_I_O)         1.432     1.432 r  u_clock_and_reset/clk_wiz_0/inst/clkin1_ibufg/O
                         net (fo=1, routed)           1.065     2.497    u_clock_and_reset/clk_wiz_0/inst/clk_in1_clk_wiz_0
    MMCME2_ADV_X1Y0      MMCME2_ADV (Prop_mmcme2_adv_CLKIN1_CLKOUT0)
                                                     -5.921    -3.424 r  u_clock_and_reset/clk_wiz_0/inst/mmcm_adv_inst/CLKOUT0
                         net (fo=1, routed)           1.421    -2.004    u_clock_and_reset/clk_wiz_0/inst/clk_out1_clk_wiz_0
    BUFGCTRL_X0Y1        BUFG (Prop_bufg_I_O)         0.081    -1.923 r  u_clock_and_reset/clk_wiz_0/inst/clkout1_buf/O
                         net (fo=64, routed)          1.394    -0.528    u_ddr3/u_mig/u_mig_7series_0_mig/u_ddr3_infrastructure/CLK
    PLLE2_ADV_X1Y1       PLLE2_ADV (Prop_plle2_adv_CLKIN1_CLKOUT0)
                                                      0.077    -0.451 r  u_ddr3/u_mig/u_mig_7series_0_mig/u_ddr3_infrastructure/plle2_i/CLKOUT0
                         net (fo=7, routed)           0.516     0.065    u_ddr3/u_mig/u_mig_7series_0_mig/u_memc_ui_top_axi/mem_intfc0/ddr_phy_top0/u_ddr_mc_phy_wrapper/u_ddr_mc_phy/ddr_phy_4lanes_0.u_ddr_phy_4lanes/ddr_byte_lane_C.ddr_byte_lane_C/freq_refclk
    PHASER_IN_PHY_X1Y6   PHASER_IN_PHY (Prop_phaser_in_phy_FREQREFCLK_ICLK)
                                                      1.428     1.493 r  u_ddr3/u_mig/u_mig_7series_0_mig/u_memc_ui_top_axi/mem_intfc0/ddr_phy_top0/u_ddr_mc_phy_wrapper/u_ddr_mc_phy/ddr_phy_4lanes_0.u_ddr_phy_4lanes/ddr_byte_lane_C.ddr_byte_lane_C/phaser_in_gen.phaser_in/ICLK
    PHASER_IN_PHY_X1Y6   PHASER_IN_PHY (Prop_phaser_in_phy_ICLK_ICLKDIV)
                                                      0.154     1.647 r  u_ddr3/u_mig/u_mig_7series_0_mig/u_memc_ui_top_axi/mem_intfc0/ddr_phy_top0/u_ddr_mc_phy_wrapper/u_ddr_mc_phy/ddr_phy_4lanes_0.u_ddr_phy_4lanes/ddr_byte_lane_C.ddr_byte_lane_C/phaser_in_gen.phaser_in/ICLKDIV
                         net (fo=9, routed)           0.379     2.026    u_ddr3/u_mig/u_mig_7series_0_mig/u_memc_ui_top_axi/mem_intfc0/ddr_phy_top0/u_ddr_mc_phy_wrapper/u_ddr_mc_phy/ddr_phy_4lanes_0.u_ddr_phy_4lanes/ddr_byte_lane_C.ddr_byte_lane_C/ddr_byte_group_io/iserdes_clkdiv
    ILOGIC_X1Y76         ISERDESE2                                    r  u_ddr3/u_mig/u_mig_7series_0_mig/u_memc_ui_top_axi/mem_intfc0/ddr_phy_top0/u_ddr_mc_phy_wrapper/u_ddr_mc_phy/ddr_phy_4lanes_0.u_ddr_phy_4lanes/ddr_byte_lane_C.ddr_byte_lane_C/ddr_byte_group_io/input_[1].iserdes_dq_.iserdesdq/CLKDIVP
  -------------------------------------------------------------------    -------------------
    ILOGIC_X1Y76         ISERDESE2 (Prop_iserdese2_CLKDIVP_Q1)
                                                      0.372     2.398 r  u_ddr3/u_mig/u_mig_7series_0_mig/u_memc_ui_top_axi/mem_intfc0/ddr_phy_top0/u_ddr_mc_phy_wrapper/u_ddr_mc_phy/ddr_phy_4lanes_0.u_ddr_phy_4lanes/ddr_byte_lane_C.ddr_byte_lane_C/ddr_byte_group_io/input_[1].iserdes_dq_.iserdesdq/Q1
                         net (fo=1, routed)           0.421     2.819    u_ddr3/u_mig/u_mig_7series_0_mig/u_memc_ui_top_axi/mem_intfc0/ddr_phy_top0/u_ddr_mc_phy_wrapper/u_ddr_mc_phy/ddr_phy_4lanes_0.u_ddr_phy_4lanes/ddr_byte_lane_C.ddr_byte_lane_C/if_d1[3]
    IN_FIFO_X1Y6         IN_FIFO                                      r  u_ddr3/u_mig/u_mig_7series_0_mig/u_memc_ui_top_axi/mem_intfc0/ddr_phy_top0/u_ddr_mc_phy_wrapper/u_ddr_mc_phy/ddr_phy_4lanes_0.u_ddr_phy_4lanes/ddr_byte_lane_C.ddr_byte_lane_C/in_fifo_gen.in_fifo/D1[3]
  -------------------------------------------------------------------    -------------------

                         (clock iserdes_clkdiv rise edge)
                                                     10.000    10.000 r  
    R4                                                0.000    10.000 r  sys_clk (IN)
                         net (fo=0)                   0.000    10.000    u_clock_and_reset/clk_wiz_0/inst/clk_in1
    R4                   IBUF (Prop_ibuf_I_O)         1.366    11.366 r  u_clock_and_reset/clk_wiz_0/inst/clkin1_ibufg/O
                         net (fo=1, routed)           1.004    12.369    u_clock_and_reset/clk_wiz_0/inst/clk_in1_clk_wiz_0
    MMCME2_ADV_X1Y0      MMCME2_ADV (Prop_mmcme2_adv_CLKIN1_CLKOUT0)
                                                     -6.057     6.312 r  u_clock_and_reset/clk_wiz_0/inst/mmcm_adv_inst/CLKOUT0
                         net (fo=1, routed)           1.352     7.665    u_clock_and_reset/clk_wiz_0/inst/clk_out1_clk_wiz_0
    BUFGCTRL_X0Y1        BUFG (Prop_bufg_I_O)         0.077     7.742 r  u_clock_and_reset/clk_wiz_0/inst/clkout1_buf/O
                         net (fo=64, routed)          1.290     9.032    u_ddr3/u_mig/u_mig_7series_0_mig/u_ddr3_infrastructure/CLK
    PLLE2_ADV_X1Y1       PLLE2_ADV (Prop_plle2_adv_CLKIN1_CLKOUT0)
                                                      0.073     9.105 r  u_ddr3/u_mig/u_mig_7series_0_mig/u_ddr3_infrastructure/plle2_i/CLKOUT0
                         net (fo=7, routed)           0.490     9.595    u_ddr3/u_mig/u_mig_7series_0_mig/u_memc_ui_top_axi/mem_intfc0/ddr_phy_top0/u_ddr_mc_phy_wrapper/u_ddr_mc_phy/ddr_phy_4lanes_0.u_ddr_phy_4lanes/ddr_byte_lane_C.ddr_byte_lane_C/freq_refclk
    PHASER_IN_PHY_X1Y6   PHASER_IN_PHY (Prop_phaser_in_phy_FREQREFCLK_ICLK)
                                                      1.394    10.989 r  u_ddr3/u_mig/u_mig_7series_0_mig/u_memc_ui_top_axi/mem_intfc0/ddr_phy_top0/u_ddr_mc_phy_wrapper/u_ddr_mc_phy/ddr_phy_4lanes_0.u_ddr_phy_4lanes/ddr_byte_lane_C.ddr_byte_lane_C/phaser_in_gen.phaser_in/ICLK
    PHASER_IN_PHY_X1Y6   PHASER_IN_PHY (Prop_phaser_in_phy_ICLK_ICLKDIV)
                                                      0.145    11.134 r  u_ddr3/u_mig/u_mig_7series_0_mig/u_memc_ui_top_axi/mem_intfc0/ddr_phy_top0/u_ddr_mc_phy_wrapper/u_ddr_mc_phy/ddr_phy_4lanes_0.u_ddr_phy_4lanes/ddr_byte_lane_C.ddr_byte_lane_C/phaser_in_gen.phaser_in/ICLKDIV
                         net (fo=9, routed)           0.000    11.134    u_ddr3/u_mig/u_mig_7series_0_mig/u_memc_ui_top_axi/mem_intfc0/ddr_phy_top0/u_ddr_mc_phy_wrapper/u_ddr_mc_phy/ddr_phy_4lanes_0.u_ddr_phy_4lanes/ddr_byte_lane_C.ddr_byte_lane_C/iserdes_clkdiv
    IN_FIFO_X1Y6         IN_FIFO                                      r  u_ddr3/u_mig/u_mig_7series_0_mig/u_memc_ui_top_axi/mem_intfc0/ddr_phy_top0/u_ddr_mc_phy_wrapper/u_ddr_mc_phy/ddr_phy_4lanes_0.u_ddr_phy_4lanes/ddr_byte_lane_C.ddr_byte_lane_C/in_fifo_gen.in_fifo/WRCLK
                         clock pessimism              0.513    11.647    
                         clock uncertainty           -0.056    11.591    
    IN_FIFO_X1Y6         IN_FIFO (Setup_in_fifo_WRCLK_D1[3])
                                                     -0.506    11.085    u_ddr3/u_mig/u_mig_7series_0_mig/u_memc_ui_top_axi/mem_intfc0/ddr_phy_top0/u_ddr_mc_phy_wrapper/u_ddr_mc_phy/ddr_phy_4lanes_0.u_ddr_phy_4lanes/ddr_byte_lane_C.ddr_byte_lane_C/in_fifo_gen.in_fifo
  -------------------------------------------------------------------
                         required time                         11.085    
                         arrival time                          -2.819    
  -------------------------------------------------------------------
                         slack                                  8.266    





Min Delay Paths
--------------------------------------------------------------------------------------
Slack (MET) :             0.071ns  (arrival time - required time)
  Source:                 u_ddr3/u_mig/u_mig_7series_0_mig/u_memc_ui_top_axi/mem_intfc0/ddr_phy_top0/u_ddr_mc_phy_wrapper/u_ddr_mc_phy/ddr_phy_4lanes_0.u_ddr_phy_4lanes/ddr_byte_lane_C.ddr_byte_lane_C/phaser_in_gen.phaser_in/ICLKDIV
                            (rising edge-triggered cell PHASER_IN_PHY clocked by iserdes_clkdiv  {rise@0.000ns fall@5.000ns period=10.000ns})
  Destination:            u_ddr3/u_mig/u_mig_7series_0_mig/u_memc_ui_top_axi/mem_intfc0/ddr_phy_top0/u_ddr_mc_phy_wrapper/u_ddr_mc_phy/ddr_phy_4lanes_0.u_ddr_phy_4lanes/ddr_byte_lane_C.ddr_byte_lane_C/in_fifo_gen.in_fifo/WREN
                            (rising edge-triggered cell IN_FIFO clocked by iserdes_clkdiv  {rise@0.000ns fall@5.000ns period=10.000ns})
  Path Group:             iserdes_clkdiv
  Path Type:              Hold (Min at Fast Process Corner)
  Requirement:            0.000ns  (iserdes_clkdiv rise@0.000ns - iserdes_clkdiv rise@0.000ns)
  Data Path Delay:        0.058ns  (logic 0.058ns (100.000%)  route 0.000ns (0.000%))
  Logic Levels:           0  
  Clock Path Skew:        0.000ns (DCD - SCD - CPR)
    Destination Clock Delay (DCD):    0.758ns
    Source Clock Delay      (SCD):    0.945ns
    Clock Pessimism Removal (CPR):    -0.187ns

    Location             Delay type                Incr(ns)  Path(ns)    Netlist Resource(s)
  -------------------------------------------------------------------    -------------------
                         (clock iserdes_clkdiv rise edge)
                                                      0.000     0.000 r  
    R4                                                0.000     0.000 r  sys_clk (IN)
                         net (fo=0)                   0.000     0.000    u_clock_and_reset/clk_wiz_0/inst/clk_in1
    R4                   IBUF (Prop_ibuf_I_O)         0.269     0.269 r  u_clock_and_reset/clk_wiz_0/inst/clkin1_ibufg/O
                         net (fo=1, routed)           0.440     0.709    u_clock_and_reset/clk_wiz_0/inst/clk_in1_clk_wiz_0
    MMCME2_ADV_X1Y0      MMCME2_ADV (Prop_mmcme2_adv_CLKIN1_CLKOUT0)
                                                     -2.360    -1.651 r  u_clock_and_reset/clk_wiz_0/inst/mmcm_adv_inst/CLKOUT0
                         net (fo=1, routed)           0.486    -1.165    u_clock_and_reset/clk_wiz_0/inst/clk_out1_clk_wiz_0
    BUFGCTRL_X0Y1        BUFG (Prop_bufg_I_O)         0.026    -1.139 r  u_clock_and_reset/clk_wiz_0/inst/clkout1_buf/O
                         net (fo=64, routed)          0.552    -0.587    u_ddr3/u_mig/u_mig_7series_0_mig/u_ddr3_infrastructure/CLK
    PLLE2_ADV_X1Y1       PLLE2_ADV (Prop_plle2_adv_CLKIN1_CLKOUT0)
                                                      0.050    -0.537 r  u_ddr3/u_mig/u_mig_7series_0_mig/u_ddr3_infrastructure/plle2_i/CLKOUT0
                         net (fo=7, routed)           0.197    -0.340    u_ddr3/u_mig/u_mig_7series_0_mig/u_memc_ui_top_axi/mem_intfc0/ddr_phy_top0/u_ddr_mc_phy_wrapper/u_ddr_mc_phy/ddr_phy_4lanes_0.u_ddr_phy_4lanes/ddr_byte_lane_C.ddr_byte_lane_C/freq_refclk
    PHASER_IN_PHY_X1Y6   PHASER_IN_PHY (Prop_phaser_in_phy_FREQREFCLK_ICLK)
                                                      1.195     0.855 r  u_ddr3/u_mig/u_mig_7series_0_mig/u_memc_ui_top_axi/mem_intfc0/ddr_phy_top0/u_ddr_mc_phy_wrapper/u_ddr_mc_phy/ddr_phy_4lanes_0.u_ddr_phy_4lanes/ddr_byte_lane_C.ddr_byte_lane_C/phaser_in_gen.phaser_in/ICLK
    PHASER_IN_PHY_X1Y6   PHASER_IN_PHY (Prop_phaser_in_phy_ICLK_ICLKDIV)
                                                      0.090     0.945 r  u_ddr3/u_mig/u_mig_7series_0_mig/u_memc_ui_top_axi/mem_intfc0/ddr_phy_top0/u_ddr_mc_phy_wrapper/u_ddr_mc_phy/ddr_phy_4lanes_0.u_ddr_phy_4lanes/ddr_byte_lane_C.ddr_byte_lane_C/phaser_in_gen.phaser_in/ICLKDIV
  -------------------------------------------------------------------    -------------------
    PHASER_IN_PHY_X1Y6   PHASER_IN_PHY (Prop_phaser_in_phy_ICLKDIV_WRENABLE)
                                                      0.058     1.003 r  u_ddr3/u_mig/u_mig_7series_0_mig/u_memc_ui_top_axi/mem_intfc0/ddr_phy_top0/u_ddr_mc_phy_wrapper/u_ddr_mc_phy/ddr_phy_4lanes_0.u_ddr_phy_4lanes/ddr_byte_lane_C.ddr_byte_lane_C/phaser_in_gen.phaser_in/WRENABLE
                         net (fo=1, routed)           0.000     1.003    u_ddr3/u_mig/u_mig_7series_0_mig/u_memc_ui_top_axi/mem_intfc0/ddr_phy_top0/u_ddr_mc_phy_wrapper/u_ddr_mc_phy/ddr_phy_4lanes_0.u_ddr_phy_4lanes/ddr_byte_lane_C.ddr_byte_lane_C/ififo_wr_enable
    IN_FIFO_X1Y6         IN_FIFO                                      r  u_ddr3/u_mig/u_mig_7series_0_mig/u_memc_ui_top_axi/mem_intfc0/ddr_phy_top0/u_ddr_mc_phy_wrapper/u_ddr_mc_phy/ddr_phy_4lanes_0.u_ddr_phy_4lanes/ddr_byte_lane_C.ddr_byte_lane_C/in_fifo_gen.in_fifo/WREN
  -------------------------------------------------------------------    -------------------

                         (clock iserdes_clkdiv rise edge)
                                                      0.000     0.000 r  
    R4                                                0.000     0.000 r  sys_clk (IN)
                         net (fo=0)                   0.000     0.000    u_clock_and_reset/clk_wiz_0/inst/clk_in1
    R4                   IBUF (Prop_ibuf_I_O)         0.457     0.457 r  u_clock_and_reset/clk_wiz_0/inst/clkin1_ibufg/O
                         net (fo=1, routed)           0.480     0.937    u_clock_and_reset/clk_wiz_0/inst/clk_in1_clk_wiz_0
    MMCME2_ADV_X1Y0      MMCME2_ADV (Prop_mmcme2_adv_CLKIN1_CLKOUT0)
                                                     -3.142    -2.205 r  u_clock_and_reset/clk_wiz_0/inst/mmcm_adv_inst/CLKOUT0
                         net (fo=1, routed)           0.530    -1.676    u_clock_and_reset/clk_wiz_0/inst/clk_out1_clk_wiz_0
    BUFGCTRL_X0Y1        BUFG (Prop_bufg_I_O)         0.029    -1.647 r  u_clock_and_reset/clk_wiz_0/inst/clkout1_buf/O
                         net (fo=64, routed)          0.820    -0.827    u_ddr3/u_mig/u_mig_7series_0_mig/u_ddr3_infrastructure/CLK
    PLLE2_ADV_X1Y1       PLLE2_ADV (Prop_plle2_adv_CLKIN1_CLKOUT0)
                                                      0.053    -0.774 r  u_ddr3/u_mig/u_mig_7series_0_mig/u_ddr3_infrastructure/plle2_i/CLKOUT0
                         net (fo=7, routed)           0.217    -0.557    u_ddr3/u_mig/u_mig_7series_0_mig/u_memc_ui_top_axi/mem_intfc0/ddr_phy_top0/u_ddr_mc_phy_wrapper/u_ddr_mc_phy/ddr_phy_4lanes_0.u_ddr_phy_4lanes/ddr_byte_lane_C.ddr_byte_lane_C/freq_refclk
    PHASER_IN_PHY_X1Y6   PHASER_IN_PHY (Prop_phaser_in_phy_FREQREFCLK_ICLK)
                                                      1.219     0.662 r  u_ddr3/u_mig/u_mig_7series_0_mig/u_memc_ui_top_axi/mem_intfc0/ddr_phy_top0/u_ddr_mc_phy_wrapper/u_ddr_mc_phy/ddr_phy_4lanes_0.u_ddr_phy_4lanes/ddr_byte_lane_C.ddr_byte_lane_C/phaser_in_gen.phaser_in/ICLK
    PHASER_IN_PHY_X1Y6   PHASER_IN_PHY (Prop_phaser_in_phy_ICLK_ICLKDIV)
                                                      0.096     0.758 r  u_ddr3/u_mig/u_mig_7series_0_mig/u_memc_ui_top_axi/mem_intfc0/ddr_phy_top0/u_ddr_mc_phy_wrapper/u_ddr_mc_phy/ddr_phy_4lanes_0.u_ddr_phy_4lanes/ddr_byte_lane_C.ddr_byte_lane_C/phaser_in_gen.phaser_in/ICLKDIV
                         net (fo=9, routed)           0.000     0.758    u_ddr3/u_mig/u_mig_7series_0_mig/u_memc_ui_top_axi/mem_intfc0/ddr_phy_top0/u_ddr_mc_phy_wrapper/u_ddr_mc_phy/ddr_phy_4lanes_0.u_ddr_phy_4lanes/ddr_byte_lane_C.ddr_byte_lane_C/iserdes_clkdiv
    IN_FIFO_X1Y6         IN_FIFO                                      r  u_ddr3/u_mig/u_mig_7series_0_mig/u_memc_ui_top_axi/mem_intfc0/ddr_phy_top0/u_ddr_mc_phy_wrapper/u_ddr_mc_phy/ddr_phy_4lanes_0.u_ddr_phy_4lanes/ddr_byte_lane_C.ddr_byte_lane_C/in_fifo_gen.in_fifo/WRCLK
                         clock pessimism              0.187     0.945    
    IN_FIFO_X1Y6         IN_FIFO (Hold_in_fifo_WRCLK_WREN)
                                                     -0.013     0.932    u_ddr3/u_mig/u_mig_7series_0_mig/u_memc_ui_top_axi/mem_intfc0/ddr_phy_top0/u_ddr_mc_phy_wrapper/u_ddr_mc_phy/ddr_phy_4lanes_0.u_ddr_phy_4lanes/ddr_byte_lane_C.ddr_byte_lane_C/in_fifo_gen.in_fifo
  -------------------------------------------------------------------
                         required time                         -0.932    
                         arrival time                           1.003    
  -------------------------------------------------------------------
                         slack                                  0.071    





Pulse Width Checks
--------------------------------------------------------------------------------------
Clock Name:         iserdes_clkdiv
Waveform(ns):       { 0.000 5.000 }
Period(ns):         10.000
Sources:            { u_ddr3/u_mig/u_mig_7series_0_mig/u_memc_ui_top_axi/mem_intfc0/ddr_phy_top0/u_ddr_mc_phy_wrapper/u_ddr_mc_phy/ddr_phy_4lanes_0.u_ddr_phy_4lanes/ddr_byte_lane_C.ddr_byte_lane_C/phaser_in_gen.phaser_in/ICLKDIV }

Check Type        Corner  Lib Pin        Reference Pin  Required(ns)  Actual(ns)  Slack(ns)  Location      Pin
Min Period        n/a     IN_FIFO/WRCLK  n/a            5.000         10.000      5.000      IN_FIFO_X1Y6  u_ddr3/u_mig/u_mig_7series_0_mig/u_memc_ui_top_axi/mem_intfc0/ddr_phy_top0/u_ddr_mc_phy_wrapper/u_ddr_mc_phy/ddr_phy_4lanes_0.u_ddr_phy_4lanes/ddr_byte_lane_C.ddr_byte_lane_C/in_fifo_gen.in_fifo/WRCLK
Low Pulse Width   Fast    IN_FIFO/WRCLK  n/a            2.150         5.000       2.850      IN_FIFO_X1Y6  u_ddr3/u_mig/u_mig_7series_0_mig/u_memc_ui_top_axi/mem_intfc0/ddr_phy_top0/u_ddr_mc_phy_wrapper/u_ddr_mc_phy/ddr_phy_4lanes_0.u_ddr_phy_4lanes/ddr_byte_lane_C.ddr_byte_lane_C/in_fifo_gen.in_fifo/WRCLK
High Pulse Width  Slow    IN_FIFO/WRCLK  n/a            2.150         5.000       2.850      IN_FIFO_X1Y6  u_ddr3/u_mig/u_mig_7series_0_mig/u_memc_ui_top_axi/mem_intfc0/ddr_phy_top0/u_ddr_mc_phy_wrapper/u_ddr_mc_phy/ddr_phy_4lanes_0.u_ddr_phy_4lanes/ddr_byte_lane_C.ddr_byte_lane_C/in_fifo_gen.in_fifo/WRCLK



---------------------------------------------------------------------------------------------------
From Clock:  u_memc_ui_top_axi/mem_intfc0/ddr_phy_top0/u_ddr_mc_phy_wrapper/u_ddr_mc_phy/ddr_phy_4lanes_0.u_ddr_phy_4lanes/ddr_byte_lane_D.ddr_byte_lane_D/iserdes_clk
  To Clock:  u_memc_ui_top_axi/mem_intfc0/ddr_phy_top0/u_ddr_mc_phy_wrapper/u_ddr_mc_phy/ddr_phy_4lanes_0.u_ddr_phy_4lanes/ddr_byte_lane_D.ddr_byte_lane_D/iserdes_clk

Setup :           NA  Failing Endpoints,  Worst Slack           NA  ,  Total Violation           NA
Hold  :           NA  Failing Endpoints,  Worst Slack           NA  ,  Total Violation           NA
PW    :            0  Failing Endpoints,  Worst Slack        1.029ns,  Total Violation        0.000ns
---------------------------------------------------------------------------------------------------


Pulse Width Checks
--------------------------------------------------------------------------------------
Clock Name:         u_memc_ui_top_axi/mem_intfc0/ddr_phy_top0/u_ddr_mc_phy_wrapper/u_ddr_mc_phy/ddr_phy_4lanes_0.u_ddr_phy_4lanes/ddr_byte_lane_D.ddr_byte_lane_D/iserdes_clk
Waveform(ns):       { 0.000 1.250 }
Period(ns):         2.500
Sources:            { u_ddr3/u_mig/u_mig_7series_0_mig/u_memc_ui_top_axi/mem_intfc0/ddr_phy_top0/u_ddr_mc_phy_wrapper/u_ddr_mc_phy/ddr_phy_4lanes_0.u_ddr_phy_4lanes/ddr_byte_lane_D.ddr_byte_lane_D/phaser_in_gen.phaser_in/ICLK }

Check Type  Corner  Lib Pin        Reference Pin  Required(ns)  Actual(ns)  Slack(ns)  Location      Pin
Min Period  n/a     ISERDESE2/CLK  n/a            1.471         2.500       1.029      ILOGIC_X1Y88  u_ddr3/u_mig/u_mig_7series_0_mig/u_memc_ui_top_axi/mem_intfc0/ddr_phy_top0/u_ddr_mc_phy_wrapper/u_ddr_mc_phy/ddr_phy_4lanes_0.u_ddr_phy_4lanes/ddr_byte_lane_D.ddr_byte_lane_D/ddr_byte_group_io/input_[1].iserdes_dq_.iserdesdq/CLK



---------------------------------------------------------------------------------------------------
From Clock:  iserdes_clkdiv_1
  To Clock:  iserdes_clkdiv_1

Setup :            0  Failing Endpoints,  Worst Slack        8.252ns,  Total Violation        0.000ns
Hold  :            0  Failing Endpoints,  Worst Slack        0.071ns,  Total Violation        0.000ns
PW    :            0  Failing Endpoints,  Worst Slack        2.850ns,  Total Violation        0.000ns
---------------------------------------------------------------------------------------------------


Max Delay Paths
--------------------------------------------------------------------------------------
Slack (MET) :             8.252ns  (required time - arrival time)
  Source:                 u_ddr3/u_mig/u_mig_7series_0_mig/u_memc_ui_top_axi/mem_intfc0/ddr_phy_top0/u_ddr_mc_phy_wrapper/u_ddr_mc_phy/ddr_phy_4lanes_0.u_ddr_phy_4lanes/ddr_byte_lane_D.ddr_byte_lane_D/ddr_byte_group_io/input_[1].iserdes_dq_.iserdesdq/CLKDIVP
                            (rising edge-triggered cell ISERDESE2 clocked by iserdes_clkdiv_1  {rise@0.000ns fall@5.000ns period=10.000ns})
  Destination:            u_ddr3/u_mig/u_mig_7series_0_mig/u_memc_ui_top_axi/mem_intfc0/ddr_phy_top0/u_ddr_mc_phy_wrapper/u_ddr_mc_phy/ddr_phy_4lanes_0.u_ddr_phy_4lanes/ddr_byte_lane_D.ddr_byte_lane_D/in_fifo_gen.in_fifo/D1[3]
                            (rising edge-triggered cell IN_FIFO clocked by iserdes_clkdiv_1  {rise@0.000ns fall@5.000ns period=10.000ns})
  Path Group:             iserdes_clkdiv_1
  Path Type:              Setup (Max at Slow Process Corner)
  Requirement:            10.000ns  (iserdes_clkdiv_1 rise@10.000ns - iserdes_clkdiv_1 rise@0.000ns)
  Data Path Delay:        0.793ns  (logic 0.372ns (46.908%)  route 0.421ns (53.092%))
  Logic Levels:           0  
  Clock Path Skew:        -0.393ns (DCD - SCD + CPR)
    Destination Clock Delay (DCD):    1.125ns = ( 11.125 - 10.000 ) 
    Source Clock Delay      (SCD):    2.031ns
    Clock Pessimism Removal (CPR):    0.513ns
  Clock Uncertainty:      0.056ns  ((TSJ^2 + DJ^2)^1/2) / 2 + PE
    Total System Jitter     (TSJ):    0.071ns
    Discrete Jitter          (DJ):    0.087ns
    Phase Error              (PE):    0.000ns

    Location             Delay type                Incr(ns)  Path(ns)    Netlist Resource(s)
  -------------------------------------------------------------------    -------------------
                         (clock iserdes_clkdiv_1 rise edge)
                                                      0.000     0.000 r  
    R4                                                0.000     0.000 r  sys_clk (IN)
                         net (fo=0)                   0.000     0.000    u_clock_and_reset/clk_wiz_0/inst/clk_in1
    R4                   IBUF (Prop_ibuf_I_O)         1.432     1.432 r  u_clock_and_reset/clk_wiz_0/inst/clkin1_ibufg/O
                         net (fo=1, routed)           1.065     2.497    u_clock_and_reset/clk_wiz_0/inst/clk_in1_clk_wiz_0
    MMCME2_ADV_X1Y0      MMCME2_ADV (Prop_mmcme2_adv_CLKIN1_CLKOUT0)
                                                     -5.921    -3.424 r  u_clock_and_reset/clk_wiz_0/inst/mmcm_adv_inst/CLKOUT0
                         net (fo=1, routed)           1.421    -2.004    u_clock_and_reset/clk_wiz_0/inst/clk_out1_clk_wiz_0
    BUFGCTRL_X0Y1        BUFG (Prop_bufg_I_O)         0.081    -1.923 r  u_clock_and_reset/clk_wiz_0/inst/clkout1_buf/O
                         net (fo=64, routed)          1.394    -0.528    u_ddr3/u_mig/u_mig_7series_0_mig/u_ddr3_infrastructure/CLK
    PLLE2_ADV_X1Y1       PLLE2_ADV (Prop_plle2_adv_CLKIN1_CLKOUT0)
                                                      0.077    -0.451 r  u_ddr3/u_mig/u_mig_7series_0_mig/u_ddr3_infrastructure/plle2_i/CLKOUT0
                         net (fo=7, routed)           0.507     0.056    u_ddr3/u_mig/u_mig_7series_0_mig/u_memc_ui_top_axi/mem_intfc0/ddr_phy_top0/u_ddr_mc_phy_wrapper/u_ddr_mc_phy/ddr_phy_4lanes_0.u_ddr_phy_4lanes/ddr_byte_lane_D.ddr_byte_lane_D/freq_refclk
    PHASER_IN_PHY_X1Y7   PHASER_IN_PHY (Prop_phaser_in_phy_FREQREFCLK_ICLK)
                                                      1.428     1.484 r  u_ddr3/u_mig/u_mig_7series_0_mig/u_memc_ui_top_axi/mem_intfc0/ddr_phy_top0/u_ddr_mc_phy_wrapper/u_ddr_mc_phy/ddr_phy_4lanes_0.u_ddr_phy_4lanes/ddr_byte_lane_D.ddr_byte_lane_D/phaser_in_gen.phaser_in/ICLK
    PHASER_IN_PHY_X1Y7   PHASER_IN_PHY (Prop_phaser_in_phy_ICLK_ICLKDIV)
                                                      0.154     1.638 r  u_ddr3/u_mig/u_mig_7series_0_mig/u_memc_ui_top_axi/mem_intfc0/ddr_phy_top0/u_ddr_mc_phy_wrapper/u_ddr_mc_phy/ddr_phy_4lanes_0.u_ddr_phy_4lanes/ddr_byte_lane_D.ddr_byte_lane_D/phaser_in_gen.phaser_in/ICLKDIV
                         net (fo=9, routed)           0.393     2.031    u_ddr3/u_mig/u_mig_7series_0_mig/u_memc_ui_top_axi/mem_intfc0/ddr_phy_top0/u_ddr_mc_phy_wrapper/u_ddr_mc_phy/ddr_phy_4lanes_0.u_ddr_phy_4lanes/ddr_byte_lane_D.ddr_byte_lane_D/ddr_byte_group_io/iserdes_clkdiv
    ILOGIC_X1Y88         ISERDESE2                                    r  u_ddr3/u_mig/u_mig_7series_0_mig/u_memc_ui_top_axi/mem_intfc0/ddr_phy_top0/u_ddr_mc_phy_wrapper/u_ddr_mc_phy/ddr_phy_4lanes_0.u_ddr_phy_4lanes/ddr_byte_lane_D.ddr_byte_lane_D/ddr_byte_group_io/input_[1].iserdes_dq_.iserdesdq/CLKDIVP
  -------------------------------------------------------------------    -------------------
    ILOGIC_X1Y88         ISERDESE2 (Prop_iserdese2_CLKDIVP_Q1)
                                                      0.372     2.403 r  u_ddr3/u_mig/u_mig_7series_0_mig/u_memc_ui_top_axi/mem_intfc0/ddr_phy_top0/u_ddr_mc_phy_wrapper/u_ddr_mc_phy/ddr_phy_4lanes_0.u_ddr_phy_4lanes/ddr_byte_lane_D.ddr_byte_lane_D/ddr_byte_group_io/input_[1].iserdes_dq_.iserdesdq/Q1
                         net (fo=1, routed)           0.421     2.824    u_ddr3/u_mig/u_mig_7series_0_mig/u_memc_ui_top_axi/mem_intfc0/ddr_phy_top0/u_ddr_mc_phy_wrapper/u_ddr_mc_phy/ddr_phy_4lanes_0.u_ddr_phy_4lanes/ddr_byte_lane_D.ddr_byte_lane_D/if_d1[3]
    IN_FIFO_X1Y7         IN_FIFO                                      r  u_ddr3/u_mig/u_mig_7series_0_mig/u_memc_ui_top_axi/mem_intfc0/ddr_phy_top0/u_ddr_mc_phy_wrapper/u_ddr_mc_phy/ddr_phy_4lanes_0.u_ddr_phy_4lanes/ddr_byte_lane_D.ddr_byte_lane_D/in_fifo_gen.in_fifo/D1[3]
  -------------------------------------------------------------------    -------------------

                         (clock iserdes_clkdiv_1 rise edge)
                                                     10.000    10.000 r  
    R4                                                0.000    10.000 r  sys_clk (IN)
                         net (fo=0)                   0.000    10.000    u_clock_and_reset/clk_wiz_0/inst/clk_in1
    R4                   IBUF (Prop_ibuf_I_O)         1.366    11.366 r  u_clock_and_reset/clk_wiz_0/inst/clkin1_ibufg/O
                         net (fo=1, routed)           1.004    12.369    u_clock_and_reset/clk_wiz_0/inst/clk_in1_clk_wiz_0
    MMCME2_ADV_X1Y0      MMCME2_ADV (Prop_mmcme2_adv_CLKIN1_CLKOUT0)
                                                     -6.057     6.312 r  u_clock_and_reset/clk_wiz_0/inst/mmcm_adv_inst/CLKOUT0
                         net (fo=1, routed)           1.352     7.665    u_clock_and_reset/clk_wiz_0/inst/clk_out1_clk_wiz_0
    BUFGCTRL_X0Y1        BUFG (Prop_bufg_I_O)         0.077     7.742 r  u_clock_and_reset/clk_wiz_0/inst/clkout1_buf/O
                         net (fo=64, routed)          1.290     9.032    u_ddr3/u_mig/u_mig_7series_0_mig/u_ddr3_infrastructure/CLK
    PLLE2_ADV_X1Y1       PLLE2_ADV (Prop_plle2_adv_CLKIN1_CLKOUT0)
                                                      0.073     9.105 r  u_ddr3/u_mig/u_mig_7series_0_mig/u_ddr3_infrastructure/plle2_i/CLKOUT0
                         net (fo=7, routed)           0.481     9.586    u_ddr3/u_mig/u_mig_7series_0_mig/u_memc_ui_top_axi/mem_intfc0/ddr_phy_top0/u_ddr_mc_phy_wrapper/u_ddr_mc_phy/ddr_phy_4lanes_0.u_ddr_phy_4lanes/ddr_byte_lane_D.ddr_byte_lane_D/freq_refclk
    PHASER_IN_PHY_X1Y7   PHASER_IN_PHY (Prop_phaser_in_phy_FREQREFCLK_ICLK)
                                                      1.394    10.980 r  u_ddr3/u_mig/u_mig_7series_0_mig/u_memc_ui_top_axi/mem_intfc0/ddr_phy_top0/u_ddr_mc_phy_wrapper/u_ddr_mc_phy/ddr_phy_4lanes_0.u_ddr_phy_4lanes/ddr_byte_lane_D.ddr_byte_lane_D/phaser_in_gen.phaser_in/ICLK
    PHASER_IN_PHY_X1Y7   PHASER_IN_PHY (Prop_phaser_in_phy_ICLK_ICLKDIV)
                                                      0.145    11.125 r  u_ddr3/u_mig/u_mig_7series_0_mig/u_memc_ui_top_axi/mem_intfc0/ddr_phy_top0/u_ddr_mc_phy_wrapper/u_ddr_mc_phy/ddr_phy_4lanes_0.u_ddr_phy_4lanes/ddr_byte_lane_D.ddr_byte_lane_D/phaser_in_gen.phaser_in/ICLKDIV
                         net (fo=9, routed)           0.000    11.125    u_ddr3/u_mig/u_mig_7series_0_mig/u_memc_ui_top_axi/mem_intfc0/ddr_phy_top0/u_ddr_mc_phy_wrapper/u_ddr_mc_phy/ddr_phy_4lanes_0.u_ddr_phy_4lanes/ddr_byte_lane_D.ddr_byte_lane_D/iserdes_clkdiv
    IN_FIFO_X1Y7         IN_FIFO                                      r  u_ddr3/u_mig/u_mig_7series_0_mig/u_memc_ui_top_axi/mem_intfc0/ddr_phy_top0/u_ddr_mc_phy_wrapper/u_ddr_mc_phy/ddr_phy_4lanes_0.u_ddr_phy_4lanes/ddr_byte_lane_D.ddr_byte_lane_D/in_fifo_gen.in_fifo/WRCLK
                         clock pessimism              0.513    11.638    
                         clock uncertainty           -0.056    11.582    
    IN_FIFO_X1Y7         IN_FIFO (Setup_in_fifo_WRCLK_D1[3])
                                                     -0.506    11.076    u_ddr3/u_mig/u_mig_7series_0_mig/u_memc_ui_top_axi/mem_intfc0/ddr_phy_top0/u_ddr_mc_phy_wrapper/u_ddr_mc_phy/ddr_phy_4lanes_0.u_ddr_phy_4lanes/ddr_byte_lane_D.ddr_byte_lane_D/in_fifo_gen.in_fifo
  -------------------------------------------------------------------
                         required time                         11.076    
                         arrival time                          -2.824    
  -------------------------------------------------------------------
                         slack                                  8.252    





Min Delay Paths
--------------------------------------------------------------------------------------
Slack (MET) :             0.071ns  (arrival time - required time)
  Source:                 u_ddr3/u_mig/u_mig_7series_0_mig/u_memc_ui_top_axi/mem_intfc0/ddr_phy_top0/u_ddr_mc_phy_wrapper/u_ddr_mc_phy/ddr_phy_4lanes_0.u_ddr_phy_4lanes/ddr_byte_lane_D.ddr_byte_lane_D/phaser_in_gen.phaser_in/ICLKDIV
                            (rising edge-triggered cell PHASER_IN_PHY clocked by iserdes_clkdiv_1  {rise@0.000ns fall@5.000ns period=10.000ns})
  Destination:            u_ddr3/u_mig/u_mig_7series_0_mig/u_memc_ui_top_axi/mem_intfc0/ddr_phy_top0/u_ddr_mc_phy_wrapper/u_ddr_mc_phy/ddr_phy_4lanes_0.u_ddr_phy_4lanes/ddr_byte_lane_D.ddr_byte_lane_D/in_fifo_gen.in_fifo/WREN
                            (rising edge-triggered cell IN_FIFO clocked by iserdes_clkdiv_1  {rise@0.000ns fall@5.000ns period=10.000ns})
  Path Group:             iserdes_clkdiv_1
  Path Type:              Hold (Min at Fast Process Corner)
  Requirement:            0.000ns  (iserdes_clkdiv_1 rise@0.000ns - iserdes_clkdiv_1 rise@0.000ns)
  Data Path Delay:        0.058ns  (logic 0.058ns (100.000%)  route 0.000ns (0.000%))
  Logic Levels:           0  
  Clock Path Skew:        0.000ns (DCD - SCD - CPR)
    Destination Clock Delay (DCD):    0.752ns
    Source Clock Delay      (SCD):    0.939ns
    Clock Pessimism Removal (CPR):    -0.187ns

    Location             Delay type                Incr(ns)  Path(ns)    Netlist Resource(s)
  -------------------------------------------------------------------    -------------------
                         (clock iserdes_clkdiv_1 rise edge)
                                                      0.000     0.000 r  
    R4                                                0.000     0.000 r  sys_clk (IN)
                         net (fo=0)                   0.000     0.000    u_clock_and_reset/clk_wiz_0/inst/clk_in1
    R4                   IBUF (Prop_ibuf_I_O)         0.269     0.269 r  u_clock_and_reset/clk_wiz_0/inst/clkin1_ibufg/O
                         net (fo=1, routed)           0.440     0.709    u_clock_and_reset/clk_wiz_0/inst/clk_in1_clk_wiz_0
    MMCME2_ADV_X1Y0      MMCME2_ADV (Prop_mmcme2_adv_CLKIN1_CLKOUT0)
                                                     -2.360    -1.651 r  u_clock_and_reset/clk_wiz_0/inst/mmcm_adv_inst/CLKOUT0
                         net (fo=1, routed)           0.486    -1.165    u_clock_and_reset/clk_wiz_0/inst/clk_out1_clk_wiz_0
    BUFGCTRL_X0Y1        BUFG (Prop_bufg_I_O)         0.026    -1.139 r  u_clock_and_reset/clk_wiz_0/inst/clkout1_buf/O
                         net (fo=64, routed)          0.552    -0.587    u_ddr3/u_mig/u_mig_7series_0_mig/u_ddr3_infrastructure/CLK
    PLLE2_ADV_X1Y1       PLLE2_ADV (Prop_plle2_adv_CLKIN1_CLKOUT0)
                                                      0.050    -0.537 r  u_ddr3/u_mig/u_mig_7series_0_mig/u_ddr3_infrastructure/plle2_i/CLKOUT0
                         net (fo=7, routed)           0.191    -0.346    u_ddr3/u_mig/u_mig_7series_0_mig/u_memc_ui_top_axi/mem_intfc0/ddr_phy_top0/u_ddr_mc_phy_wrapper/u_ddr_mc_phy/ddr_phy_4lanes_0.u_ddr_phy_4lanes/ddr_byte_lane_D.ddr_byte_lane_D/freq_refclk
    PHASER_IN_PHY_X1Y7   PHASER_IN_PHY (Prop_phaser_in_phy_FREQREFCLK_ICLK)
                                                      1.195     0.849 r  u_ddr3/u_mig/u_mig_7series_0_mig/u_memc_ui_top_axi/mem_intfc0/ddr_phy_top0/u_ddr_mc_phy_wrapper/u_ddr_mc_phy/ddr_phy_4lanes_0.u_ddr_phy_4lanes/ddr_byte_lane_D.ddr_byte_lane_D/phaser_in_gen.phaser_in/ICLK
    PHASER_IN_PHY_X1Y7   PHASER_IN_PHY (Prop_phaser_in_phy_ICLK_ICLKDIV)
                                                      0.090     0.939 r  u_ddr3/u_mig/u_mig_7series_0_mig/u_memc_ui_top_axi/mem_intfc0/ddr_phy_top0/u_ddr_mc_phy_wrapper/u_ddr_mc_phy/ddr_phy_4lanes_0.u_ddr_phy_4lanes/ddr_byte_lane_D.ddr_byte_lane_D/phaser_in_gen.phaser_in/ICLKDIV
  -------------------------------------------------------------------    -------------------
    PHASER_IN_PHY_X1Y7   PHASER_IN_PHY (Prop_phaser_in_phy_ICLKDIV_WRENABLE)
                                                      0.058     0.997 r  u_ddr3/u_mig/u_mig_7series_0_mig/u_memc_ui_top_axi/mem_intfc0/ddr_phy_top0/u_ddr_mc_phy_wrapper/u_ddr_mc_phy/ddr_phy_4lanes_0.u_ddr_phy_4lanes/ddr_byte_lane_D.ddr_byte_lane_D/phaser_in_gen.phaser_in/WRENABLE
                         net (fo=1, routed)           0.000     0.997    u_ddr3/u_mig/u_mig_7series_0_mig/u_memc_ui_top_axi/mem_intfc0/ddr_phy_top0/u_ddr_mc_phy_wrapper/u_ddr_mc_phy/ddr_phy_4lanes_0.u_ddr_phy_4lanes/ddr_byte_lane_D.ddr_byte_lane_D/ififo_wr_enable
    IN_FIFO_X1Y7         IN_FIFO                                      r  u_ddr3/u_mig/u_mig_7series_0_mig/u_memc_ui_top_axi/mem_intfc0/ddr_phy_top0/u_ddr_mc_phy_wrapper/u_ddr_mc_phy/ddr_phy_4lanes_0.u_ddr_phy_4lanes/ddr_byte_lane_D.ddr_byte_lane_D/in_fifo_gen.in_fifo/WREN
  -------------------------------------------------------------------    -------------------

                         (clock iserdes_clkdiv_1 rise edge)
                                                      0.000     0.000 r  
    R4                                                0.000     0.000 r  sys_clk (IN)
                         net (fo=0)                   0.000     0.000    u_clock_and_reset/clk_wiz_0/inst/clk_in1
    R4                   IBUF (Prop_ibuf_I_O)         0.457     0.457 r  u_clock_and_reset/clk_wiz_0/inst/clkin1_ibufg/O
                         net (fo=1, routed)           0.480     0.937    u_clock_and_reset/clk_wiz_0/inst/clk_in1_clk_wiz_0
    MMCME2_ADV_X1Y0      MMCME2_ADV (Prop_mmcme2_adv_CLKIN1_CLKOUT0)
                                                     -3.142    -2.205 r  u_clock_and_reset/clk_wiz_0/inst/mmcm_adv_inst/CLKOUT0
                         net (fo=1, routed)           0.530    -1.676    u_clock_and_reset/clk_wiz_0/inst/clk_out1_clk_wiz_0
    BUFGCTRL_X0Y1        BUFG (Prop_bufg_I_O)         0.029    -1.647 r  u_clock_and_reset/clk_wiz_0/inst/clkout1_buf/O
                         net (fo=64, routed)          0.820    -0.827    u_ddr3/u_mig/u_mig_7series_0_mig/u_ddr3_infrastructure/CLK
    PLLE2_ADV_X1Y1       PLLE2_ADV (Prop_plle2_adv_CLKIN1_CLKOUT0)
                                                      0.053    -0.774 r  u_ddr3/u_mig/u_mig_7series_0_mig/u_ddr3_infrastructure/plle2_i/CLKOUT0
                         net (fo=7, routed)           0.211    -0.563    u_ddr3/u_mig/u_mig_7series_0_mig/u_memc_ui_top_axi/mem_intfc0/ddr_phy_top0/u_ddr_mc_phy_wrapper/u_ddr_mc_phy/ddr_phy_4lanes_0.u_ddr_phy_4lanes/ddr_byte_lane_D.ddr_byte_lane_D/freq_refclk
    PHASER_IN_PHY_X1Y7   PHASER_IN_PHY (Prop_phaser_in_phy_FREQREFCLK_ICLK)
                                                      1.219     0.656 r  u_ddr3/u_mig/u_mig_7series_0_mig/u_memc_ui_top_axi/mem_intfc0/ddr_phy_top0/u_ddr_mc_phy_wrapper/u_ddr_mc_phy/ddr_phy_4lanes_0.u_ddr_phy_4lanes/ddr_byte_lane_D.ddr_byte_lane_D/phaser_in_gen.phaser_in/ICLK
    PHASER_IN_PHY_X1Y7   PHASER_IN_PHY (Prop_phaser_in_phy_ICLK_ICLKDIV)
                                                      0.096     0.752 r  u_ddr3/u_mig/u_mig_7series_0_mig/u_memc_ui_top_axi/mem_intfc0/ddr_phy_top0/u_ddr_mc_phy_wrapper/u_ddr_mc_phy/ddr_phy_4lanes_0.u_ddr_phy_4lanes/ddr_byte_lane_D.ddr_byte_lane_D/phaser_in_gen.phaser_in/ICLKDIV
                         net (fo=9, routed)           0.000     0.752    u_ddr3/u_mig/u_mig_7series_0_mig/u_memc_ui_top_axi/mem_intfc0/ddr_phy_top0/u_ddr_mc_phy_wrapper/u_ddr_mc_phy/ddr_phy_4lanes_0.u_ddr_phy_4lanes/ddr_byte_lane_D.ddr_byte_lane_D/iserdes_clkdiv
    IN_FIFO_X1Y7         IN_FIFO                                      r  u_ddr3/u_mig/u_mig_7series_0_mig/u_memc_ui_top_axi/mem_intfc0/ddr_phy_top0/u_ddr_mc_phy_wrapper/u_ddr_mc_phy/ddr_phy_4lanes_0.u_ddr_phy_4lanes/ddr_byte_lane_D.ddr_byte_lane_D/in_fifo_gen.in_fifo/WRCLK
                         clock pessimism              0.187     0.939    
    IN_FIFO_X1Y7         IN_FIFO (Hold_in_fifo_WRCLK_WREN)
                                                     -0.013     0.926    u_ddr3/u_mig/u_mig_7series_0_mig/u_memc_ui_top_axi/mem_intfc0/ddr_phy_top0/u_ddr_mc_phy_wrapper/u_ddr_mc_phy/ddr_phy_4lanes_0.u_ddr_phy_4lanes/ddr_byte_lane_D.ddr_byte_lane_D/in_fifo_gen.in_fifo
  -------------------------------------------------------------------
                         required time                         -0.926    
                         arrival time                           0.997    
  -------------------------------------------------------------------
                         slack                                  0.071    





Pulse Width Checks
--------------------------------------------------------------------------------------
Clock Name:         iserdes_clkdiv_1
Waveform(ns):       { 0.000 5.000 }
Period(ns):         10.000
Sources:            { u_ddr3/u_mig/u_mig_7series_0_mig/u_memc_ui_top_axi/mem_intfc0/ddr_phy_top0/u_ddr_mc_phy_wrapper/u_ddr_mc_phy/ddr_phy_4lanes_0.u_ddr_phy_4lanes/ddr_byte_lane_D.ddr_byte_lane_D/phaser_in_gen.phaser_in/ICLKDIV }

Check Type        Corner  Lib Pin        Reference Pin  Required(ns)  Actual(ns)  Slack(ns)  Location      Pin
Min Period        n/a     IN_FIFO/WRCLK  n/a            5.000         10.000      5.000      IN_FIFO_X1Y7  u_ddr3/u_mig/u_mig_7series_0_mig/u_memc_ui_top_axi/mem_intfc0/ddr_phy_top0/u_ddr_mc_phy_wrapper/u_ddr_mc_phy/ddr_phy_4lanes_0.u_ddr_phy_4lanes/ddr_byte_lane_D.ddr_byte_lane_D/in_fifo_gen.in_fifo/WRCLK
Low Pulse Width   Slow    IN_FIFO/WRCLK  n/a            2.150         5.000       2.850      IN_FIFO_X1Y7  u_ddr3/u_mig/u_mig_7series_0_mig/u_memc_ui_top_axi/mem_intfc0/ddr_phy_top0/u_ddr_mc_phy_wrapper/u_ddr_mc_phy/ddr_phy_4lanes_0.u_ddr_phy_4lanes/ddr_byte_lane_D.ddr_byte_lane_D/in_fifo_gen.in_fifo/WRCLK
High Pulse Width  Slow    IN_FIFO/WRCLK  n/a            2.150         5.000       2.850      IN_FIFO_X1Y7  u_ddr3/u_mig/u_mig_7series_0_mig/u_memc_ui_top_axi/mem_intfc0/ddr_phy_top0/u_ddr_mc_phy_wrapper/u_ddr_mc_phy/ddr_phy_4lanes_0.u_ddr_phy_4lanes/ddr_byte_lane_D.ddr_byte_lane_D/in_fifo_gen.in_fifo/WRCLK



---------------------------------------------------------------------------------------------------
From Clock:  mem_refclk
  To Clock:  mem_refclk

Setup :            0  Failing Endpoints,  Worst Slack        1.412ns,  Total Violation        0.000ns
Hold  :            0  Failing Endpoints,  Worst Slack        0.336ns,  Total Violation        0.000ns
PW    :            0  Failing Endpoints,  Worst Slack        0.715ns,  Total Violation        0.000ns
---------------------------------------------------------------------------------------------------


Max Delay Paths
--------------------------------------------------------------------------------------
Slack (MET) :             1.412ns  (required time - arrival time)
  Source:                 u_ddr3/u_mig/u_mig_7series_0_mig/u_memc_ui_top_axi/mem_intfc0/ddr_phy_top0/u_ddr_mc_phy_wrapper/u_ddr_mc_phy/ddr_phy_4lanes_0.u_ddr_phy_4lanes/phy_control_i/MEMREFCLK
                            (rising edge-triggered cell PHY_CONTROL clocked by mem_refclk  {rise@0.000ns fall@1.250ns period=2.500ns})
  Destination:            u_ddr3/u_mig/u_mig_7series_0_mig/u_memc_ui_top_axi/mem_intfc0/ddr_phy_top0/u_ddr_mc_phy_wrapper/u_ddr_mc_phy/ddr_phy_4lanes_0.u_ddr_phy_4lanes/phy_control_i/PHYCTLMSTREMPTY
                            (rising edge-triggered cell PHY_CONTROL clocked by mem_refclk  {rise@0.000ns fall@1.250ns period=2.500ns})
  Path Group:             mem_refclk
  Path Type:              Setup (Max at Slow Process Corner)
  Requirement:            2.500ns  (mem_refclk rise@2.500ns - mem_refclk rise@0.000ns)
  Data Path Delay:        1.019ns  (logic 0.622ns (61.040%)  route 0.397ns (38.960%))
  Logic Levels:           0  
  Clock Path Skew:        0.000ns (DCD - SCD + CPR)
    Destination Clock Delay (DCD):    -0.394ns = ( 2.106 - 2.500 ) 
    Source Clock Delay      (SCD):    0.077ns
    Clock Pessimism Removal (CPR):    0.471ns
  Clock Uncertainty:      0.060ns  ((TSJ^2 + DJ^2)^1/2) / 2 + PE
    Total System Jitter     (TSJ):    0.071ns
    Discrete Jitter          (DJ):    0.096ns
    Phase Error              (PE):    0.000ns

    Location             Delay type                Incr(ns)  Path(ns)    Netlist Resource(s)
  -------------------------------------------------------------------    -------------------
                         (clock mem_refclk rise edge)
                                                      0.000     0.000 r  
    R4                                                0.000     0.000 r  sys_clk (IN)
                         net (fo=0)                   0.000     0.000    u_clock_and_reset/clk_wiz_0/inst/clk_in1
    R4                   IBUF (Prop_ibuf_I_O)         1.432     1.432 r  u_clock_and_reset/clk_wiz_0/inst/clkin1_ibufg/O
                         net (fo=1, routed)           1.065     2.497    u_clock_and_reset/clk_wiz_0/inst/clk_in1_clk_wiz_0
    MMCME2_ADV_X1Y0      MMCME2_ADV (Prop_mmcme2_adv_CLKIN1_CLKOUT0)
                                                     -5.921    -3.424 r  u_clock_and_reset/clk_wiz_0/inst/mmcm_adv_inst/CLKOUT0
                         net (fo=1, routed)           1.421    -2.004    u_clock_and_reset/clk_wiz_0/inst/clk_out1_clk_wiz_0
    BUFGCTRL_X0Y1        BUFG (Prop_bufg_I_O)         0.081    -1.923 r  u_clock_and_reset/clk_wiz_0/inst/clkout1_buf/O
                         net (fo=64, routed)          1.394    -0.528    u_ddr3/u_mig/u_mig_7series_0_mig/u_ddr3_infrastructure/CLK
    PLLE2_ADV_X1Y1       PLLE2_ADV (Prop_plle2_adv_CLKIN1_CLKOUT1)
                                                      0.077    -0.451 r  u_ddr3/u_mig/u_mig_7series_0_mig/u_ddr3_infrastructure/plle2_i/CLKOUT1
                         net (fo=7, routed)           0.528     0.077    u_ddr3/u_mig/u_mig_7series_0_mig/u_memc_ui_top_axi/mem_intfc0/ddr_phy_top0/u_ddr_mc_phy_wrapper/u_ddr_mc_phy/ddr_phy_4lanes_0.u_ddr_phy_4lanes/mem_refclk
    PHY_CONTROL_X1Y1     PHY_CONTROL                                  r  u_ddr3/u_mig/u_mig_7series_0_mig/u_memc_ui_top_axi/mem_intfc0/ddr_phy_top0/u_ddr_mc_phy_wrapper/u_ddr_mc_phy/ddr_phy_4lanes_0.u_ddr_phy_4lanes/phy_control_i/MEMREFCLK
  -------------------------------------------------------------------    -------------------
    PHY_CONTROL_X1Y1     PHY_CONTROL (Prop_phy_control_MEMREFCLK_PHYCTLEMPTY)
                                                      0.622     0.699 r  u_ddr3/u_mig/u_mig_7series_0_mig/u_memc_ui_top_axi/mem_intfc0/ddr_phy_top0/u_ddr_mc_phy_wrapper/u_ddr_mc_phy/ddr_phy_4lanes_0.u_ddr_phy_4lanes/phy_control_i/PHYCTLEMPTY
                         net (fo=1, routed)           0.397     1.096    u_ddr3/u_mig/u_mig_7series_0_mig/u_memc_ui_top_axi/mem_intfc0/ddr_phy_top0/u_ddr_mc_phy_wrapper/u_ddr_mc_phy/ddr_phy_4lanes_0.u_ddr_phy_4lanes/phy_control_i_n_1
    PHY_CONTROL_X1Y1     PHY_CONTROL                                  r  u_ddr3/u_mig/u_mig_7series_0_mig/u_memc_ui_top_axi/mem_intfc0/ddr_phy_top0/u_ddr_mc_phy_wrapper/u_ddr_mc_phy/ddr_phy_4lanes_0.u_ddr_phy_4lanes/phy_control_i/PHYCTLMSTREMPTY
  -------------------------------------------------------------------    -------------------

                         (clock mem_refclk rise edge)
                                                      2.500     2.500 r  
    R4                                                0.000     2.500 r  sys_clk (IN)
                         net (fo=0)                   0.000     2.500    u_clock_and_reset/clk_wiz_0/inst/clk_in1
    R4                   IBUF (Prop_ibuf_I_O)         1.366     3.866 r  u_clock_and_reset/clk_wiz_0/inst/clkin1_ibufg/O
                         net (fo=1, routed)           1.004     4.869    u_clock_and_reset/clk_wiz_0/inst/clk_in1_clk_wiz_0
    MMCME2_ADV_X1Y0      MMCME2_ADV (Prop_mmcme2_adv_CLKIN1_CLKOUT0)
                                                     -6.057    -1.188 r  u_clock_and_reset/clk_wiz_0/inst/mmcm_adv_inst/CLKOUT0
                         net (fo=1, routed)           1.352     0.165    u_clock_and_reset/clk_wiz_0/inst/clk_out1_clk_wiz_0
    BUFGCTRL_X0Y1        BUFG (Prop_bufg_I_O)         0.077     0.242 r  u_clock_and_reset/clk_wiz_0/inst/clkout1_buf/O
                         net (fo=64, routed)          1.290     1.532    u_ddr3/u_mig/u_mig_7series_0_mig/u_ddr3_infrastructure/CLK
    PLLE2_ADV_X1Y1       PLLE2_ADV (Prop_plle2_adv_CLKIN1_CLKOUT1)
                                                      0.073     1.605 r  u_ddr3/u_mig/u_mig_7series_0_mig/u_ddr3_infrastructure/plle2_i/CLKOUT1
                         net (fo=7, routed)           0.501     2.106    u_ddr3/u_mig/u_mig_7series_0_mig/u_memc_ui_top_axi/mem_intfc0/ddr_phy_top0/u_ddr_mc_phy_wrapper/u_ddr_mc_phy/ddr_phy_4lanes_0.u_ddr_phy_4lanes/mem_refclk
    PHY_CONTROL_X1Y1     PHY_CONTROL                                  r  u_ddr3/u_mig/u_mig_7series_0_mig/u_memc_ui_top_axi/mem_intfc0/ddr_phy_top0/u_ddr_mc_phy_wrapper/u_ddr_mc_phy/ddr_phy_4lanes_0.u_ddr_phy_4lanes/phy_control_i/MEMREFCLK
                         clock pessimism              0.471     2.577    
                         clock uncertainty           -0.060     2.517    
    PHY_CONTROL_X1Y1     PHY_CONTROL (Setup_phy_control_MEMREFCLK_PHYCTLMSTREMPTY)
                                                     -0.009     2.508    u_ddr3/u_mig/u_mig_7series_0_mig/u_memc_ui_top_axi/mem_intfc0/ddr_phy_top0/u_ddr_mc_phy_wrapper/u_ddr_mc_phy/ddr_phy_4lanes_0.u_ddr_phy_4lanes/phy_control_i
  -------------------------------------------------------------------
                         required time                          2.508    
                         arrival time                          -1.096    
  -------------------------------------------------------------------
                         slack                                  1.412    





Min Delay Paths
--------------------------------------------------------------------------------------
Slack (MET) :             0.336ns  (arrival time - required time)
  Source:                 u_ddr3/u_mig/u_mig_7series_0_mig/u_memc_ui_top_axi/mem_intfc0/ddr_phy_top0/u_ddr_mc_phy_wrapper/u_ddr_mc_phy/ddr_phy_4lanes_0.u_ddr_phy_4lanes/phy_control_i/MEMREFCLK
                            (rising edge-triggered cell PHY_CONTROL clocked by mem_refclk  {rise@0.000ns fall@1.250ns period=2.500ns})
  Destination:            u_ddr3/u_mig/u_mig_7series_0_mig/u_memc_ui_top_axi/mem_intfc0/ddr_phy_top0/u_ddr_mc_phy_wrapper/u_ddr_mc_phy/ddr_phy_4lanes_0.u_ddr_phy_4lanes/phy_control_i/PHYCTLMSTREMPTY
                            (rising edge-triggered cell PHY_CONTROL clocked by mem_refclk  {rise@0.000ns fall@1.250ns period=2.500ns})
  Path Group:             mem_refclk
  Path Type:              Hold (Min at Fast Process Corner)
  Requirement:            0.000ns  (mem_refclk rise@0.000ns - mem_refclk rise@0.000ns)
  Data Path Delay:        0.459ns  (logic 0.313ns (68.192%)  route 0.146ns (31.808%))
  Logic Levels:           0  
  Clock Path Skew:        0.000ns (DCD - SCD - CPR)
    Destination Clock Delay (DCD):    -0.559ns
    Source Clock Delay      (SCD):    -0.342ns
    Clock Pessimism Removal (CPR):    -0.217ns

    Location             Delay type                Incr(ns)  Path(ns)    Netlist Resource(s)
  -------------------------------------------------------------------    -------------------
                         (clock mem_refclk rise edge)
                                                      0.000     0.000 r  
    R4                                                0.000     0.000 r  sys_clk (IN)
                         net (fo=0)                   0.000     0.000    u_clock_and_reset/clk_wiz_0/inst/clk_in1
    R4                   IBUF (Prop_ibuf_I_O)         0.269     0.269 r  u_clock_and_reset/clk_wiz_0/inst/clkin1_ibufg/O
                         net (fo=1, routed)           0.440     0.709    u_clock_and_reset/clk_wiz_0/inst/clk_in1_clk_wiz_0
    MMCME2_ADV_X1Y0      MMCME2_ADV (Prop_mmcme2_adv_CLKIN1_CLKOUT0)
                                                     -2.360    -1.651 r  u_clock_and_reset/clk_wiz_0/inst/mmcm_adv_inst/CLKOUT0
                         net (fo=1, routed)           0.486    -1.165    u_clock_and_reset/clk_wiz_0/inst/clk_out1_clk_wiz_0
    BUFGCTRL_X0Y1        BUFG (Prop_bufg_I_O)         0.026    -1.139 r  u_clock_and_reset/clk_wiz_0/inst/clkout1_buf/O
                         net (fo=64, routed)          0.552    -0.587    u_ddr3/u_mig/u_mig_7series_0_mig/u_ddr3_infrastructure/CLK
    PLLE2_ADV_X1Y1       PLLE2_ADV (Prop_plle2_adv_CLKIN1_CLKOUT1)
                                                      0.050    -0.537 r  u_ddr3/u_mig/u_mig_7series_0_mig/u_ddr3_infrastructure/plle2_i/CLKOUT1
                         net (fo=7, routed)           0.195    -0.342    u_ddr3/u_mig/u_mig_7series_0_mig/u_memc_ui_top_axi/mem_intfc0/ddr_phy_top0/u_ddr_mc_phy_wrapper/u_ddr_mc_phy/ddr_phy_4lanes_0.u_ddr_phy_4lanes/mem_refclk
    PHY_CONTROL_X1Y1     PHY_CONTROL                                  r  u_ddr3/u_mig/u_mig_7series_0_mig/u_memc_ui_top_axi/mem_intfc0/ddr_phy_top0/u_ddr_mc_phy_wrapper/u_ddr_mc_phy/ddr_phy_4lanes_0.u_ddr_phy_4lanes/phy_control_i/MEMREFCLK
  -------------------------------------------------------------------    -------------------
    PHY_CONTROL_X1Y1     PHY_CONTROL (Prop_phy_control_MEMREFCLK_PHYCTLEMPTY)
                                                      0.313    -0.029 r  u_ddr3/u_mig/u_mig_7series_0_mig/u_memc_ui_top_axi/mem_intfc0/ddr_phy_top0/u_ddr_mc_phy_wrapper/u_ddr_mc_phy/ddr_phy_4lanes_0.u_ddr_phy_4lanes/phy_control_i/PHYCTLEMPTY
                         net (fo=1, routed)           0.146     0.117    u_ddr3/u_mig/u_mig_7series_0_mig/u_memc_ui_top_axi/mem_intfc0/ddr_phy_top0/u_ddr_mc_phy_wrapper/u_ddr_mc_phy/ddr_phy_4lanes_0.u_ddr_phy_4lanes/phy_control_i_n_1
    PHY_CONTROL_X1Y1     PHY_CONTROL                                  r  u_ddr3/u_mig/u_mig_7series_0_mig/u_memc_ui_top_axi/mem_intfc0/ddr_phy_top0/u_ddr_mc_phy_wrapper/u_ddr_mc_phy/ddr_phy_4lanes_0.u_ddr_phy_4lanes/phy_control_i/PHYCTLMSTREMPTY
  -------------------------------------------------------------------    -------------------

                         (clock mem_refclk rise edge)
                                                      0.000     0.000 r  
    R4                                                0.000     0.000 r  sys_clk (IN)
                         net (fo=0)                   0.000     0.000    u_clock_and_reset/clk_wiz_0/inst/clk_in1
    R4                   IBUF (Prop_ibuf_I_O)         0.457     0.457 r  u_clock_and_reset/clk_wiz_0/inst/clkin1_ibufg/O
                         net (fo=1, routed)           0.480     0.937    u_clock_and_reset/clk_wiz_0/inst/clk_in1_clk_wiz_0
    MMCME2_ADV_X1Y0      MMCME2_ADV (Prop_mmcme2_adv_CLKIN1_CLKOUT0)
                                                     -3.142    -2.205 r  u_clock_and_reset/clk_wiz_0/inst/mmcm_adv_inst/CLKOUT0
                         net (fo=1, routed)           0.530    -1.676    u_clock_and_reset/clk_wiz_0/inst/clk_out1_clk_wiz_0
    BUFGCTRL_X0Y1        BUFG (Prop_bufg_I_O)         0.029    -1.647 r  u_clock_and_reset/clk_wiz_0/inst/clkout1_buf/O
                         net (fo=64, routed)          0.820    -0.827    u_ddr3/u_mig/u_mig_7series_0_mig/u_ddr3_infrastructure/CLK
    PLLE2_ADV_X1Y1       PLLE2_ADV (Prop_plle2_adv_CLKIN1_CLKOUT1)
                                                      0.053    -0.774 r  u_ddr3/u_mig/u_mig_7series_0_mig/u_ddr3_infrastructure/plle2_i/CLKOUT1
                         net (fo=7, routed)           0.215    -0.559    u_ddr3/u_mig/u_mig_7series_0_mig/u_memc_ui_top_axi/mem_intfc0/ddr_phy_top0/u_ddr_mc_phy_wrapper/u_ddr_mc_phy/ddr_phy_4lanes_0.u_ddr_phy_4lanes/mem_refclk
    PHY_CONTROL_X1Y1     PHY_CONTROL                                  r  u_ddr3/u_mig/u_mig_7series_0_mig/u_memc_ui_top_axi/mem_intfc0/ddr_phy_top0/u_ddr_mc_phy_wrapper/u_ddr_mc_phy/ddr_phy_4lanes_0.u_ddr_phy_4lanes/phy_control_i/MEMREFCLK
                         clock pessimism              0.217    -0.342    
    PHY_CONTROL_X1Y1     PHY_CONTROL (Hold_phy_control_MEMREFCLK_PHYCTLMSTREMPTY)
                                                      0.123    -0.219    u_ddr3/u_mig/u_mig_7series_0_mig/u_memc_ui_top_axi/mem_intfc0/ddr_phy_top0/u_ddr_mc_phy_wrapper/u_ddr_mc_phy/ddr_phy_4lanes_0.u_ddr_phy_4lanes/phy_control_i
  -------------------------------------------------------------------
                         required time                          0.219    
                         arrival time                           0.117    
  -------------------------------------------------------------------
                         slack                                  0.336    





Pulse Width Checks
--------------------------------------------------------------------------------------
Clock Name:         mem_refclk
Waveform(ns):       { 0.000 1.250 }
Period(ns):         2.500
Sources:            { u_ddr3/u_mig/u_mig_7series_0_mig/u_ddr3_infrastructure/plle2_i/CLKOUT1 }

Check Type        Corner  Lib Pin                Reference Pin  Required(ns)  Actual(ns)  Slack(ns)  Location          Pin
Min Period        n/a     PHY_CONTROL/MEMREFCLK  n/a            1.475         2.500       1.025      PHY_CONTROL_X1Y1  u_ddr3/u_mig/u_mig_7series_0_mig/u_memc_ui_top_axi/mem_intfc0/ddr_phy_top0/u_ddr_mc_phy_wrapper/u_ddr_mc_phy/ddr_phy_4lanes_0.u_ddr_phy_4lanes/phy_control_i/MEMREFCLK
Max Period        n/a     PLLE2_ADV/CLKOUT1      n/a            160.000       2.500       157.500    PLLE2_ADV_X1Y1    u_ddr3/u_mig/u_mig_7series_0_mig/u_ddr3_infrastructure/plle2_i/CLKOUT1
Low Pulse Width   Fast    PHY_CONTROL/MEMREFCLK  n/a            0.535         1.250       0.715      PHY_CONTROL_X1Y1  u_ddr3/u_mig/u_mig_7series_0_mig/u_memc_ui_top_axi/mem_intfc0/ddr_phy_top0/u_ddr_mc_phy_wrapper/u_ddr_mc_phy/ddr_phy_4lanes_0.u_ddr_phy_4lanes/phy_control_i/MEMREFCLK
High Pulse Width  Slow    PHY_CONTROL/MEMREFCLK  n/a            0.535         1.250       0.715      PHY_CONTROL_X1Y1  u_ddr3/u_mig/u_mig_7series_0_mig/u_memc_ui_top_axi/mem_intfc0/ddr_phy_top0/u_ddr_mc_phy_wrapper/u_ddr_mc_phy/ddr_phy_4lanes_0.u_ddr_phy_4lanes/phy_control_i/MEMREFCLK



---------------------------------------------------------------------------------------------------
From Clock:  oserdes_clk
  To Clock:  oserdes_clk

Setup :           NA  Failing Endpoints,  Worst Slack           NA  ,  Total Violation           NA
Hold  :           NA  Failing Endpoints,  Worst Slack           NA  ,  Total Violation           NA
PW    :            0  Failing Endpoints,  Worst Slack        1.026ns,  Total Violation        0.000ns
---------------------------------------------------------------------------------------------------


Pulse Width Checks
--------------------------------------------------------------------------------------
Clock Name:         oserdes_clk
Waveform(ns):       { 0.000 1.250 }
Period(ns):         2.500
Sources:            { u_ddr3/u_mig/u_mig_7series_0_mig/u_memc_ui_top_axi/mem_intfc0/ddr_phy_top0/u_ddr_mc_phy_wrapper/u_ddr_mc_phy/ddr_phy_4lanes_0.u_ddr_phy_4lanes/ddr_byte_lane_A.ddr_byte_lane_A/phaser_out/OCLK }

Check Type  Corner  Lib Pin  Reference Pin  Required(ns)  Actual(ns)  Slack(ns)  Location      Pin
Min Period  n/a     ODDR/C   n/a            1.474         2.500       1.026      OLOGIC_X1Y58  u_ddr3/u_mig/u_mig_7series_0_mig/u_memc_ui_top_axi/mem_intfc0/ddr_phy_top0/u_ddr_mc_phy_wrapper/u_ddr_mc_phy/ddr_phy_4lanes_0.u_ddr_phy_4lanes/ddr_byte_lane_A.ddr_byte_lane_A/ddr_ck_gen_loop[0].ddr_ck_gen.ddr_ck/C



---------------------------------------------------------------------------------------------------
From Clock:  oserdes_clkdiv
  To Clock:  oserdes_clkdiv

Setup :            0  Failing Endpoints,  Worst Slack        8.405ns,  Total Violation        0.000ns
Hold  :            0  Failing Endpoints,  Worst Slack        0.088ns,  Total Violation        0.000ns
PW    :            0  Failing Endpoints,  Worst Slack        2.850ns,  Total Violation        0.000ns
---------------------------------------------------------------------------------------------------


Max Delay Paths
--------------------------------------------------------------------------------------
Slack (MET) :             8.405ns  (required time - arrival time)
  Source:                 u_ddr3/u_mig/u_mig_7series_0_mig/u_memc_ui_top_axi/mem_intfc0/ddr_phy_top0/u_ddr_mc_phy_wrapper/u_ddr_mc_phy/ddr_phy_4lanes_0.u_ddr_phy_4lanes/ddr_byte_lane_A.ddr_byte_lane_A/out_fifo/RDCLK
                            (rising edge-triggered cell OUT_FIFO clocked by oserdes_clkdiv  {rise@0.000ns fall@5.000ns period=10.000ns})
  Destination:            u_ddr3/u_mig/u_mig_7series_0_mig/u_memc_ui_top_axi/mem_intfc0/ddr_phy_top0/u_ddr_mc_phy_wrapper/u_ddr_mc_phy/ddr_phy_4lanes_0.u_ddr_phy_4lanes/ddr_byte_lane_A.ddr_byte_lane_A/ddr_byte_group_io/output_[11].oserdes_dq_.sdr.oserdes_dq_i/D4
                            (rising edge-triggered cell OSERDESE2 clocked by oserdes_clkdiv  {rise@0.000ns fall@5.000ns period=10.000ns})
  Path Group:             oserdes_clkdiv
  Path Type:              Setup (Max at Slow Process Corner)
  Requirement:            10.000ns  (oserdes_clkdiv rise@10.000ns - oserdes_clkdiv rise@0.000ns)
  Data Path Delay:        1.429ns  (logic 0.596ns (41.693%)  route 0.833ns (58.307%))
  Logic Levels:           0  
  Clock Path Skew:        0.343ns (DCD - SCD + CPR)
    Destination Clock Delay (DCD):    2.104ns = ( 12.104 - 10.000 ) 
    Source Clock Delay      (SCD):    2.295ns
    Clock Pessimism Removal (CPR):    0.534ns
  Clock Uncertainty:      0.060ns  ((TSJ^2 + DJ^2)^1/2) / 2 + PE
    Total System Jitter     (TSJ):    0.071ns
    Discrete Jitter          (DJ):    0.096ns
    Phase Error              (PE):    0.000ns

    Location             Delay type                Incr(ns)  Path(ns)    Netlist Resource(s)
  -------------------------------------------------------------------    -------------------
                         (clock oserdes_clkdiv rise edge)
                                                      0.000     0.000 r  
    R4                                                0.000     0.000 r  sys_clk (IN)
                         net (fo=0)                   0.000     0.000    u_clock_and_reset/clk_wiz_0/inst/clk_in1
    R4                   IBUF (Prop_ibuf_I_O)         1.432     1.432 r  u_clock_and_reset/clk_wiz_0/inst/clkin1_ibufg/O
                         net (fo=1, routed)           1.065     2.497    u_clock_and_reset/clk_wiz_0/inst/clk_in1_clk_wiz_0
    MMCME2_ADV_X1Y0      MMCME2_ADV (Prop_mmcme2_adv_CLKIN1_CLKOUT0)
                                                     -5.921    -3.424 r  u_clock_and_reset/clk_wiz_0/inst/mmcm_adv_inst/CLKOUT0
                         net (fo=1, routed)           1.421    -2.004    u_clock_and_reset/clk_wiz_0/inst/clk_out1_clk_wiz_0
    BUFGCTRL_X0Y1        BUFG (Prop_bufg_I_O)         0.081    -1.923 r  u_clock_and_reset/clk_wiz_0/inst/clkout1_buf/O
                         net (fo=64, routed)          1.394    -0.528    u_ddr3/u_mig/u_mig_7series_0_mig/u_ddr3_infrastructure/CLK
    PLLE2_ADV_X1Y1       PLLE2_ADV (Prop_plle2_adv_CLKIN1_CLKOUT1)
                                                      0.077    -0.451 r  u_ddr3/u_mig/u_mig_7series_0_mig/u_ddr3_infrastructure/plle2_i/CLKOUT1
                         net (fo=7, routed)           0.522     0.071    u_ddr3/u_mig/u_mig_7series_0_mig/u_memc_ui_top_axi/mem_intfc0/ddr_phy_top0/u_ddr_mc_phy_wrapper/u_ddr_mc_phy/ddr_phy_4lanes_0.u_ddr_phy_4lanes/ddr_byte_lane_A.ddr_byte_lane_A/mem_refclk
    PHASER_OUT_PHY_X1Y4  PHASER_OUT_PHY (Prop_phaser_out_phy_MEMREFCLK_OCLK)
                                                      2.083     2.154 r  u_ddr3/u_mig/u_mig_7series_0_mig/u_memc_ui_top_axi/mem_intfc0/ddr_phy_top0/u_ddr_mc_phy_wrapper/u_ddr_mc_phy/ddr_phy_4lanes_0.u_ddr_phy_4lanes/ddr_byte_lane_A.ddr_byte_lane_A/phaser_out/OCLK
    PHASER_OUT_PHY_X1Y4  PHASER_OUT_PHY (Prop_phaser_out_phy_OCLK_OCLKDIV)
                                                      0.141     2.295 r  u_ddr3/u_mig/u_mig_7series_0_mig/u_memc_ui_top_axi/mem_intfc0/ddr_phy_top0/u_ddr_mc_phy_wrapper/u_ddr_mc_phy/ddr_phy_4lanes_0.u_ddr_phy_4lanes/ddr_byte_lane_A.ddr_byte_lane_A/phaser_out/OCLKDIV
                         net (fo=12, routed)          0.000     2.295    u_ddr3/u_mig/u_mig_7series_0_mig/u_memc_ui_top_axi/mem_intfc0/ddr_phy_top0/u_ddr_mc_phy_wrapper/u_ddr_mc_phy/ddr_phy_4lanes_0.u_ddr_phy_4lanes/ddr_byte_lane_A.ddr_byte_lane_A/oserdes_clkdiv
    OUT_FIFO_X1Y4        OUT_FIFO                                     r  u_ddr3/u_mig/u_mig_7series_0_mig/u_memc_ui_top_axi/mem_intfc0/ddr_phy_top0/u_ddr_mc_phy_wrapper/u_ddr_mc_phy/ddr_phy_4lanes_0.u_ddr_phy_4lanes/ddr_byte_lane_A.ddr_byte_lane_A/out_fifo/RDCLK
  -------------------------------------------------------------------    -------------------
    OUT_FIFO_X1Y4        OUT_FIFO (Prop_out_fifo_RDCLK_Q6[7])
                                                      0.596     2.891 r  u_ddr3/u_mig/u_mig_7series_0_mig/u_memc_ui_top_axi/mem_intfc0/ddr_phy_top0/u_ddr_mc_phy_wrapper/u_ddr_mc_phy/ddr_phy_4lanes_0.u_ddr_phy_4lanes/ddr_byte_lane_A.ddr_byte_lane_A/out_fifo/Q6[7]
                         net (fo=1, routed)           0.833     3.724    u_ddr3/u_mig/u_mig_7series_0_mig/u_memc_ui_top_axi/mem_intfc0/ddr_phy_top0/u_ddr_mc_phy_wrapper/u_ddr_mc_phy/ddr_phy_4lanes_0.u_ddr_phy_4lanes/ddr_byte_lane_A.ddr_byte_lane_A/ddr_byte_group_io/oserdes_dq[43]
    OLOGIC_X1Y50         OSERDESE2                                    r  u_ddr3/u_mig/u_mig_7series_0_mig/u_memc_ui_top_axi/mem_intfc0/ddr_phy_top0/u_ddr_mc_phy_wrapper/u_ddr_mc_phy/ddr_phy_4lanes_0.u_ddr_phy_4lanes/ddr_byte_lane_A.ddr_byte_lane_A/ddr_byte_group_io/output_[11].oserdes_dq_.sdr.oserdes_dq_i/D4
  -------------------------------------------------------------------    -------------------

                         (clock oserdes_clkdiv rise edge)
                                                     10.000    10.000 r  
    R4                                                0.000    10.000 r  sys_clk (IN)
                         net (fo=0)                   0.000    10.000    u_clock_and_reset/clk_wiz_0/inst/clk_in1
    R4                   IBUF (Prop_ibuf_I_O)         1.366    11.366 r  u_clock_and_reset/clk_wiz_0/inst/clkin1_ibufg/O
                         net (fo=1, routed)           1.004    12.369    u_clock_and_reset/clk_wiz_0/inst/clk_in1_clk_wiz_0
    MMCME2_ADV_X1Y0      MMCME2_ADV (Prop_mmcme2_adv_CLKIN1_CLKOUT0)
                                                     -6.057     6.312 r  u_clock_and_reset/clk_wiz_0/inst/mmcm_adv_inst/CLKOUT0
                         net (fo=1, routed)           1.352     7.665    u_clock_and_reset/clk_wiz_0/inst/clk_out1_clk_wiz_0
    BUFGCTRL_X0Y1        BUFG (Prop_bufg_I_O)         0.077     7.742 r  u_clock_and_reset/clk_wiz_0/inst/clkout1_buf/O
                         net (fo=64, routed)          1.290     9.032    u_ddr3/u_mig/u_mig_7series_0_mig/u_ddr3_infrastructure/CLK
    PLLE2_ADV_X1Y1       PLLE2_ADV (Prop_plle2_adv_CLKIN1_CLKOUT1)
                                                      0.073     9.105 r  u_ddr3/u_mig/u_mig_7series_0_mig/u_ddr3_infrastructure/plle2_i/CLKOUT1
                         net (fo=7, routed)           0.496     9.601    u_ddr3/u_mig/u_mig_7series_0_mig/u_memc_ui_top_axi/mem_intfc0/ddr_phy_top0/u_ddr_mc_phy_wrapper/u_ddr_mc_phy/ddr_phy_4lanes_0.u_ddr_phy_4lanes/ddr_byte_lane_A.ddr_byte_lane_A/mem_refclk
    PHASER_OUT_PHY_X1Y4  PHASER_OUT_PHY (Prop_phaser_out_phy_MEMREFCLK_OCLK)
                                                      2.027    11.628 r  u_ddr3/u_mig/u_mig_7series_0_mig/u_memc_ui_top_axi/mem_intfc0/ddr_phy_top0/u_ddr_mc_phy_wrapper/u_ddr_mc_phy/ddr_phy_4lanes_0.u_ddr_phy_4lanes/ddr_byte_lane_A.ddr_byte_lane_A/phaser_out/OCLK
    PHASER_OUT_PHY_X1Y4  PHASER_OUT_PHY (Prop_phaser_out_phy_OCLK_OCLKDIV)
                                                      0.133    11.761 r  u_ddr3/u_mig/u_mig_7series_0_mig/u_memc_ui_top_axi/mem_intfc0/ddr_phy_top0/u_ddr_mc_phy_wrapper/u_ddr_mc_phy/ddr_phy_4lanes_0.u_ddr_phy_4lanes/ddr_byte_lane_A.ddr_byte_lane_A/phaser_out/OCLKDIV
                         net (fo=12, routed)          0.343    12.104    u_ddr3/u_mig/u_mig_7series_0_mig/u_memc_ui_top_axi/mem_intfc0/ddr_phy_top0/u_ddr_mc_phy_wrapper/u_ddr_mc_phy/ddr_phy_4lanes_0.u_ddr_phy_4lanes/ddr_byte_lane_A.ddr_byte_lane_A/ddr_byte_group_io/oserdes_clkdiv
    OLOGIC_X1Y50         OSERDESE2                                    r  u_ddr3/u_mig/u_mig_7series_0_mig/u_memc_ui_top_axi/mem_intfc0/ddr_phy_top0/u_ddr_mc_phy_wrapper/u_ddr_mc_phy/ddr_phy_4lanes_0.u_ddr_phy_4lanes/ddr_byte_lane_A.ddr_byte_lane_A/ddr_byte_group_io/output_[11].oserdes_dq_.sdr.oserdes_dq_i/CLKDIV
                         clock pessimism              0.534    12.638    
                         clock uncertainty           -0.060    12.578    
    OLOGIC_X1Y50         OSERDESE2 (Setup_oserdese2_CLKDIV_D4)
                                                     -0.449    12.129    u_ddr3/u_mig/u_mig_7series_0_mig/u_memc_ui_top_axi/mem_intfc0/ddr_phy_top0/u_ddr_mc_phy_wrapper/u_ddr_mc_phy/ddr_phy_4lanes_0.u_ddr_phy_4lanes/ddr_byte_lane_A.ddr_byte_lane_A/ddr_byte_group_io/output_[11].oserdes_dq_.sdr.oserdes_dq_i
  -------------------------------------------------------------------
                         required time                         12.129    
                         arrival time                          -3.724    
  -------------------------------------------------------------------
                         slack                                  8.405    





Min Delay Paths
--------------------------------------------------------------------------------------
Slack (MET) :             0.088ns  (arrival time - required time)
  Source:                 u_ddr3/u_mig/u_mig_7series_0_mig/u_memc_ui_top_axi/mem_intfc0/ddr_phy_top0/u_ddr_mc_phy_wrapper/u_ddr_mc_phy/ddr_phy_4lanes_0.u_ddr_phy_4lanes/ddr_byte_lane_A.ddr_byte_lane_A/out_fifo/RDCLK
                            (rising edge-triggered cell OUT_FIFO clocked by oserdes_clkdiv  {rise@0.000ns fall@5.000ns period=10.000ns})
  Destination:            u_ddr3/u_mig/u_mig_7series_0_mig/u_memc_ui_top_axi/mem_intfc0/ddr_phy_top0/u_ddr_mc_phy_wrapper/u_ddr_mc_phy/ddr_phy_4lanes_0.u_ddr_phy_4lanes/ddr_byte_lane_A.ddr_byte_lane_A/ddr_byte_group_io/output_[2].oserdes_dq_.sdr.oserdes_dq_i/D2
                            (rising edge-triggered cell OSERDESE2 clocked by oserdes_clkdiv  {rise@0.000ns fall@5.000ns period=10.000ns})
  Path Group:             oserdes_clkdiv
  Path Type:              Hold (Min at Fast Process Corner)
  Requirement:            0.000ns  (oserdes_clkdiv rise@0.000ns - oserdes_clkdiv rise@0.000ns)
  Data Path Delay:        0.286ns  (logic 0.138ns (48.242%)  route 0.148ns (51.758%))
  Logic Levels:           0  
  Clock Path Skew:        0.179ns (DCD - SCD - CPR)
    Destination Clock Delay (DCD):    1.569ns
    Source Clock Delay      (SCD):    1.556ns
    Clock Pessimism Removal (CPR):    -0.166ns

    Location             Delay type                Incr(ns)  Path(ns)    Netlist Resource(s)
  -------------------------------------------------------------------    -------------------
                         (clock oserdes_clkdiv rise edge)
                                                      0.000     0.000 r  
    R4                                                0.000     0.000 r  sys_clk (IN)
                         net (fo=0)                   0.000     0.000    u_clock_and_reset/clk_wiz_0/inst/clk_in1
    R4                   IBUF (Prop_ibuf_I_O)         0.269     0.269 r  u_clock_and_reset/clk_wiz_0/inst/clkin1_ibufg/O
                         net (fo=1, routed)           0.440     0.709    u_clock_and_reset/clk_wiz_0/inst/clk_in1_clk_wiz_0
    MMCME2_ADV_X1Y0      MMCME2_ADV (Prop_mmcme2_adv_CLKIN1_CLKOUT0)
                                                     -2.360    -1.651 r  u_clock_and_reset/clk_wiz_0/inst/mmcm_adv_inst/CLKOUT0
                         net (fo=1, routed)           0.486    -1.165    u_clock_and_reset/clk_wiz_0/inst/clk_out1_clk_wiz_0
    BUFGCTRL_X0Y1        BUFG (Prop_bufg_I_O)         0.026    -1.139 r  u_clock_and_reset/clk_wiz_0/inst/clkout1_buf/O
                         net (fo=64, routed)          0.552    -0.587    u_ddr3/u_mig/u_mig_7series_0_mig/u_ddr3_infrastructure/CLK
    PLLE2_ADV_X1Y1       PLLE2_ADV (Prop_plle2_adv_CLKIN1_CLKOUT1)
                                                      0.050    -0.537 r  u_ddr3/u_mig/u_mig_7series_0_mig/u_ddr3_infrastructure/plle2_i/CLKOUT1
                         net (fo=7, routed)           0.197    -0.340    u_ddr3/u_mig/u_mig_7series_0_mig/u_memc_ui_top_axi/mem_intfc0/ddr_phy_top0/u_ddr_mc_phy_wrapper/u_ddr_mc_phy/ddr_phy_4lanes_0.u_ddr_phy_4lanes/ddr_byte_lane_A.ddr_byte_lane_A/mem_refclk
    PHASER_OUT_PHY_X1Y4  PHASER_OUT_PHY (Prop_phaser_out_phy_MEMREFCLK_OCLK)
                                                      1.813     1.473 r  u_ddr3/u_mig/u_mig_7series_0_mig/u_memc_ui_top_axi/mem_intfc0/ddr_phy_top0/u_ddr_mc_phy_wrapper/u_ddr_mc_phy/ddr_phy_4lanes_0.u_ddr_phy_4lanes/ddr_byte_lane_A.ddr_byte_lane_A/phaser_out/OCLK
    PHASER_OUT_PHY_X1Y4  PHASER_OUT_PHY (Prop_phaser_out_phy_OCLK_OCLKDIV)
                                                      0.083     1.556 r  u_ddr3/u_mig/u_mig_7series_0_mig/u_memc_ui_top_axi/mem_intfc0/ddr_phy_top0/u_ddr_mc_phy_wrapper/u_ddr_mc_phy/ddr_phy_4lanes_0.u_ddr_phy_4lanes/ddr_byte_lane_A.ddr_byte_lane_A/phaser_out/OCLKDIV
                         net (fo=12, routed)          0.000     1.556    u_ddr3/u_mig/u_mig_7series_0_mig/u_memc_ui_top_axi/mem_intfc0/ddr_phy_top0/u_ddr_mc_phy_wrapper/u_ddr_mc_phy/ddr_phy_4lanes_0.u_ddr_phy_4lanes/ddr_byte_lane_A.ddr_byte_lane_A/oserdes_clkdiv
    OUT_FIFO_X1Y4        OUT_FIFO                                     r  u_ddr3/u_mig/u_mig_7series_0_mig/u_memc_ui_top_axi/mem_intfc0/ddr_phy_top0/u_ddr_mc_phy_wrapper/u_ddr_mc_phy/ddr_phy_4lanes_0.u_ddr_phy_4lanes/ddr_byte_lane_A.ddr_byte_lane_A/out_fifo/RDCLK
  -------------------------------------------------------------------    -------------------
    OUT_FIFO_X1Y4        OUT_FIFO (Prop_out_fifo_RDCLK_Q2[1])
                                                      0.138     1.694 r  u_ddr3/u_mig/u_mig_7series_0_mig/u_memc_ui_top_axi/mem_intfc0/ddr_phy_top0/u_ddr_mc_phy_wrapper/u_ddr_mc_phy/ddr_phy_4lanes_0.u_ddr_phy_4lanes/ddr_byte_lane_A.ddr_byte_lane_A/out_fifo/Q2[1]
                         net (fo=1, routed)           0.148     1.842    u_ddr3/u_mig/u_mig_7series_0_mig/u_memc_ui_top_axi/mem_intfc0/ddr_phy_top0/u_ddr_mc_phy_wrapper/u_ddr_mc_phy/ddr_phy_4lanes_0.u_ddr_phy_4lanes/ddr_byte_lane_A.ddr_byte_lane_A/ddr_byte_group_io/oserdes_dq[9]
    OLOGIC_X1Y53         OSERDESE2                                    r  u_ddr3/u_mig/u_mig_7series_0_mig/u_memc_ui_top_axi/mem_intfc0/ddr_phy_top0/u_ddr_mc_phy_wrapper/u_ddr_mc_phy/ddr_phy_4lanes_0.u_ddr_phy_4lanes/ddr_byte_lane_A.ddr_byte_lane_A/ddr_byte_group_io/output_[2].oserdes_dq_.sdr.oserdes_dq_i/D2
  -------------------------------------------------------------------    -------------------

                         (clock oserdes_clkdiv rise edge)
                                                      0.000     0.000 r  
    R4                                                0.000     0.000 r  sys_clk (IN)
                         net (fo=0)                   0.000     0.000    u_clock_and_reset/clk_wiz_0/inst/clk_in1
    R4                   IBUF (Prop_ibuf_I_O)         0.457     0.457 r  u_clock_and_reset/clk_wiz_0/inst/clkin1_ibufg/O
                         net (fo=1, routed)           0.480     0.937    u_clock_and_reset/clk_wiz_0/inst/clk_in1_clk_wiz_0
    MMCME2_ADV_X1Y0      MMCME2_ADV (Prop_mmcme2_adv_CLKIN1_CLKOUT0)
                                                     -3.142    -2.205 r  u_clock_and_reset/clk_wiz_0/inst/mmcm_adv_inst/CLKOUT0
                         net (fo=1, routed)           0.530    -1.676    u_clock_and_reset/clk_wiz_0/inst/clk_out1_clk_wiz_0
    BUFGCTRL_X0Y1        BUFG (Prop_bufg_I_O)         0.029    -1.647 r  u_clock_and_reset/clk_wiz_0/inst/clkout1_buf/O
                         net (fo=64, routed)          0.820    -0.827    u_ddr3/u_mig/u_mig_7series_0_mig/u_ddr3_infrastructure/CLK
    PLLE2_ADV_X1Y1       PLLE2_ADV (Prop_plle2_adv_CLKIN1_CLKOUT1)
                                                      0.053    -0.774 r  u_ddr3/u_mig/u_mig_7series_0_mig/u_ddr3_infrastructure/plle2_i/CLKOUT1
                         net (fo=7, routed)           0.218    -0.556    u_ddr3/u_mig/u_mig_7series_0_mig/u_memc_ui_top_axi/mem_intfc0/ddr_phy_top0/u_ddr_mc_phy_wrapper/u_ddr_mc_phy/ddr_phy_4lanes_0.u_ddr_phy_4lanes/ddr_byte_lane_A.ddr_byte_lane_A/mem_refclk
    PHASER_OUT_PHY_X1Y4  PHASER_OUT_PHY (Prop_phaser_out_phy_MEMREFCLK_OCLK)
                                                      1.858     1.302 r  u_ddr3/u_mig/u_mig_7series_0_mig/u_memc_ui_top_axi/mem_intfc0/ddr_phy_top0/u_ddr_mc_phy_wrapper/u_ddr_mc_phy/ddr_phy_4lanes_0.u_ddr_phy_4lanes/ddr_byte_lane_A.ddr_byte_lane_A/phaser_out/OCLK
    PHASER_OUT_PHY_X1Y4  PHASER_OUT_PHY (Prop_phaser_out_phy_OCLK_OCLKDIV)
                                                      0.088     1.390 r  u_ddr3/u_mig/u_mig_7series_0_mig/u_memc_ui_top_axi/mem_intfc0/ddr_phy_top0/u_ddr_mc_phy_wrapper/u_ddr_mc_phy/ddr_phy_4lanes_0.u_ddr_phy_4lanes/ddr_byte_lane_A.ddr_byte_lane_A/phaser_out/OCLKDIV
                         net (fo=12, routed)          0.179     1.569    u_ddr3/u_mig/u_mig_7series_0_mig/u_memc_ui_top_axi/mem_intfc0/ddr_phy_top0/u_ddr_mc_phy_wrapper/u_ddr_mc_phy/ddr_phy_4lanes_0.u_ddr_phy_4lanes/ddr_byte_lane_A.ddr_byte_lane_A/ddr_byte_group_io/oserdes_clkdiv
    OLOGIC_X1Y53         OSERDESE2                                    r  u_ddr3/u_mig/u_mig_7series_0_mig/u_memc_ui_top_axi/mem_intfc0/ddr_phy_top0/u_ddr_mc_phy_wrapper/u_ddr_mc_phy/ddr_phy_4lanes_0.u_ddr_phy_4lanes/ddr_byte_lane_A.ddr_byte_lane_A/ddr_byte_group_io/output_[2].oserdes_dq_.sdr.oserdes_dq_i/CLKDIV
                         clock pessimism              0.166     1.735    
    OLOGIC_X1Y53         OSERDESE2 (Hold_oserdese2_CLKDIV_D2)
                                                      0.019     1.754    u_ddr3/u_mig/u_mig_7series_0_mig/u_memc_ui_top_axi/mem_intfc0/ddr_phy_top0/u_ddr_mc_phy_wrapper/u_ddr_mc_phy/ddr_phy_4lanes_0.u_ddr_phy_4lanes/ddr_byte_lane_A.ddr_byte_lane_A/ddr_byte_group_io/output_[2].oserdes_dq_.sdr.oserdes_dq_i
  -------------------------------------------------------------------
                         required time                         -1.754    
                         arrival time                           1.842    
  -------------------------------------------------------------------
                         slack                                  0.088    





Pulse Width Checks
--------------------------------------------------------------------------------------
Clock Name:         oserdes_clkdiv
Waveform(ns):       { 0.000 5.000 }
Period(ns):         10.000
Sources:            { u_ddr3/u_mig/u_mig_7series_0_mig/u_memc_ui_top_axi/mem_intfc0/ddr_phy_top0/u_ddr_mc_phy_wrapper/u_ddr_mc_phy/ddr_phy_4lanes_0.u_ddr_phy_4lanes/ddr_byte_lane_A.ddr_byte_lane_A/phaser_out/OCLKDIV }

Check Type        Corner  Lib Pin         Reference Pin  Required(ns)  Actual(ns)  Slack(ns)  Location       Pin
Min Period        n/a     OUT_FIFO/RDCLK  n/a            5.000         10.000      5.000      OUT_FIFO_X1Y4  u_ddr3/u_mig/u_mig_7series_0_mig/u_memc_ui_top_axi/mem_intfc0/ddr_phy_top0/u_ddr_mc_phy_wrapper/u_ddr_mc_phy/ddr_phy_4lanes_0.u_ddr_phy_4lanes/ddr_byte_lane_A.ddr_byte_lane_A/out_fifo/RDCLK
Low Pulse Width   Fast    OUT_FIFO/RDCLK  n/a            2.150         5.000       2.850      OUT_FIFO_X1Y4  u_ddr3/u_mig/u_mig_7series_0_mig/u_memc_ui_top_axi/mem_intfc0/ddr_phy_top0/u_ddr_mc_phy_wrapper/u_ddr_mc_phy/ddr_phy_4lanes_0.u_ddr_phy_4lanes/ddr_byte_lane_A.ddr_byte_lane_A/out_fifo/RDCLK
High Pulse Width  Slow    OUT_FIFO/RDCLK  n/a            2.150         5.000       2.850      OUT_FIFO_X1Y4  u_ddr3/u_mig/u_mig_7series_0_mig/u_memc_ui_top_axi/mem_intfc0/ddr_phy_top0/u_ddr_mc_phy_wrapper/u_ddr_mc_phy/ddr_phy_4lanes_0.u_ddr_phy_4lanes/ddr_byte_lane_A.ddr_byte_lane_A/out_fifo/RDCLK



---------------------------------------------------------------------------------------------------
From Clock:  oserdes_clk_1
  To Clock:  oserdes_clk_1

Setup :           NA  Failing Endpoints,  Worst Slack           NA  ,  Total Violation           NA
Hold  :           NA  Failing Endpoints,  Worst Slack           NA  ,  Total Violation           NA
PW    :            0  Failing Endpoints,  Worst Slack        1.029ns,  Total Violation        0.000ns
---------------------------------------------------------------------------------------------------


Pulse Width Checks
--------------------------------------------------------------------------------------
Clock Name:         oserdes_clk_1
Waveform(ns):       { 0.000 1.250 }
Period(ns):         2.500
Sources:            { u_ddr3/u_mig/u_mig_7series_0_mig/u_memc_ui_top_axi/mem_intfc0/ddr_phy_top0/u_ddr_mc_phy_wrapper/u_ddr_mc_phy/ddr_phy_4lanes_0.u_ddr_phy_4lanes/ddr_byte_lane_B.ddr_byte_lane_B/phaser_out/OCLK }

Check Type  Corner  Lib Pin        Reference Pin  Required(ns)  Actual(ns)  Slack(ns)  Location      Pin
Min Period  n/a     OSERDESE2/CLK  n/a            1.471         2.500       1.029      OLOGIC_X1Y63  u_ddr3/u_mig/u_mig_7series_0_mig/u_memc_ui_top_axi/mem_intfc0/ddr_phy_top0/u_ddr_mc_phy_wrapper/u_ddr_mc_phy/ddr_phy_4lanes_0.u_ddr_phy_4lanes/ddr_byte_lane_B.ddr_byte_lane_B/ddr_byte_group_io/output_[0].oserdes_dq_.sdr.oserdes_dq_i/CLK



---------------------------------------------------------------------------------------------------
From Clock:  oserdes_clkdiv_1
  To Clock:  oserdes_clkdiv_1

Setup :            0  Failing Endpoints,  Worst Slack        8.857ns,  Total Violation        0.000ns
Hold  :            0  Failing Endpoints,  Worst Slack        0.092ns,  Total Violation        0.000ns
PW    :            0  Failing Endpoints,  Worst Slack        2.850ns,  Total Violation        0.000ns
---------------------------------------------------------------------------------------------------


Max Delay Paths
--------------------------------------------------------------------------------------
Slack (MET) :             8.857ns  (required time - arrival time)
  Source:                 u_ddr3/u_mig/u_mig_7series_0_mig/u_memc_ui_top_axi/mem_intfc0/ddr_phy_top0/u_ddr_mc_phy_wrapper/u_ddr_mc_phy/ddr_phy_4lanes_0.u_ddr_phy_4lanes/ddr_byte_lane_B.ddr_byte_lane_B/out_fifo/RDCLK
                            (rising edge-triggered cell OUT_FIFO clocked by oserdes_clkdiv_1  {rise@0.000ns fall@5.000ns period=10.000ns})
  Destination:            u_ddr3/u_mig/u_mig_7series_0_mig/u_memc_ui_top_axi/mem_intfc0/ddr_phy_top0/u_ddr_mc_phy_wrapper/u_ddr_mc_phy/ddr_phy_4lanes_0.u_ddr_phy_4lanes/ddr_byte_lane_B.ddr_byte_lane_B/ddr_byte_group_io/output_[10].oserdes_dq_.sdr.oserdes_dq_i/D1
                            (rising edge-triggered cell OSERDESE2 clocked by oserdes_clkdiv_1  {rise@0.000ns fall@5.000ns period=10.000ns})
  Path Group:             oserdes_clkdiv_1
  Path Type:              Setup (Max at Slow Process Corner)
  Requirement:            10.000ns  (oserdes_clkdiv_1 rise@10.000ns - oserdes_clkdiv_1 rise@0.000ns)
  Data Path Delay:        0.964ns  (logic 0.596ns (61.822%)  route 0.368ns (38.178%))
  Logic Levels:           0  
  Clock Path Skew:        0.330ns (DCD - SCD + CPR)
    Destination Clock Delay (DCD):    2.081ns = ( 12.081 - 10.000 ) 
    Source Clock Delay      (SCD):    2.284ns
    Clock Pessimism Removal (CPR):    0.533ns
  Clock Uncertainty:      0.060ns  ((TSJ^2 + DJ^2)^1/2) / 2 + PE
    Total System Jitter     (TSJ):    0.071ns
    Discrete Jitter          (DJ):    0.096ns
    Phase Error              (PE):    0.000ns

    Location             Delay type                Incr(ns)  Path(ns)    Netlist Resource(s)
  -------------------------------------------------------------------    -------------------
                         (clock oserdes_clkdiv_1 rise edge)
                                                      0.000     0.000 r  
    R4                                                0.000     0.000 r  sys_clk (IN)
                         net (fo=0)                   0.000     0.000    u_clock_and_reset/clk_wiz_0/inst/clk_in1
    R4                   IBUF (Prop_ibuf_I_O)         1.432     1.432 r  u_clock_and_reset/clk_wiz_0/inst/clkin1_ibufg/O
                         net (fo=1, routed)           1.065     2.497    u_clock_and_reset/clk_wiz_0/inst/clk_in1_clk_wiz_0
    MMCME2_ADV_X1Y0      MMCME2_ADV (Prop_mmcme2_adv_CLKIN1_CLKOUT0)
                                                     -5.921    -3.424 r  u_clock_and_reset/clk_wiz_0/inst/mmcm_adv_inst/CLKOUT0
                         net (fo=1, routed)           1.421    -2.004    u_clock_and_reset/clk_wiz_0/inst/clk_out1_clk_wiz_0
    BUFGCTRL_X0Y1        BUFG (Prop_bufg_I_O)         0.081    -1.923 r  u_clock_and_reset/clk_wiz_0/inst/clkout1_buf/O
                         net (fo=64, routed)          1.394    -0.528    u_ddr3/u_mig/u_mig_7series_0_mig/u_ddr3_infrastructure/CLK
    PLLE2_ADV_X1Y1       PLLE2_ADV (Prop_plle2_adv_CLKIN1_CLKOUT1)
                                                      0.077    -0.451 r  u_ddr3/u_mig/u_mig_7series_0_mig/u_ddr3_infrastructure/plle2_i/CLKOUT1
                         net (fo=7, routed)           0.511     0.060    u_ddr3/u_mig/u_mig_7series_0_mig/u_memc_ui_top_axi/mem_intfc0/ddr_phy_top0/u_ddr_mc_phy_wrapper/u_ddr_mc_phy/ddr_phy_4lanes_0.u_ddr_phy_4lanes/ddr_byte_lane_B.ddr_byte_lane_B/mem_refclk
    PHASER_OUT_PHY_X1Y5  PHASER_OUT_PHY (Prop_phaser_out_phy_MEMREFCLK_OCLK)
                                                      2.083     2.143 r  u_ddr3/u_mig/u_mig_7series_0_mig/u_memc_ui_top_axi/mem_intfc0/ddr_phy_top0/u_ddr_mc_phy_wrapper/u_ddr_mc_phy/ddr_phy_4lanes_0.u_ddr_phy_4lanes/ddr_byte_lane_B.ddr_byte_lane_B/phaser_out/OCLK
    PHASER_OUT_PHY_X1Y5  PHASER_OUT_PHY (Prop_phaser_out_phy_OCLK_OCLKDIV)
                                                      0.141     2.284 r  u_ddr3/u_mig/u_mig_7series_0_mig/u_memc_ui_top_axi/mem_intfc0/ddr_phy_top0/u_ddr_mc_phy_wrapper/u_ddr_mc_phy/ddr_phy_4lanes_0.u_ddr_phy_4lanes/ddr_byte_lane_B.ddr_byte_lane_B/phaser_out/OCLKDIV
                         net (fo=13, routed)          0.000     2.284    u_ddr3/u_mig/u_mig_7series_0_mig/u_memc_ui_top_axi/mem_intfc0/ddr_phy_top0/u_ddr_mc_phy_wrapper/u_ddr_mc_phy/ddr_phy_4lanes_0.u_ddr_phy_4lanes/ddr_byte_lane_B.ddr_byte_lane_B/oserdes_clkdiv
    OUT_FIFO_X1Y5        OUT_FIFO                                     r  u_ddr3/u_mig/u_mig_7series_0_mig/u_memc_ui_top_axi/mem_intfc0/ddr_phy_top0/u_ddr_mc_phy_wrapper/u_ddr_mc_phy/ddr_phy_4lanes_0.u_ddr_phy_4lanes/ddr_byte_lane_B.ddr_byte_lane_B/out_fifo/RDCLK
  -------------------------------------------------------------------    -------------------
    OUT_FIFO_X1Y5        OUT_FIFO (Prop_out_fifo_RDCLK_Q5[4])
                                                      0.596     2.880 r  u_ddr3/u_mig/u_mig_7series_0_mig/u_memc_ui_top_axi/mem_intfc0/ddr_phy_top0/u_ddr_mc_phy_wrapper/u_ddr_mc_phy/ddr_phy_4lanes_0.u_ddr_phy_4lanes/ddr_byte_lane_B.ddr_byte_lane_B/out_fifo/Q5[4]
                         net (fo=1, routed)           0.368     3.248    u_ddr3/u_mig/u_mig_7series_0_mig/u_memc_ui_top_axi/mem_intfc0/ddr_phy_top0/u_ddr_mc_phy_wrapper/u_ddr_mc_phy/ddr_phy_4lanes_0.u_ddr_phy_4lanes/ddr_byte_lane_B.ddr_byte_lane_B/ddr_byte_group_io/oserdes_dq[40]
    OLOGIC_X1Y69         OSERDESE2                                    r  u_ddr3/u_mig/u_mig_7series_0_mig/u_memc_ui_top_axi/mem_intfc0/ddr_phy_top0/u_ddr_mc_phy_wrapper/u_ddr_mc_phy/ddr_phy_4lanes_0.u_ddr_phy_4lanes/ddr_byte_lane_B.ddr_byte_lane_B/ddr_byte_group_io/output_[10].oserdes_dq_.sdr.oserdes_dq_i/D1
  -------------------------------------------------------------------    -------------------

                         (clock oserdes_clkdiv_1 rise edge)
                                                     10.000    10.000 r  
    R4                                                0.000    10.000 r  sys_clk (IN)
                         net (fo=0)                   0.000    10.000    u_clock_and_reset/clk_wiz_0/inst/clk_in1
    R4                   IBUF (Prop_ibuf_I_O)         1.366    11.366 r  u_clock_and_reset/clk_wiz_0/inst/clkin1_ibufg/O
                         net (fo=1, routed)           1.004    12.369    u_clock_and_reset/clk_wiz_0/inst/clk_in1_clk_wiz_0
    MMCME2_ADV_X1Y0      MMCME2_ADV (Prop_mmcme2_adv_CLKIN1_CLKOUT0)
                                                     -6.057     6.312 r  u_clock_and_reset/clk_wiz_0/inst/mmcm_adv_inst/CLKOUT0
                         net (fo=1, routed)           1.352     7.665    u_clock_and_reset/clk_wiz_0/inst/clk_out1_clk_wiz_0
    BUFGCTRL_X0Y1        BUFG (Prop_bufg_I_O)         0.077     7.742 r  u_clock_and_reset/clk_wiz_0/inst/clkout1_buf/O
                         net (fo=64, routed)          1.290     9.032    u_ddr3/u_mig/u_mig_7series_0_mig/u_ddr3_infrastructure/CLK
    PLLE2_ADV_X1Y1       PLLE2_ADV (Prop_plle2_adv_CLKIN1_CLKOUT1)
                                                      0.073     9.105 r  u_ddr3/u_mig/u_mig_7series_0_mig/u_ddr3_infrastructure/plle2_i/CLKOUT1
                         net (fo=7, routed)           0.486     9.591    u_ddr3/u_mig/u_mig_7series_0_mig/u_memc_ui_top_axi/mem_intfc0/ddr_phy_top0/u_ddr_mc_phy_wrapper/u_ddr_mc_phy/ddr_phy_4lanes_0.u_ddr_phy_4lanes/ddr_byte_lane_B.ddr_byte_lane_B/mem_refclk
    PHASER_OUT_PHY_X1Y5  PHASER_OUT_PHY (Prop_phaser_out_phy_MEMREFCLK_OCLK)
                                                      2.027    11.618 r  u_ddr3/u_mig/u_mig_7series_0_mig/u_memc_ui_top_axi/mem_intfc0/ddr_phy_top0/u_ddr_mc_phy_wrapper/u_ddr_mc_phy/ddr_phy_4lanes_0.u_ddr_phy_4lanes/ddr_byte_lane_B.ddr_byte_lane_B/phaser_out/OCLK
    PHASER_OUT_PHY_X1Y5  PHASER_OUT_PHY (Prop_phaser_out_phy_OCLK_OCLKDIV)
                                                      0.133    11.751 r  u_ddr3/u_mig/u_mig_7series_0_mig/u_memc_ui_top_axi/mem_intfc0/ddr_phy_top0/u_ddr_mc_phy_wrapper/u_ddr_mc_phy/ddr_phy_4lanes_0.u_ddr_phy_4lanes/ddr_byte_lane_B.ddr_byte_lane_B/phaser_out/OCLKDIV
                         net (fo=13, routed)          0.330    12.081    u_ddr3/u_mig/u_mig_7series_0_mig/u_memc_ui_top_axi/mem_intfc0/ddr_phy_top0/u_ddr_mc_phy_wrapper/u_ddr_mc_phy/ddr_phy_4lanes_0.u_ddr_phy_4lanes/ddr_byte_lane_B.ddr_byte_lane_B/ddr_byte_group_io/oserdes_clkdiv
    OLOGIC_X1Y69         OSERDESE2                                    r  u_ddr3/u_mig/u_mig_7series_0_mig/u_memc_ui_top_axi/mem_intfc0/ddr_phy_top0/u_ddr_mc_phy_wrapper/u_ddr_mc_phy/ddr_phy_4lanes_0.u_ddr_phy_4lanes/ddr_byte_lane_B.ddr_byte_lane_B/ddr_byte_group_io/output_[10].oserdes_dq_.sdr.oserdes_dq_i/CLKDIV
                         clock pessimism              0.533    12.614    
                         clock uncertainty           -0.060    12.554    
    OLOGIC_X1Y69         OSERDESE2 (Setup_oserdese2_CLKDIV_D1)
                                                     -0.449    12.105    u_ddr3/u_mig/u_mig_7series_0_mig/u_memc_ui_top_axi/mem_intfc0/ddr_phy_top0/u_ddr_mc_phy_wrapper/u_ddr_mc_phy/ddr_phy_4lanes_0.u_ddr_phy_4lanes/ddr_byte_lane_B.ddr_byte_lane_B/ddr_byte_group_io/output_[10].oserdes_dq_.sdr.oserdes_dq_i
  -------------------------------------------------------------------
                         required time                         12.105    
                         arrival time                          -3.248    
  -------------------------------------------------------------------
                         slack                                  8.857    





Min Delay Paths
--------------------------------------------------------------------------------------
Slack (MET) :             0.092ns  (arrival time - required time)
  Source:                 u_ddr3/u_mig/u_mig_7series_0_mig/u_memc_ui_top_axi/mem_intfc0/ddr_phy_top0/u_ddr_mc_phy_wrapper/u_ddr_mc_phy/ddr_phy_4lanes_0.u_ddr_phy_4lanes/ddr_byte_lane_B.ddr_byte_lane_B/out_fifo/RDCLK
                            (rising edge-triggered cell OUT_FIFO clocked by oserdes_clkdiv_1  {rise@0.000ns fall@5.000ns period=10.000ns})
  Destination:            u_ddr3/u_mig/u_mig_7series_0_mig/u_memc_ui_top_axi/mem_intfc0/ddr_phy_top0/u_ddr_mc_phy_wrapper/u_ddr_mc_phy/ddr_phy_4lanes_0.u_ddr_phy_4lanes/ddr_byte_lane_B.ddr_byte_lane_B/ddr_byte_group_io/output_[2].oserdes_dq_.sdr.oserdes_dq_i/D2
                            (rising edge-triggered cell OSERDESE2 clocked by oserdes_clkdiv_1  {rise@0.000ns fall@5.000ns period=10.000ns})
  Path Group:             oserdes_clkdiv_1
  Path Type:              Hold (Min at Fast Process Corner)
  Requirement:            0.000ns  (oserdes_clkdiv_1 rise@0.000ns - oserdes_clkdiv_1 rise@0.000ns)
  Data Path Delay:        0.286ns  (logic 0.138ns (48.242%)  route 0.148ns (51.758%))
  Logic Levels:           0  
  Clock Path Skew:        0.175ns (DCD - SCD - CPR)
    Destination Clock Delay (DCD):    1.556ns
    Source Clock Delay      (SCD):    1.549ns
    Clock Pessimism Removal (CPR):    -0.168ns

    Location             Delay type                Incr(ns)  Path(ns)    Netlist Resource(s)
  -------------------------------------------------------------------    -------------------
                         (clock oserdes_clkdiv_1 rise edge)
                                                      0.000     0.000 r  
    R4                                                0.000     0.000 r  sys_clk (IN)
                         net (fo=0)                   0.000     0.000    u_clock_and_reset/clk_wiz_0/inst/clk_in1
    R4                   IBUF (Prop_ibuf_I_O)         0.269     0.269 r  u_clock_and_reset/clk_wiz_0/inst/clkin1_ibufg/O
                         net (fo=1, routed)           0.440     0.709    u_clock_and_reset/clk_wiz_0/inst/clk_in1_clk_wiz_0
    MMCME2_ADV_X1Y0      MMCME2_ADV (Prop_mmcme2_adv_CLKIN1_CLKOUT0)
                                                     -2.360    -1.651 r  u_clock_and_reset/clk_wiz_0/inst/mmcm_adv_inst/CLKOUT0
                         net (fo=1, routed)           0.486    -1.165    u_clock_and_reset/clk_wiz_0/inst/clk_out1_clk_wiz_0
    BUFGCTRL_X0Y1        BUFG (Prop_bufg_I_O)         0.026    -1.139 r  u_clock_and_reset/clk_wiz_0/inst/clkout1_buf/O
                         net (fo=64, routed)          0.552    -0.587    u_ddr3/u_mig/u_mig_7series_0_mig/u_ddr3_infrastructure/CLK
    PLLE2_ADV_X1Y1       PLLE2_ADV (Prop_plle2_adv_CLKIN1_CLKOUT1)
                                                      0.050    -0.537 r  u_ddr3/u_mig/u_mig_7series_0_mig/u_ddr3_infrastructure/plle2_i/CLKOUT1
                         net (fo=7, routed)           0.190    -0.347    u_ddr3/u_mig/u_mig_7series_0_mig/u_memc_ui_top_axi/mem_intfc0/ddr_phy_top0/u_ddr_mc_phy_wrapper/u_ddr_mc_phy/ddr_phy_4lanes_0.u_ddr_phy_4lanes/ddr_byte_lane_B.ddr_byte_lane_B/mem_refclk
    PHASER_OUT_PHY_X1Y5  PHASER_OUT_PHY (Prop_phaser_out_phy_MEMREFCLK_OCLK)
                                                      1.813     1.466 r  u_ddr3/u_mig/u_mig_7series_0_mig/u_memc_ui_top_axi/mem_intfc0/ddr_phy_top0/u_ddr_mc_phy_wrapper/u_ddr_mc_phy/ddr_phy_4lanes_0.u_ddr_phy_4lanes/ddr_byte_lane_B.ddr_byte_lane_B/phaser_out/OCLK
    PHASER_OUT_PHY_X1Y5  PHASER_OUT_PHY (Prop_phaser_out_phy_OCLK_OCLKDIV)
                                                      0.083     1.549 r  u_ddr3/u_mig/u_mig_7series_0_mig/u_memc_ui_top_axi/mem_intfc0/ddr_phy_top0/u_ddr_mc_phy_wrapper/u_ddr_mc_phy/ddr_phy_4lanes_0.u_ddr_phy_4lanes/ddr_byte_lane_B.ddr_byte_lane_B/phaser_out/OCLKDIV
                         net (fo=13, routed)          0.000     1.549    u_ddr3/u_mig/u_mig_7series_0_mig/u_memc_ui_top_axi/mem_intfc0/ddr_phy_top0/u_ddr_mc_phy_wrapper/u_ddr_mc_phy/ddr_phy_4lanes_0.u_ddr_phy_4lanes/ddr_byte_lane_B.ddr_byte_lane_B/oserdes_clkdiv
    OUT_FIFO_X1Y5        OUT_FIFO                                     r  u_ddr3/u_mig/u_mig_7series_0_mig/u_memc_ui_top_axi/mem_intfc0/ddr_phy_top0/u_ddr_mc_phy_wrapper/u_ddr_mc_phy/ddr_phy_4lanes_0.u_ddr_phy_4lanes/ddr_byte_lane_B.ddr_byte_lane_B/out_fifo/RDCLK
  -------------------------------------------------------------------    -------------------
    OUT_FIFO_X1Y5        OUT_FIFO (Prop_out_fifo_RDCLK_Q2[1])
                                                      0.138     1.687 r  u_ddr3/u_mig/u_mig_7series_0_mig/u_memc_ui_top_axi/mem_intfc0/ddr_phy_top0/u_ddr_mc_phy_wrapper/u_ddr_mc_phy/ddr_phy_4lanes_0.u_ddr_phy_4lanes/ddr_byte_lane_B.ddr_byte_lane_B/out_fifo/Q2[1]
                         net (fo=1, routed)           0.148     1.835    u_ddr3/u_mig/u_mig_7series_0_mig/u_memc_ui_top_axi/mem_intfc0/ddr_phy_top0/u_ddr_mc_phy_wrapper/u_ddr_mc_phy/ddr_phy_4lanes_0.u_ddr_phy_4lanes/ddr_byte_lane_B.ddr_byte_lane_B/ddr_byte_group_io/oserdes_dq[9]
    OLOGIC_X1Y65         OSERDESE2                                    r  u_ddr3/u_mig/u_mig_7series_0_mig/u_memc_ui_top_axi/mem_intfc0/ddr_phy_top0/u_ddr_mc_phy_wrapper/u_ddr_mc_phy/ddr_phy_4lanes_0.u_ddr_phy_4lanes/ddr_byte_lane_B.ddr_byte_lane_B/ddr_byte_group_io/output_[2].oserdes_dq_.sdr.oserdes_dq_i/D2
  -------------------------------------------------------------------    -------------------

                         (clock oserdes_clkdiv_1 rise edge)
                                                      0.000     0.000 r  
    R4                                                0.000     0.000 r  sys_clk (IN)
                         net (fo=0)                   0.000     0.000    u_clock_and_reset/clk_wiz_0/inst/clk_in1
    R4                   IBUF (Prop_ibuf_I_O)         0.457     0.457 r  u_clock_and_reset/clk_wiz_0/inst/clkin1_ibufg/O
                         net (fo=1, routed)           0.480     0.937    u_clock_and_reset/clk_wiz_0/inst/clk_in1_clk_wiz_0
    MMCME2_ADV_X1Y0      MMCME2_ADV (Prop_mmcme2_adv_CLKIN1_CLKOUT0)
                                                     -3.142    -2.205 r  u_clock_and_reset/clk_wiz_0/inst/mmcm_adv_inst/CLKOUT0
                         net (fo=1, routed)           0.530    -1.676    u_clock_and_reset/clk_wiz_0/inst/clk_out1_clk_wiz_0
    BUFGCTRL_X0Y1        BUFG (Prop_bufg_I_O)         0.029    -1.647 r  u_clock_and_reset/clk_wiz_0/inst/clkout1_buf/O
                         net (fo=64, routed)          0.820    -0.827    u_ddr3/u_mig/u_mig_7series_0_mig/u_ddr3_infrastructure/CLK
    PLLE2_ADV_X1Y1       PLLE2_ADV (Prop_plle2_adv_CLKIN1_CLKOUT1)
                                                      0.053    -0.774 r  u_ddr3/u_mig/u_mig_7series_0_mig/u_ddr3_infrastructure/plle2_i/CLKOUT1
                         net (fo=7, routed)           0.209    -0.565    u_ddr3/u_mig/u_mig_7series_0_mig/u_memc_ui_top_axi/mem_intfc0/ddr_phy_top0/u_ddr_mc_phy_wrapper/u_ddr_mc_phy/ddr_phy_4lanes_0.u_ddr_phy_4lanes/ddr_byte_lane_B.ddr_byte_lane_B/mem_refclk
    PHASER_OUT_PHY_X1Y5  PHASER_OUT_PHY (Prop_phaser_out_phy_MEMREFCLK_OCLK)
                                                      1.858     1.293 r  u_ddr3/u_mig/u_mig_7series_0_mig/u_memc_ui_top_axi/mem_intfc0/ddr_phy_top0/u_ddr_mc_phy_wrapper/u_ddr_mc_phy/ddr_phy_4lanes_0.u_ddr_phy_4lanes/ddr_byte_lane_B.ddr_byte_lane_B/phaser_out/OCLK
    PHASER_OUT_PHY_X1Y5  PHASER_OUT_PHY (Prop_phaser_out_phy_OCLK_OCLKDIV)
                                                      0.088     1.381 r  u_ddr3/u_mig/u_mig_7series_0_mig/u_memc_ui_top_axi/mem_intfc0/ddr_phy_top0/u_ddr_mc_phy_wrapper/u_ddr_mc_phy/ddr_phy_4lanes_0.u_ddr_phy_4lanes/ddr_byte_lane_B.ddr_byte_lane_B/phaser_out/OCLKDIV
                         net (fo=13, routed)          0.175     1.556    u_ddr3/u_mig/u_mig_7series_0_mig/u_memc_ui_top_axi/mem_intfc0/ddr_phy_top0/u_ddr_mc_phy_wrapper/u_ddr_mc_phy/ddr_phy_4lanes_0.u_ddr_phy_4lanes/ddr_byte_lane_B.ddr_byte_lane_B/ddr_byte_group_io/oserdes_clkdiv
    OLOGIC_X1Y65         OSERDESE2                                    r  u_ddr3/u_mig/u_mig_7series_0_mig/u_memc_ui_top_axi/mem_intfc0/ddr_phy_top0/u_ddr_mc_phy_wrapper/u_ddr_mc_phy/ddr_phy_4lanes_0.u_ddr_phy_4lanes/ddr_byte_lane_B.ddr_byte_lane_B/ddr_byte_group_io/output_[2].oserdes_dq_.sdr.oserdes_dq_i/CLKDIV
                         clock pessimism              0.168     1.724    
    OLOGIC_X1Y65         OSERDESE2 (Hold_oserdese2_CLKDIV_D2)
                                                      0.019     1.743    u_ddr3/u_mig/u_mig_7series_0_mig/u_memc_ui_top_axi/mem_intfc0/ddr_phy_top0/u_ddr_mc_phy_wrapper/u_ddr_mc_phy/ddr_phy_4lanes_0.u_ddr_phy_4lanes/ddr_byte_lane_B.ddr_byte_lane_B/ddr_byte_group_io/output_[2].oserdes_dq_.sdr.oserdes_dq_i
  -------------------------------------------------------------------
                         required time                         -1.743    
                         arrival time                           1.835    
  -------------------------------------------------------------------
                         slack                                  0.092    





Pulse Width Checks
--------------------------------------------------------------------------------------
Clock Name:         oserdes_clkdiv_1
Waveform(ns):       { 0.000 5.000 }
Period(ns):         10.000
Sources:            { u_ddr3/u_mig/u_mig_7series_0_mig/u_memc_ui_top_axi/mem_intfc0/ddr_phy_top0/u_ddr_mc_phy_wrapper/u_ddr_mc_phy/ddr_phy_4lanes_0.u_ddr_phy_4lanes/ddr_byte_lane_B.ddr_byte_lane_B/phaser_out/OCLKDIV }

Check Type        Corner  Lib Pin         Reference Pin  Required(ns)  Actual(ns)  Slack(ns)  Location       Pin
Min Period        n/a     OUT_FIFO/RDCLK  n/a            5.000         10.000      5.000      OUT_FIFO_X1Y5  u_ddr3/u_mig/u_mig_7series_0_mig/u_memc_ui_top_axi/mem_intfc0/ddr_phy_top0/u_ddr_mc_phy_wrapper/u_ddr_mc_phy/ddr_phy_4lanes_0.u_ddr_phy_4lanes/ddr_byte_lane_B.ddr_byte_lane_B/out_fifo/RDCLK
Low Pulse Width   Fast    OUT_FIFO/RDCLK  n/a            2.150         5.000       2.850      OUT_FIFO_X1Y5  u_ddr3/u_mig/u_mig_7series_0_mig/u_memc_ui_top_axi/mem_intfc0/ddr_phy_top0/u_ddr_mc_phy_wrapper/u_ddr_mc_phy/ddr_phy_4lanes_0.u_ddr_phy_4lanes/ddr_byte_lane_B.ddr_byte_lane_B/out_fifo/RDCLK
High Pulse Width  Slow    OUT_FIFO/RDCLK  n/a            2.150         5.000       2.850      OUT_FIFO_X1Y5  u_ddr3/u_mig/u_mig_7series_0_mig/u_memc_ui_top_axi/mem_intfc0/ddr_phy_top0/u_ddr_mc_phy_wrapper/u_ddr_mc_phy/ddr_phy_4lanes_0.u_ddr_phy_4lanes/ddr_byte_lane_B.ddr_byte_lane_B/out_fifo/RDCLK



---------------------------------------------------------------------------------------------------
From Clock:  oserdes_clk_2
  To Clock:  oserdes_clk_2

Setup :            0  Failing Endpoints,  Worst Slack        1.189ns,  Total Violation        0.000ns
Hold  :            0  Failing Endpoints,  Worst Slack        0.411ns,  Total Violation        0.000ns
PW    :            0  Failing Endpoints,  Worst Slack        1.026ns,  Total Violation        0.000ns
---------------------------------------------------------------------------------------------------


Max Delay Paths
--------------------------------------------------------------------------------------
Slack (MET) :             1.189ns  (required time - arrival time)
  Source:                 u_ddr3/u_mig/u_mig_7series_0_mig/u_memc_ui_top_axi/mem_intfc0/ddr_phy_top0/u_ddr_mc_phy_wrapper/u_ddr_mc_phy/ddr_phy_4lanes_0.u_ddr_phy_4lanes/ddr_byte_lane_C.ddr_byte_lane_C/phaser_out/OCLKDELAYED
                            (rising edge-triggered cell PHASER_OUT_PHY clocked by oserdes_clk_2  {rise@0.000ns fall@1.250ns period=2.500ns})
  Destination:            u_ddr3/u_mig/u_mig_7series_0_mig/u_memc_ui_top_axi/mem_intfc0/ddr_phy_top0/u_ddr_mc_phy_wrapper/u_ddr_mc_phy/ddr_phy_4lanes_0.u_ddr_phy_4lanes/ddr_byte_lane_C.ddr_byte_lane_C/ddr_byte_group_io/dqs_gen.oddr_dqsts/D1
                            (rising edge-triggered cell ODDR clocked by oserdes_clk_2  {rise@0.000ns fall@1.250ns period=2.500ns})
  Path Group:             oserdes_clk_2
  Path Type:              Setup (Max at Slow Process Corner)
  Requirement:            2.500ns  (oserdes_clk_2 rise@2.500ns - oserdes_clk_2 rise@0.000ns)
  Data Path Delay:        0.864ns  (logic 0.489ns (56.594%)  route 0.375ns (43.406%))
  Logic Levels:           0  
  Clock Path Skew:        0.336ns (DCD - SCD + CPR)
    Destination Clock Delay (DCD):    2.588ns = ( 5.088 - 2.500 ) 
    Source Clock Delay      (SCD):    2.816ns
    Clock Pessimism Removal (CPR):    0.564ns
  Clock Uncertainty:      0.060ns  ((TSJ^2 + DJ^2)^1/2) / 2 + PE
    Total System Jitter     (TSJ):    0.071ns
    Discrete Jitter          (DJ):    0.096ns
    Phase Error              (PE):    0.000ns

    Location             Delay type                Incr(ns)  Path(ns)    Netlist Resource(s)
  -------------------------------------------------------------------    -------------------
                         (clock oserdes_clk_2 rise edge)
                                                      0.000     0.000 r  
    R4                                                0.000     0.000 r  sys_clk (IN)
                         net (fo=0)                   0.000     0.000    u_clock_and_reset/clk_wiz_0/inst/clk_in1
    R4                   IBUF (Prop_ibuf_I_O)         1.432     1.432 r  u_clock_and_reset/clk_wiz_0/inst/clkin1_ibufg/O
                         net (fo=1, routed)           1.065     2.497    u_clock_and_reset/clk_wiz_0/inst/clk_in1_clk_wiz_0
    MMCME2_ADV_X1Y0      MMCME2_ADV (Prop_mmcme2_adv_CLKIN1_CLKOUT0)
                                                     -5.921    -3.424 r  u_clock_and_reset/clk_wiz_0/inst/mmcm_adv_inst/CLKOUT0
                         net (fo=1, routed)           1.421    -2.004    u_clock_and_reset/clk_wiz_0/inst/clk_out1_clk_wiz_0
    BUFGCTRL_X0Y1        BUFG (Prop_bufg_I_O)         0.081    -1.923 r  u_clock_and_reset/clk_wiz_0/inst/clkout1_buf/O
                         net (fo=64, routed)          1.394    -0.528    u_ddr3/u_mig/u_mig_7series_0_mig/u_ddr3_infrastructure/CLK
    PLLE2_ADV_X1Y1       PLLE2_ADV (Prop_plle2_adv_CLKIN1_CLKOUT1)
                                                      0.077    -0.451 r  u_ddr3/u_mig/u_mig_7series_0_mig/u_ddr3_infrastructure/plle2_i/CLKOUT1
                         net (fo=7, routed)           0.522     0.071    u_ddr3/u_mig/u_mig_7series_0_mig/u_memc_ui_top_axi/mem_intfc0/ddr_phy_top0/u_ddr_mc_phy_wrapper/u_ddr_mc_phy/ddr_phy_4lanes_0.u_ddr_phy_4lanes/ddr_byte_lane_C.ddr_byte_lane_C/mem_refclk
    PHASER_OUT_PHY_X1Y6  PHASER_OUT_PHY (Prop_phaser_out_phy_MEMREFCLK_OCLK)
                                                      2.083     2.154 r  u_ddr3/u_mig/u_mig_7series_0_mig/u_memc_ui_top_axi/mem_intfc0/ddr_phy_top0/u_ddr_mc_phy_wrapper/u_ddr_mc_phy/ddr_phy_4lanes_0.u_ddr_phy_4lanes/ddr_byte_lane_C.ddr_byte_lane_C/phaser_out/OCLK
    PHASER_OUT_PHY_X1Y6  PHASER_OUT_PHY (Prop_phaser_out_phy_OCLK_OCLKDELAYED)
                                                      0.662     2.816 r  u_ddr3/u_mig/u_mig_7series_0_mig/u_memc_ui_top_axi/mem_intfc0/ddr_phy_top0/u_ddr_mc_phy_wrapper/u_ddr_mc_phy/ddr_phy_4lanes_0.u_ddr_phy_4lanes/ddr_byte_lane_C.ddr_byte_lane_C/phaser_out/OCLKDELAYED
  -------------------------------------------------------------------    -------------------
    PHASER_OUT_PHY_X1Y6  PHASER_OUT_PHY (Prop_phaser_out_phy_OCLKDELAYED_CTSBUS[0])
                                                      0.489     3.305 r  u_ddr3/u_mig/u_mig_7series_0_mig/u_memc_ui_top_axi/mem_intfc0/ddr_phy_top0/u_ddr_mc_phy_wrapper/u_ddr_mc_phy/ddr_phy_4lanes_0.u_ddr_phy_4lanes/ddr_byte_lane_C.ddr_byte_lane_C/phaser_out/CTSBUS[0]
                         net (fo=2, routed)           0.375     3.680    u_ddr3/u_mig/u_mig_7series_0_mig/u_memc_ui_top_axi/mem_intfc0/ddr_phy_top0/u_ddr_mc_phy_wrapper/u_ddr_mc_phy/ddr_phy_4lanes_0.u_ddr_phy_4lanes/ddr_byte_lane_C.ddr_byte_lane_C/ddr_byte_group_io/CTSBUS[0]
    OLOGIC_X1Y82         ODDR                                         r  u_ddr3/u_mig/u_mig_7series_0_mig/u_memc_ui_top_axi/mem_intfc0/ddr_phy_top0/u_ddr_mc_phy_wrapper/u_ddr_mc_phy/ddr_phy_4lanes_0.u_ddr_phy_4lanes/ddr_byte_lane_C.ddr_byte_lane_C/ddr_byte_group_io/dqs_gen.oddr_dqsts/D1
  -------------------------------------------------------------------    -------------------

                         (clock oserdes_clk_2 rise edge)
                                                      2.500     2.500 r  
    R4                                                0.000     2.500 r  sys_clk (IN)
                         net (fo=0)                   0.000     2.500    u_clock_and_reset/clk_wiz_0/inst/clk_in1
    R4                   IBUF (Prop_ibuf_I_O)         1.366     3.866 r  u_clock_and_reset/clk_wiz_0/inst/clkin1_ibufg/O
                         net (fo=1, routed)           1.004     4.869    u_clock_and_reset/clk_wiz_0/inst/clk_in1_clk_wiz_0
    MMCME2_ADV_X1Y0      MMCME2_ADV (Prop_mmcme2_adv_CLKIN1_CLKOUT0)
                                                     -6.057    -1.188 r  u_clock_and_reset/clk_wiz_0/inst/mmcm_adv_inst/CLKOUT0
                         net (fo=1, routed)           1.352     0.165    u_clock_and_reset/clk_wiz_0/inst/clk_out1_clk_wiz_0
    BUFGCTRL_X0Y1        BUFG (Prop_bufg_I_O)         0.077     0.242 r  u_clock_and_reset/clk_wiz_0/inst/clkout1_buf/O
                         net (fo=64, routed)          1.290     1.532    u_ddr3/u_mig/u_mig_7series_0_mig/u_ddr3_infrastructure/CLK
    PLLE2_ADV_X1Y1       PLLE2_ADV (Prop_plle2_adv_CLKIN1_CLKOUT1)
                                                      0.073     1.605 r  u_ddr3/u_mig/u_mig_7series_0_mig/u_ddr3_infrastructure/plle2_i/CLKOUT1
                         net (fo=7, routed)           0.496     2.101    u_ddr3/u_mig/u_mig_7series_0_mig/u_memc_ui_top_axi/mem_intfc0/ddr_phy_top0/u_ddr_mc_phy_wrapper/u_ddr_mc_phy/ddr_phy_4lanes_0.u_ddr_phy_4lanes/ddr_byte_lane_C.ddr_byte_lane_C/mem_refclk
    PHASER_OUT_PHY_X1Y6  PHASER_OUT_PHY (Prop_phaser_out_phy_MEMREFCLK_OCLK)
                                                      2.027     4.128 r  u_ddr3/u_mig/u_mig_7series_0_mig/u_memc_ui_top_axi/mem_intfc0/ddr_phy_top0/u_ddr_mc_phy_wrapper/u_ddr_mc_phy/ddr_phy_4lanes_0.u_ddr_phy_4lanes/ddr_byte_lane_C.ddr_byte_lane_C/phaser_out/OCLK
    PHASER_OUT_PHY_X1Y6  PHASER_OUT_PHY (Prop_phaser_out_phy_OCLK_OCLKDELAYED)
                                                      0.624     4.752 r  u_ddr3/u_mig/u_mig_7series_0_mig/u_memc_ui_top_axi/mem_intfc0/ddr_phy_top0/u_ddr_mc_phy_wrapper/u_ddr_mc_phy/ddr_phy_4lanes_0.u_ddr_phy_4lanes/ddr_byte_lane_C.ddr_byte_lane_C/phaser_out/OCLKDELAYED
                         net (fo=2, routed)           0.336     5.088    u_ddr3/u_mig/u_mig_7series_0_mig/u_memc_ui_top_axi/mem_intfc0/ddr_phy_top0/u_ddr_mc_phy_wrapper/u_ddr_mc_phy/ddr_phy_4lanes_0.u_ddr_phy_4lanes/ddr_byte_lane_C.ddr_byte_lane_C/ddr_byte_group_io/oserdes_clk_delayed
    OLOGIC_X1Y82         ODDR                                         r  u_ddr3/u_mig/u_mig_7series_0_mig/u_memc_ui_top_axi/mem_intfc0/ddr_phy_top0/u_ddr_mc_phy_wrapper/u_ddr_mc_phy/ddr_phy_4lanes_0.u_ddr_phy_4lanes/ddr_byte_lane_C.ddr_byte_lane_C/ddr_byte_group_io/dqs_gen.oddr_dqsts/C
                         clock pessimism              0.564     5.652    
                         clock uncertainty           -0.060     5.592    
    OLOGIC_X1Y82         ODDR (Setup_oddr_C_D1)      -0.723     4.869    u_ddr3/u_mig/u_mig_7series_0_mig/u_memc_ui_top_axi/mem_intfc0/ddr_phy_top0/u_ddr_mc_phy_wrapper/u_ddr_mc_phy/ddr_phy_4lanes_0.u_ddr_phy_4lanes/ddr_byte_lane_C.ddr_byte_lane_C/ddr_byte_group_io/dqs_gen.oddr_dqsts
  -------------------------------------------------------------------
                         required time                          4.869    
                         arrival time                          -3.680    
  -------------------------------------------------------------------
                         slack                                  1.189    





Min Delay Paths
--------------------------------------------------------------------------------------
Slack (MET) :             0.411ns  (arrival time - required time)
  Source:                 u_ddr3/u_mig/u_mig_7series_0_mig/u_memc_ui_top_axi/mem_intfc0/ddr_phy_top0/u_ddr_mc_phy_wrapper/u_ddr_mc_phy/ddr_phy_4lanes_0.u_ddr_phy_4lanes/ddr_byte_lane_C.ddr_byte_lane_C/phaser_out/OCLKDELAYED
                            (rising edge-triggered cell PHASER_OUT_PHY clocked by oserdes_clk_2  {rise@0.000ns fall@1.250ns period=2.500ns})
  Destination:            u_ddr3/u_mig/u_mig_7series_0_mig/u_memc_ui_top_axi/mem_intfc0/ddr_phy_top0/u_ddr_mc_phy_wrapper/u_ddr_mc_phy/ddr_phy_4lanes_0.u_ddr_phy_4lanes/ddr_byte_lane_C.ddr_byte_lane_C/ddr_byte_group_io/dqs_gen.oddr_dqs/D2
                            (rising edge-triggered cell ODDR clocked by oserdes_clk_2  {rise@0.000ns fall@1.250ns period=2.500ns})
  Path Group:             oserdes_clk_2
  Path Type:              Hold (Min at Fast Process Corner)
  Requirement:            0.000ns  (oserdes_clk_2 rise@0.000ns - oserdes_clk_2 rise@0.000ns)
  Data Path Delay:        0.494ns  (logic 0.346ns (70.032%)  route 0.148ns (29.968%))
  Logic Levels:           0  
  Clock Path Skew:        0.176ns (DCD - SCD - CPR)
    Destination Clock Delay (DCD):    2.051ns
    Source Clock Delay      (SCD):    2.013ns
    Clock Pessimism Removal (CPR):    -0.138ns

    Location             Delay type                Incr(ns)  Path(ns)    Netlist Resource(s)
  -------------------------------------------------------------------    -------------------
                         (clock oserdes_clk_2 rise edge)
                                                      0.000     0.000 r  
    R4                                                0.000     0.000 r  sys_clk (IN)
                         net (fo=0)                   0.000     0.000    u_clock_and_reset/clk_wiz_0/inst/clk_in1
    R4                   IBUF (Prop_ibuf_I_O)         0.269     0.269 r  u_clock_and_reset/clk_wiz_0/inst/clkin1_ibufg/O
                         net (fo=1, routed)           0.440     0.709    u_clock_and_reset/clk_wiz_0/inst/clk_in1_clk_wiz_0
    MMCME2_ADV_X1Y0      MMCME2_ADV (Prop_mmcme2_adv_CLKIN1_CLKOUT0)
                                                     -2.360    -1.651 r  u_clock_and_reset/clk_wiz_0/inst/mmcm_adv_inst/CLKOUT0
                         net (fo=1, routed)           0.486    -1.165    u_clock_and_reset/clk_wiz_0/inst/clk_out1_clk_wiz_0
    BUFGCTRL_X0Y1        BUFG (Prop_bufg_I_O)         0.026    -1.139 r  u_clock_and_reset/clk_wiz_0/inst/clkout1_buf/O
                         net (fo=64, routed)          0.552    -0.587    u_ddr3/u_mig/u_mig_7series_0_mig/u_ddr3_infrastructure/CLK
    PLLE2_ADV_X1Y1       PLLE2_ADV (Prop_plle2_adv_CLKIN1_CLKOUT1)
                                                      0.050    -0.537 r  u_ddr3/u_mig/u_mig_7series_0_mig/u_ddr3_infrastructure/plle2_i/CLKOUT1
                         net (fo=7, routed)           0.197    -0.340    u_ddr3/u_mig/u_mig_7series_0_mig/u_memc_ui_top_axi/mem_intfc0/ddr_phy_top0/u_ddr_mc_phy_wrapper/u_ddr_mc_phy/ddr_phy_4lanes_0.u_ddr_phy_4lanes/ddr_byte_lane_C.ddr_byte_lane_C/mem_refclk
    PHASER_OUT_PHY_X1Y6  PHASER_OUT_PHY (Prop_phaser_out_phy_MEMREFCLK_OCLK)
                                                      1.813     1.473 r  u_ddr3/u_mig/u_mig_7series_0_mig/u_memc_ui_top_axi/mem_intfc0/ddr_phy_top0/u_ddr_mc_phy_wrapper/u_ddr_mc_phy/ddr_phy_4lanes_0.u_ddr_phy_4lanes/ddr_byte_lane_C.ddr_byte_lane_C/phaser_out/OCLK
    PHASER_OUT_PHY_X1Y6  PHASER_OUT_PHY (Prop_phaser_out_phy_OCLK_OCLKDELAYED)
                                                      0.539     2.013 r  u_ddr3/u_mig/u_mig_7series_0_mig/u_memc_ui_top_axi/mem_intfc0/ddr_phy_top0/u_ddr_mc_phy_wrapper/u_ddr_mc_phy/ddr_phy_4lanes_0.u_ddr_phy_4lanes/ddr_byte_lane_C.ddr_byte_lane_C/phaser_out/OCLKDELAYED
  -------------------------------------------------------------------    -------------------
    PHASER_OUT_PHY_X1Y6  PHASER_OUT_PHY (Prop_phaser_out_phy_OCLKDELAYED_DQSBUS[1])
                                                      0.346     2.359 r  u_ddr3/u_mig/u_mig_7series_0_mig/u_memc_ui_top_axi/mem_intfc0/ddr_phy_top0/u_ddr_mc_phy_wrapper/u_ddr_mc_phy/ddr_phy_4lanes_0.u_ddr_phy_4lanes/ddr_byte_lane_C.ddr_byte_lane_C/phaser_out/DQSBUS[1]
                         net (fo=1, routed)           0.148     2.507    u_ddr3/u_mig/u_mig_7series_0_mig/u_memc_ui_top_axi/mem_intfc0/ddr_phy_top0/u_ddr_mc_phy_wrapper/u_ddr_mc_phy/ddr_phy_4lanes_0.u_ddr_phy_4lanes/ddr_byte_lane_C.ddr_byte_lane_C/ddr_byte_group_io/DQSBUS[1]
    OLOGIC_X1Y82         ODDR                                         r  u_ddr3/u_mig/u_mig_7series_0_mig/u_memc_ui_top_axi/mem_intfc0/ddr_phy_top0/u_ddr_mc_phy_wrapper/u_ddr_mc_phy/ddr_phy_4lanes_0.u_ddr_phy_4lanes/ddr_byte_lane_C.ddr_byte_lane_C/ddr_byte_group_io/dqs_gen.oddr_dqs/D2
  -------------------------------------------------------------------    -------------------

                         (clock oserdes_clk_2 rise edge)
                                                      0.000     0.000 r  
    R4                                                0.000     0.000 r  sys_clk (IN)
                         net (fo=0)                   0.000     0.000    u_clock_and_reset/clk_wiz_0/inst/clk_in1
    R4                   IBUF (Prop_ibuf_I_O)         0.457     0.457 r  u_clock_and_reset/clk_wiz_0/inst/clkin1_ibufg/O
                         net (fo=1, routed)           0.480     0.937    u_clock_and_reset/clk_wiz_0/inst/clk_in1_clk_wiz_0
    MMCME2_ADV_X1Y0      MMCME2_ADV (Prop_mmcme2_adv_CLKIN1_CLKOUT0)
                                                     -3.142    -2.205 r  u_clock_and_reset/clk_wiz_0/inst/mmcm_adv_inst/CLKOUT0
                         net (fo=1, routed)           0.530    -1.676    u_clock_and_reset/clk_wiz_0/inst/clk_out1_clk_wiz_0
    BUFGCTRL_X0Y1        BUFG (Prop_bufg_I_O)         0.029    -1.647 r  u_clock_and_reset/clk_wiz_0/inst/clkout1_buf/O
                         net (fo=64, routed)          0.820    -0.827    u_ddr3/u_mig/u_mig_7series_0_mig/u_ddr3_infrastructure/CLK
    PLLE2_ADV_X1Y1       PLLE2_ADV (Prop_plle2_adv_CLKIN1_CLKOUT1)
                                                      0.053    -0.774 r  u_ddr3/u_mig/u_mig_7series_0_mig/u_ddr3_infrastructure/plle2_i/CLKOUT1
                         net (fo=7, routed)           0.218    -0.556    u_ddr3/u_mig/u_mig_7series_0_mig/u_memc_ui_top_axi/mem_intfc0/ddr_phy_top0/u_ddr_mc_phy_wrapper/u_ddr_mc_phy/ddr_phy_4lanes_0.u_ddr_phy_4lanes/ddr_byte_lane_C.ddr_byte_lane_C/mem_refclk
    PHASER_OUT_PHY_X1Y6  PHASER_OUT_PHY (Prop_phaser_out_phy_MEMREFCLK_OCLK)
                                                      1.858     1.302 r  u_ddr3/u_mig/u_mig_7series_0_mig/u_memc_ui_top_axi/mem_intfc0/ddr_phy_top0/u_ddr_mc_phy_wrapper/u_ddr_mc_phy/ddr_phy_4lanes_0.u_ddr_phy_4lanes/ddr_byte_lane_C.ddr_byte_lane_C/phaser_out/OCLK
    PHASER_OUT_PHY_X1Y6  PHASER_OUT_PHY (Prop_phaser_out_phy_OCLK_OCLKDELAYED)
                                                      0.573     1.875 r  u_ddr3/u_mig/u_mig_7series_0_mig/u_memc_ui_top_axi/mem_intfc0/ddr_phy_top0/u_ddr_mc_phy_wrapper/u_ddr_mc_phy/ddr_phy_4lanes_0.u_ddr_phy_4lanes/ddr_byte_lane_C.ddr_byte_lane_C/phaser_out/OCLKDELAYED
                         net (fo=2, routed)           0.176     2.051    u_ddr3/u_mig/u_mig_7series_0_mig/u_memc_ui_top_axi/mem_intfc0/ddr_phy_top0/u_ddr_mc_phy_wrapper/u_ddr_mc_phy/ddr_phy_4lanes_0.u_ddr_phy_4lanes/ddr_byte_lane_C.ddr_byte_lane_C/ddr_byte_group_io/oserdes_clk_delayed
    OLOGIC_X1Y82         ODDR                                         r  u_ddr3/u_mig/u_mig_7series_0_mig/u_memc_ui_top_axi/mem_intfc0/ddr_phy_top0/u_ddr_mc_phy_wrapper/u_ddr_mc_phy/ddr_phy_4lanes_0.u_ddr_phy_4lanes/ddr_byte_lane_C.ddr_byte_lane_C/ddr_byte_group_io/dqs_gen.oddr_dqs/C
                         clock pessimism              0.138     2.189    
    OLOGIC_X1Y82         ODDR (Hold_oddr_C_D2)       -0.093     2.096    u_ddr3/u_mig/u_mig_7series_0_mig/u_memc_ui_top_axi/mem_intfc0/ddr_phy_top0/u_ddr_mc_phy_wrapper/u_ddr_mc_phy/ddr_phy_4lanes_0.u_ddr_phy_4lanes/ddr_byte_lane_C.ddr_byte_lane_C/ddr_byte_group_io/dqs_gen.oddr_dqs
  -------------------------------------------------------------------
                         required time                         -2.096    
                         arrival time                           2.507    
  -------------------------------------------------------------------
                         slack                                  0.411    





Pulse Width Checks
--------------------------------------------------------------------------------------
Clock Name:         oserdes_clk_2
Waveform(ns):       { 0.000 1.250 }
Period(ns):         2.500
Sources:            { u_ddr3/u_mig/u_mig_7series_0_mig/u_memc_ui_top_axi/mem_intfc0/ddr_phy_top0/u_ddr_mc_phy_wrapper/u_ddr_mc_phy/ddr_phy_4lanes_0.u_ddr_phy_4lanes/ddr_byte_lane_C.ddr_byte_lane_C/phaser_out/OCLK }

Check Type  Corner  Lib Pin  Reference Pin  Required(ns)  Actual(ns)  Slack(ns)  Location      Pin
Min Period  n/a     ODDR/C   n/a            1.474         2.500       1.026      OLOGIC_X1Y82  u_ddr3/u_mig/u_mig_7series_0_mig/u_memc_ui_top_axi/mem_intfc0/ddr_phy_top0/u_ddr_mc_phy_wrapper/u_ddr_mc_phy/ddr_phy_4lanes_0.u_ddr_phy_4lanes/ddr_byte_lane_C.ddr_byte_lane_C/ddr_byte_group_io/dqs_gen.oddr_dqs/C



---------------------------------------------------------------------------------------------------
From Clock:  oserdes_clkdiv_2
  To Clock:  oserdes_clkdiv_2

Setup :            0  Failing Endpoints,  Worst Slack        3.863ns,  Total Violation        0.000ns
Hold  :            0  Failing Endpoints,  Worst Slack        0.090ns,  Total Violation        0.000ns
PW    :            0  Failing Endpoints,  Worst Slack        0.000ns,  Total Violation        0.000ns
---------------------------------------------------------------------------------------------------


Max Delay Paths
--------------------------------------------------------------------------------------
Slack (MET) :             3.863ns  (required time - arrival time)
  Source:                 u_ddr3/u_mig/u_mig_7series_0_mig/u_memc_ui_top_axi/mem_intfc0/ddr_phy_top0/u_ddr_mc_phy_wrapper/u_ddr_mc_phy/ddr_phy_4lanes_0.u_ddr_phy_4lanes/ddr_byte_lane_C.ddr_byte_lane_C/out_fifo/RDCLK
                            (rising edge-triggered cell OUT_FIFO clocked by oserdes_clkdiv_2  {rise@0.000ns fall@2.500ns period=5.000ns})
  Destination:            u_ddr3/u_mig/u_mig_7series_0_mig/u_memc_ui_top_axi/mem_intfc0/ddr_phy_top0/u_ddr_mc_phy_wrapper/u_ddr_mc_phy/ddr_phy_4lanes_0.u_ddr_phy_4lanes/ddr_byte_lane_C.ddr_byte_lane_C/ddr_byte_group_io/output_[6].oserdes_dq_.ddr.oserdes_dq_i/D1
                            (rising edge-triggered cell OSERDESE2 clocked by oserdes_clkdiv_2  {rise@0.000ns fall@2.500ns period=5.000ns})
  Path Group:             oserdes_clkdiv_2
  Path Type:              Setup (Max at Slow Process Corner)
  Requirement:            5.000ns  (oserdes_clkdiv_2 rise@5.000ns - oserdes_clkdiv_2 rise@0.000ns)
  Data Path Delay:        0.964ns  (logic 0.596ns (61.822%)  route 0.368ns (38.178%))
  Logic Levels:           0  
  Clock Path Skew:        0.336ns (DCD - SCD + CPR)
    Destination Clock Delay (DCD):    2.097ns = ( 7.097 - 5.000 ) 
    Source Clock Delay      (SCD):    2.295ns
    Clock Pessimism Removal (CPR):    0.534ns
  Clock Uncertainty:      0.060ns  ((TSJ^2 + DJ^2)^1/2) / 2 + PE
    Total System Jitter     (TSJ):    0.071ns
    Discrete Jitter          (DJ):    0.096ns
    Phase Error              (PE):    0.000ns

    Location             Delay type                Incr(ns)  Path(ns)    Netlist Resource(s)
  -------------------------------------------------------------------    -------------------
                         (clock oserdes_clkdiv_2 rise edge)
                                                      0.000     0.000 r  
    R4                                                0.000     0.000 r  sys_clk (IN)
                         net (fo=0)                   0.000     0.000    u_clock_and_reset/clk_wiz_0/inst/clk_in1
    R4                   IBUF (Prop_ibuf_I_O)         1.432     1.432 r  u_clock_and_reset/clk_wiz_0/inst/clkin1_ibufg/O
                         net (fo=1, routed)           1.065     2.497    u_clock_and_reset/clk_wiz_0/inst/clk_in1_clk_wiz_0
    MMCME2_ADV_X1Y0      MMCME2_ADV (Prop_mmcme2_adv_CLKIN1_CLKOUT0)
                                                     -5.921    -3.424 r  u_clock_and_reset/clk_wiz_0/inst/mmcm_adv_inst/CLKOUT0
                         net (fo=1, routed)           1.421    -2.004    u_clock_and_reset/clk_wiz_0/inst/clk_out1_clk_wiz_0
    BUFGCTRL_X0Y1        BUFG (Prop_bufg_I_O)         0.081    -1.923 r  u_clock_and_reset/clk_wiz_0/inst/clkout1_buf/O
                         net (fo=64, routed)          1.394    -0.528    u_ddr3/u_mig/u_mig_7series_0_mig/u_ddr3_infrastructure/CLK
    PLLE2_ADV_X1Y1       PLLE2_ADV (Prop_plle2_adv_CLKIN1_CLKOUT1)
                                                      0.077    -0.451 r  u_ddr3/u_mig/u_mig_7series_0_mig/u_ddr3_infrastructure/plle2_i/CLKOUT1
                         net (fo=7, routed)           0.522     0.071    u_ddr3/u_mig/u_mig_7series_0_mig/u_memc_ui_top_axi/mem_intfc0/ddr_phy_top0/u_ddr_mc_phy_wrapper/u_ddr_mc_phy/ddr_phy_4lanes_0.u_ddr_phy_4lanes/ddr_byte_lane_C.ddr_byte_lane_C/mem_refclk
    PHASER_OUT_PHY_X1Y6  PHASER_OUT_PHY (Prop_phaser_out_phy_MEMREFCLK_OCLK)
                                                      2.083     2.154 r  u_ddr3/u_mig/u_mig_7series_0_mig/u_memc_ui_top_axi/mem_intfc0/ddr_phy_top0/u_ddr_mc_phy_wrapper/u_ddr_mc_phy/ddr_phy_4lanes_0.u_ddr_phy_4lanes/ddr_byte_lane_C.ddr_byte_lane_C/phaser_out/OCLK
    PHASER_OUT_PHY_X1Y6  PHASER_OUT_PHY (Prop_phaser_out_phy_OCLK_OCLKDIV)
                                                      0.141     2.295 r  u_ddr3/u_mig/u_mig_7series_0_mig/u_memc_ui_top_axi/mem_intfc0/ddr_phy_top0/u_ddr_mc_phy_wrapper/u_ddr_mc_phy/ddr_phy_4lanes_0.u_ddr_phy_4lanes/ddr_byte_lane_C.ddr_byte_lane_C/phaser_out/OCLKDIV
                         net (fo=11, routed)          0.000     2.295    u_ddr3/u_mig/u_mig_7series_0_mig/u_memc_ui_top_axi/mem_intfc0/ddr_phy_top0/u_ddr_mc_phy_wrapper/u_ddr_mc_phy/ddr_phy_4lanes_0.u_ddr_phy_4lanes/ddr_byte_lane_C.ddr_byte_lane_C/oserdes_clkdiv
    OUT_FIFO_X1Y6        OUT_FIFO                                     r  u_ddr3/u_mig/u_mig_7series_0_mig/u_memc_ui_top_axi/mem_intfc0/ddr_phy_top0/u_ddr_mc_phy_wrapper/u_ddr_mc_phy/ddr_phy_4lanes_0.u_ddr_phy_4lanes/ddr_byte_lane_C.ddr_byte_lane_C/out_fifo/RDCLK
  -------------------------------------------------------------------    -------------------
    OUT_FIFO_X1Y6        OUT_FIFO (Prop_out_fifo_RDCLK_Q6[0])
                                                      0.596     2.891 r  u_ddr3/u_mig/u_mig_7series_0_mig/u_memc_ui_top_axi/mem_intfc0/ddr_phy_top0/u_ddr_mc_phy_wrapper/u_ddr_mc_phy/ddr_phy_4lanes_0.u_ddr_phy_4lanes/ddr_byte_lane_C.ddr_byte_lane_C/out_fifo/Q6[0]
                         net (fo=1, routed)           0.368     3.259    u_ddr3/u_mig/u_mig_7series_0_mig/u_memc_ui_top_axi/mem_intfc0/ddr_phy_top0/u_ddr_mc_phy_wrapper/u_ddr_mc_phy/ddr_phy_4lanes_0.u_ddr_phy_4lanes/ddr_byte_lane_C.ddr_byte_lane_C/ddr_byte_group_io/of_dqbus[20]
    OLOGIC_X1Y83         OSERDESE2                                    r  u_ddr3/u_mig/u_mig_7series_0_mig/u_memc_ui_top_axi/mem_intfc0/ddr_phy_top0/u_ddr_mc_phy_wrapper/u_ddr_mc_phy/ddr_phy_4lanes_0.u_ddr_phy_4lanes/ddr_byte_lane_C.ddr_byte_lane_C/ddr_byte_group_io/output_[6].oserdes_dq_.ddr.oserdes_dq_i/D1
  -------------------------------------------------------------------    -------------------

                         (clock oserdes_clkdiv_2 rise edge)
                                                      5.000     5.000 r  
    R4                                                0.000     5.000 r  sys_clk (IN)
                         net (fo=0)                   0.000     5.000    u_clock_and_reset/clk_wiz_0/inst/clk_in1
    R4                   IBUF (Prop_ibuf_I_O)         1.366     6.366 r  u_clock_and_reset/clk_wiz_0/inst/clkin1_ibufg/O
                         net (fo=1, routed)           1.004     7.369    u_clock_and_reset/clk_wiz_0/inst/clk_in1_clk_wiz_0
    MMCME2_ADV_X1Y0      MMCME2_ADV (Prop_mmcme2_adv_CLKIN1_CLKOUT0)
                                                     -6.057     1.312 r  u_clock_and_reset/clk_wiz_0/inst/mmcm_adv_inst/CLKOUT0
                         net (fo=1, routed)           1.352     2.665    u_clock_and_reset/clk_wiz_0/inst/clk_out1_clk_wiz_0
    BUFGCTRL_X0Y1        BUFG (Prop_bufg_I_O)         0.077     2.742 r  u_clock_and_reset/clk_wiz_0/inst/clkout1_buf/O
                         net (fo=64, routed)          1.290     4.032    u_ddr3/u_mig/u_mig_7series_0_mig/u_ddr3_infrastructure/CLK
    PLLE2_ADV_X1Y1       PLLE2_ADV (Prop_plle2_adv_CLKIN1_CLKOUT1)
                                                      0.073     4.105 r  u_ddr3/u_mig/u_mig_7series_0_mig/u_ddr3_infrastructure/plle2_i/CLKOUT1
                         net (fo=7, routed)           0.496     4.601    u_ddr3/u_mig/u_mig_7series_0_mig/u_memc_ui_top_axi/mem_intfc0/ddr_phy_top0/u_ddr_mc_phy_wrapper/u_ddr_mc_phy/ddr_phy_4lanes_0.u_ddr_phy_4lanes/ddr_byte_lane_C.ddr_byte_lane_C/mem_refclk
    PHASER_OUT_PHY_X1Y6  PHASER_OUT_PHY (Prop_phaser_out_phy_MEMREFCLK_OCLK)
                                                      2.027     6.628 r  u_ddr3/u_mig/u_mig_7series_0_mig/u_memc_ui_top_axi/mem_intfc0/ddr_phy_top0/u_ddr_mc_phy_wrapper/u_ddr_mc_phy/ddr_phy_4lanes_0.u_ddr_phy_4lanes/ddr_byte_lane_C.ddr_byte_lane_C/phaser_out/OCLK
    PHASER_OUT_PHY_X1Y6  PHASER_OUT_PHY (Prop_phaser_out_phy_OCLK_OCLKDIV)
                                                      0.133     6.761 r  u_ddr3/u_mig/u_mig_7series_0_mig/u_memc_ui_top_axi/mem_intfc0/ddr_phy_top0/u_ddr_mc_phy_wrapper/u_ddr_mc_phy/ddr_phy_4lanes_0.u_ddr_phy_4lanes/ddr_byte_lane_C.ddr_byte_lane_C/phaser_out/OCLKDIV
                         net (fo=11, routed)          0.336     7.097    u_ddr3/u_mig/u_mig_7series_0_mig/u_memc_ui_top_axi/mem_intfc0/ddr_phy_top0/u_ddr_mc_phy_wrapper/u_ddr_mc_phy/ddr_phy_4lanes_0.u_ddr_phy_4lanes/ddr_byte_lane_C.ddr_byte_lane_C/ddr_byte_group_io/oserdes_clkdiv
    OLOGIC_X1Y83         OSERDESE2                                    r  u_ddr3/u_mig/u_mig_7series_0_mig/u_memc_ui_top_axi/mem_intfc0/ddr_phy_top0/u_ddr_mc_phy_wrapper/u_ddr_mc_phy/ddr_phy_4lanes_0.u_ddr_phy_4lanes/ddr_byte_lane_C.ddr_byte_lane_C/ddr_byte_group_io/output_[6].oserdes_dq_.ddr.oserdes_dq_i/CLKDIV
                         clock pessimism              0.534     7.631    
                         clock uncertainty           -0.060     7.571    
    OLOGIC_X1Y83         OSERDESE2 (Setup_oserdese2_CLKDIV_D1)
                                                     -0.449     7.122    u_ddr3/u_mig/u_mig_7series_0_mig/u_memc_ui_top_axi/mem_intfc0/ddr_phy_top0/u_ddr_mc_phy_wrapper/u_ddr_mc_phy/ddr_phy_4lanes_0.u_ddr_phy_4lanes/ddr_byte_lane_C.ddr_byte_lane_C/ddr_byte_group_io/output_[6].oserdes_dq_.ddr.oserdes_dq_i
  -------------------------------------------------------------------
                         required time                          7.122    
                         arrival time                          -3.259    
  -------------------------------------------------------------------
                         slack                                  3.863    





Min Delay Paths
--------------------------------------------------------------------------------------
Slack (MET) :             0.090ns  (arrival time - required time)
  Source:                 u_ddr3/u_mig/u_mig_7series_0_mig/u_memc_ui_top_axi/mem_intfc0/ddr_phy_top0/u_ddr_mc_phy_wrapper/u_ddr_mc_phy/ddr_phy_4lanes_0.u_ddr_phy_4lanes/ddr_byte_lane_C.ddr_byte_lane_C/out_fifo/RDCLK
                            (rising edge-triggered cell OUT_FIFO clocked by oserdes_clkdiv_2  {rise@0.000ns fall@2.500ns period=5.000ns})
  Destination:            u_ddr3/u_mig/u_mig_7series_0_mig/u_memc_ui_top_axi/mem_intfc0/ddr_phy_top0/u_ddr_mc_phy_wrapper/u_ddr_mc_phy/ddr_phy_4lanes_0.u_ddr_phy_4lanes/ddr_byte_lane_C.ddr_byte_lane_C/ddr_byte_group_io/output_[2].oserdes_dq_.ddr.oserdes_dq_i/D2
                            (rising edge-triggered cell OSERDESE2 clocked by oserdes_clkdiv_2  {rise@0.000ns fall@2.500ns period=5.000ns})
  Path Group:             oserdes_clkdiv_2
  Path Type:              Hold (Min at Fast Process Corner)
  Requirement:            0.000ns  (oserdes_clkdiv_2 rise@0.000ns - oserdes_clkdiv_2 rise@0.000ns)
  Data Path Delay:        0.286ns  (logic 0.138ns (48.242%)  route 0.148ns (51.758%))
  Logic Levels:           0  
  Clock Path Skew:        0.177ns (DCD - SCD - CPR)
    Destination Clock Delay (DCD):    1.567ns
    Source Clock Delay      (SCD):    1.556ns
    Clock Pessimism Removal (CPR):    -0.166ns

    Location             Delay type                Incr(ns)  Path(ns)    Netlist Resource(s)
  -------------------------------------------------------------------    -------------------
                         (clock oserdes_clkdiv_2 rise edge)
                                                      0.000     0.000 r  
    R4                                                0.000     0.000 r  sys_clk (IN)
                         net (fo=0)                   0.000     0.000    u_clock_and_reset/clk_wiz_0/inst/clk_in1
    R4                   IBUF (Prop_ibuf_I_O)         0.269     0.269 r  u_clock_and_reset/clk_wiz_0/inst/clkin1_ibufg/O
                         net (fo=1, routed)           0.440     0.709    u_clock_and_reset/clk_wiz_0/inst/clk_in1_clk_wiz_0
    MMCME2_ADV_X1Y0      MMCME2_ADV (Prop_mmcme2_adv_CLKIN1_CLKOUT0)
                                                     -2.360    -1.651 r  u_clock_and_reset/clk_wiz_0/inst/mmcm_adv_inst/CLKOUT0
                         net (fo=1, routed)           0.486    -1.165    u_clock_and_reset/clk_wiz_0/inst/clk_out1_clk_wiz_0
    BUFGCTRL_X0Y1        BUFG (Prop_bufg_I_O)         0.026    -1.139 r  u_clock_and_reset/clk_wiz_0/inst/clkout1_buf/O
                         net (fo=64, routed)          0.552    -0.587    u_ddr3/u_mig/u_mig_7series_0_mig/u_ddr3_infrastructure/CLK
    PLLE2_ADV_X1Y1       PLLE2_ADV (Prop_plle2_adv_CLKIN1_CLKOUT1)
                                                      0.050    -0.537 r  u_ddr3/u_mig/u_mig_7series_0_mig/u_ddr3_infrastructure/plle2_i/CLKOUT1
                         net (fo=7, routed)           0.197    -0.340    u_ddr3/u_mig/u_mig_7series_0_mig/u_memc_ui_top_axi/mem_intfc0/ddr_phy_top0/u_ddr_mc_phy_wrapper/u_ddr_mc_phy/ddr_phy_4lanes_0.u_ddr_phy_4lanes/ddr_byte_lane_C.ddr_byte_lane_C/mem_refclk
    PHASER_OUT_PHY_X1Y6  PHASER_OUT_PHY (Prop_phaser_out_phy_MEMREFCLK_OCLK)
                                                      1.813     1.473 r  u_ddr3/u_mig/u_mig_7series_0_mig/u_memc_ui_top_axi/mem_intfc0/ddr_phy_top0/u_ddr_mc_phy_wrapper/u_ddr_mc_phy/ddr_phy_4lanes_0.u_ddr_phy_4lanes/ddr_byte_lane_C.ddr_byte_lane_C/phaser_out/OCLK
    PHASER_OUT_PHY_X1Y6  PHASER_OUT_PHY (Prop_phaser_out_phy_OCLK_OCLKDIV)
                                                      0.083     1.556 r  u_ddr3/u_mig/u_mig_7series_0_mig/u_memc_ui_top_axi/mem_intfc0/ddr_phy_top0/u_ddr_mc_phy_wrapper/u_ddr_mc_phy/ddr_phy_4lanes_0.u_ddr_phy_4lanes/ddr_byte_lane_C.ddr_byte_lane_C/phaser_out/OCLKDIV
                         net (fo=11, routed)          0.000     1.556    u_ddr3/u_mig/u_mig_7series_0_mig/u_memc_ui_top_axi/mem_intfc0/ddr_phy_top0/u_ddr_mc_phy_wrapper/u_ddr_mc_phy/ddr_phy_4lanes_0.u_ddr_phy_4lanes/ddr_byte_lane_C.ddr_byte_lane_C/oserdes_clkdiv
    OUT_FIFO_X1Y6        OUT_FIFO                                     r  u_ddr3/u_mig/u_mig_7series_0_mig/u_memc_ui_top_axi/mem_intfc0/ddr_phy_top0/u_ddr_mc_phy_wrapper/u_ddr_mc_phy/ddr_phy_4lanes_0.u_ddr_phy_4lanes/ddr_byte_lane_C.ddr_byte_lane_C/out_fifo/RDCLK
  -------------------------------------------------------------------    -------------------
    OUT_FIFO_X1Y6        OUT_FIFO (Prop_out_fifo_RDCLK_Q2[1])
                                                      0.138     1.694 r  u_ddr3/u_mig/u_mig_7series_0_mig/u_memc_ui_top_axi/mem_intfc0/ddr_phy_top0/u_ddr_mc_phy_wrapper/u_ddr_mc_phy/ddr_phy_4lanes_0.u_ddr_phy_4lanes/ddr_byte_lane_C.ddr_byte_lane_C/out_fifo/Q2[1]
                         net (fo=1, routed)           0.148     1.842    u_ddr3/u_mig/u_mig_7series_0_mig/u_memc_ui_top_axi/mem_intfc0/ddr_phy_top0/u_ddr_mc_phy_wrapper/u_ddr_mc_phy/ddr_phy_4lanes_0.u_ddr_phy_4lanes/ddr_byte_lane_C.ddr_byte_lane_C/ddr_byte_group_io/of_dqbus[5]
    OLOGIC_X1Y77         OSERDESE2                                    r  u_ddr3/u_mig/u_mig_7series_0_mig/u_memc_ui_top_axi/mem_intfc0/ddr_phy_top0/u_ddr_mc_phy_wrapper/u_ddr_mc_phy/ddr_phy_4lanes_0.u_ddr_phy_4lanes/ddr_byte_lane_C.ddr_byte_lane_C/ddr_byte_group_io/output_[2].oserdes_dq_.ddr.oserdes_dq_i/D2
  -------------------------------------------------------------------    -------------------

                         (clock oserdes_clkdiv_2 rise edge)
                                                      0.000     0.000 r  
    R4                                                0.000     0.000 r  sys_clk (IN)
                         net (fo=0)                   0.000     0.000    u_clock_and_reset/clk_wiz_0/inst/clk_in1
    R4                   IBUF (Prop_ibuf_I_O)         0.457     0.457 r  u_clock_and_reset/clk_wiz_0/inst/clkin1_ibufg/O
                         net (fo=1, routed)           0.480     0.937    u_clock_and_reset/clk_wiz_0/inst/clk_in1_clk_wiz_0
    MMCME2_ADV_X1Y0      MMCME2_ADV (Prop_mmcme2_adv_CLKIN1_CLKOUT0)
                                                     -3.142    -2.205 r  u_clock_and_reset/clk_wiz_0/inst/mmcm_adv_inst/CLKOUT0
                         net (fo=1, routed)           0.530    -1.676    u_clock_and_reset/clk_wiz_0/inst/clk_out1_clk_wiz_0
    BUFGCTRL_X0Y1        BUFG (Prop_bufg_I_O)         0.029    -1.647 r  u_clock_and_reset/clk_wiz_0/inst/clkout1_buf/O
                         net (fo=64, routed)          0.820    -0.827    u_ddr3/u_mig/u_mig_7series_0_mig/u_ddr3_infrastructure/CLK
    PLLE2_ADV_X1Y1       PLLE2_ADV (Prop_plle2_adv_CLKIN1_CLKOUT1)
                                                      0.053    -0.774 r  u_ddr3/u_mig/u_mig_7series_0_mig/u_ddr3_infrastructure/plle2_i/CLKOUT1
                         net (fo=7, routed)           0.218    -0.556    u_ddr3/u_mig/u_mig_7series_0_mig/u_memc_ui_top_axi/mem_intfc0/ddr_phy_top0/u_ddr_mc_phy_wrapper/u_ddr_mc_phy/ddr_phy_4lanes_0.u_ddr_phy_4lanes/ddr_byte_lane_C.ddr_byte_lane_C/mem_refclk
    PHASER_OUT_PHY_X1Y6  PHASER_OUT_PHY (Prop_phaser_out_phy_MEMREFCLK_OCLK)
                                                      1.858     1.302 r  u_ddr3/u_mig/u_mig_7series_0_mig/u_memc_ui_top_axi/mem_intfc0/ddr_phy_top0/u_ddr_mc_phy_wrapper/u_ddr_mc_phy/ddr_phy_4lanes_0.u_ddr_phy_4lanes/ddr_byte_lane_C.ddr_byte_lane_C/phaser_out/OCLK
    PHASER_OUT_PHY_X1Y6  PHASER_OUT_PHY (Prop_phaser_out_phy_OCLK_OCLKDIV)
                                                      0.088     1.390 r  u_ddr3/u_mig/u_mig_7series_0_mig/u_memc_ui_top_axi/mem_intfc0/ddr_phy_top0/u_ddr_mc_phy_wrapper/u_ddr_mc_phy/ddr_phy_4lanes_0.u_ddr_phy_4lanes/ddr_byte_lane_C.ddr_byte_lane_C/phaser_out/OCLKDIV
                         net (fo=11, routed)          0.177     1.567    u_ddr3/u_mig/u_mig_7series_0_mig/u_memc_ui_top_axi/mem_intfc0/ddr_phy_top0/u_ddr_mc_phy_wrapper/u_ddr_mc_phy/ddr_phy_4lanes_0.u_ddr_phy_4lanes/ddr_byte_lane_C.ddr_byte_lane_C/ddr_byte_group_io/oserdes_clkdiv
    OLOGIC_X1Y77         OSERDESE2                                    r  u_ddr3/u_mig/u_mig_7series_0_mig/u_memc_ui_top_axi/mem_intfc0/ddr_phy_top0/u_ddr_mc_phy_wrapper/u_ddr_mc_phy/ddr_phy_4lanes_0.u_ddr_phy_4lanes/ddr_byte_lane_C.ddr_byte_lane_C/ddr_byte_group_io/output_[2].oserdes_dq_.ddr.oserdes_dq_i/CLKDIV
                         clock pessimism              0.166     1.733    
    OLOGIC_X1Y77         OSERDESE2 (Hold_oserdese2_CLKDIV_D2)
                                                      0.019     1.752    u_ddr3/u_mig/u_mig_7series_0_mig/u_memc_ui_top_axi/mem_intfc0/ddr_phy_top0/u_ddr_mc_phy_wrapper/u_ddr_mc_phy/ddr_phy_4lanes_0.u_ddr_phy_4lanes/ddr_byte_lane_C.ddr_byte_lane_C/ddr_byte_group_io/output_[2].oserdes_dq_.ddr.oserdes_dq_i
  -------------------------------------------------------------------
                         required time                         -1.752    
                         arrival time                           1.842    
  -------------------------------------------------------------------
                         slack                                  0.090    





Pulse Width Checks
--------------------------------------------------------------------------------------
Clock Name:         oserdes_clkdiv_2
Waveform(ns):       { 0.000 2.500 }
Period(ns):         5.000
Sources:            { u_ddr3/u_mig/u_mig_7series_0_mig/u_memc_ui_top_axi/mem_intfc0/ddr_phy_top0/u_ddr_mc_phy_wrapper/u_ddr_mc_phy/ddr_phy_4lanes_0.u_ddr_phy_4lanes/ddr_byte_lane_C.ddr_byte_lane_C/phaser_out/OCLKDIV }

Check Type        Corner  Lib Pin         Reference Pin  Required(ns)  Actual(ns)  Slack(ns)  Location       Pin
Min Period        n/a     OUT_FIFO/RDCLK  n/a            5.000         5.000       0.000      OUT_FIFO_X1Y6  u_ddr3/u_mig/u_mig_7series_0_mig/u_memc_ui_top_axi/mem_intfc0/ddr_phy_top0/u_ddr_mc_phy_wrapper/u_ddr_mc_phy/ddr_phy_4lanes_0.u_ddr_phy_4lanes/ddr_byte_lane_C.ddr_byte_lane_C/out_fifo/RDCLK
Low Pulse Width   Slow    OUT_FIFO/RDCLK  n/a            2.150         2.500       0.350      OUT_FIFO_X1Y6  u_ddr3/u_mig/u_mig_7series_0_mig/u_memc_ui_top_axi/mem_intfc0/ddr_phy_top0/u_ddr_mc_phy_wrapper/u_ddr_mc_phy/ddr_phy_4lanes_0.u_ddr_phy_4lanes/ddr_byte_lane_C.ddr_byte_lane_C/out_fifo/RDCLK
High Pulse Width  Fast    OUT_FIFO/RDCLK  n/a            2.150         2.500       0.350      OUT_FIFO_X1Y6  u_ddr3/u_mig/u_mig_7series_0_mig/u_memc_ui_top_axi/mem_intfc0/ddr_phy_top0/u_ddr_mc_phy_wrapper/u_ddr_mc_phy/ddr_phy_4lanes_0.u_ddr_phy_4lanes/ddr_byte_lane_C.ddr_byte_lane_C/out_fifo/RDCLK



---------------------------------------------------------------------------------------------------
From Clock:  oserdes_clk_3
  To Clock:  oserdes_clk_3

Setup :            0  Failing Endpoints,  Worst Slack        1.203ns,  Total Violation        0.000ns
Hold  :            0  Failing Endpoints,  Worst Slack        0.406ns,  Total Violation        0.000ns
PW    :            0  Failing Endpoints,  Worst Slack        1.026ns,  Total Violation        0.000ns
---------------------------------------------------------------------------------------------------


Max Delay Paths
--------------------------------------------------------------------------------------
Slack (MET) :             1.203ns  (required time - arrival time)
  Source:                 u_ddr3/u_mig/u_mig_7series_0_mig/u_memc_ui_top_axi/mem_intfc0/ddr_phy_top0/u_ddr_mc_phy_wrapper/u_ddr_mc_phy/ddr_phy_4lanes_0.u_ddr_phy_4lanes/ddr_byte_lane_D.ddr_byte_lane_D/phaser_out/OCLKDELAYED
                            (rising edge-triggered cell PHASER_OUT_PHY clocked by oserdes_clk_3  {rise@0.000ns fall@1.250ns period=2.500ns})
  Destination:            u_ddr3/u_mig/u_mig_7series_0_mig/u_memc_ui_top_axi/mem_intfc0/ddr_phy_top0/u_ddr_mc_phy_wrapper/u_ddr_mc_phy/ddr_phy_4lanes_0.u_ddr_phy_4lanes/ddr_byte_lane_D.ddr_byte_lane_D/ddr_byte_group_io/dqs_gen.oddr_dqsts/D1
                            (rising edge-triggered cell ODDR clocked by oserdes_clk_3  {rise@0.000ns fall@1.250ns period=2.500ns})
  Path Group:             oserdes_clk_3
  Path Type:              Setup (Max at Slow Process Corner)
  Requirement:            2.500ns  (oserdes_clk_3 rise@2.500ns - oserdes_clk_3 rise@0.000ns)
  Data Path Delay:        0.864ns  (logic 0.489ns (56.594%)  route 0.375ns (43.406%))
  Logic Levels:           0  
  Clock Path Skew:        0.350ns (DCD - SCD + CPR)
    Destination Clock Delay (DCD):    2.592ns = ( 5.092 - 2.500 ) 
    Source Clock Delay      (SCD):    2.805ns
    Clock Pessimism Removal (CPR):    0.563ns
  Clock Uncertainty:      0.060ns  ((TSJ^2 + DJ^2)^1/2) / 2 + PE
    Total System Jitter     (TSJ):    0.071ns
    Discrete Jitter          (DJ):    0.096ns
    Phase Error              (PE):    0.000ns

    Location             Delay type                Incr(ns)  Path(ns)    Netlist Resource(s)
  -------------------------------------------------------------------    -------------------
                         (clock oserdes_clk_3 rise edge)
                                                      0.000     0.000 r  
    R4                                                0.000     0.000 r  sys_clk (IN)
                         net (fo=0)                   0.000     0.000    u_clock_and_reset/clk_wiz_0/inst/clk_in1
    R4                   IBUF (Prop_ibuf_I_O)         1.432     1.432 r  u_clock_and_reset/clk_wiz_0/inst/clkin1_ibufg/O
                         net (fo=1, routed)           1.065     2.497    u_clock_and_reset/clk_wiz_0/inst/clk_in1_clk_wiz_0
    MMCME2_ADV_X1Y0      MMCME2_ADV (Prop_mmcme2_adv_CLKIN1_CLKOUT0)
                                                     -5.921    -3.424 r  u_clock_and_reset/clk_wiz_0/inst/mmcm_adv_inst/CLKOUT0
                         net (fo=1, routed)           1.421    -2.004    u_clock_and_reset/clk_wiz_0/inst/clk_out1_clk_wiz_0
    BUFGCTRL_X0Y1        BUFG (Prop_bufg_I_O)         0.081    -1.923 r  u_clock_and_reset/clk_wiz_0/inst/clkout1_buf/O
                         net (fo=64, routed)          1.394    -0.528    u_ddr3/u_mig/u_mig_7series_0_mig/u_ddr3_infrastructure/CLK
    PLLE2_ADV_X1Y1       PLLE2_ADV (Prop_plle2_adv_CLKIN1_CLKOUT1)
                                                      0.077    -0.451 r  u_ddr3/u_mig/u_mig_7series_0_mig/u_ddr3_infrastructure/plle2_i/CLKOUT1
                         net (fo=7, routed)           0.511     0.060    u_ddr3/u_mig/u_mig_7series_0_mig/u_memc_ui_top_axi/mem_intfc0/ddr_phy_top0/u_ddr_mc_phy_wrapper/u_ddr_mc_phy/ddr_phy_4lanes_0.u_ddr_phy_4lanes/ddr_byte_lane_D.ddr_byte_lane_D/mem_refclk
    PHASER_OUT_PHY_X1Y7  PHASER_OUT_PHY (Prop_phaser_out_phy_MEMREFCLK_OCLK)
                                                      2.083     2.143 r  u_ddr3/u_mig/u_mig_7series_0_mig/u_memc_ui_top_axi/mem_intfc0/ddr_phy_top0/u_ddr_mc_phy_wrapper/u_ddr_mc_phy/ddr_phy_4lanes_0.u_ddr_phy_4lanes/ddr_byte_lane_D.ddr_byte_lane_D/phaser_out/OCLK
    PHASER_OUT_PHY_X1Y7  PHASER_OUT_PHY (Prop_phaser_out_phy_OCLK_OCLKDELAYED)
                                                      0.662     2.805 r  u_ddr3/u_mig/u_mig_7series_0_mig/u_memc_ui_top_axi/mem_intfc0/ddr_phy_top0/u_ddr_mc_phy_wrapper/u_ddr_mc_phy/ddr_phy_4lanes_0.u_ddr_phy_4lanes/ddr_byte_lane_D.ddr_byte_lane_D/phaser_out/OCLKDELAYED
  -------------------------------------------------------------------    -------------------
    PHASER_OUT_PHY_X1Y7  PHASER_OUT_PHY (Prop_phaser_out_phy_OCLKDELAYED_CTSBUS[0])
                                                      0.489     3.294 r  u_ddr3/u_mig/u_mig_7series_0_mig/u_memc_ui_top_axi/mem_intfc0/ddr_phy_top0/u_ddr_mc_phy_wrapper/u_ddr_mc_phy/ddr_phy_4lanes_0.u_ddr_phy_4lanes/ddr_byte_lane_D.ddr_byte_lane_D/phaser_out/CTSBUS[0]
                         net (fo=2, routed)           0.375     3.669    u_ddr3/u_mig/u_mig_7series_0_mig/u_memc_ui_top_axi/mem_intfc0/ddr_phy_top0/u_ddr_mc_phy_wrapper/u_ddr_mc_phy/ddr_phy_4lanes_0.u_ddr_phy_4lanes/ddr_byte_lane_D.ddr_byte_lane_D/ddr_byte_group_io/CTSBUS[0]
    OLOGIC_X1Y94         ODDR                                         r  u_ddr3/u_mig/u_mig_7series_0_mig/u_memc_ui_top_axi/mem_intfc0/ddr_phy_top0/u_ddr_mc_phy_wrapper/u_ddr_mc_phy/ddr_phy_4lanes_0.u_ddr_phy_4lanes/ddr_byte_lane_D.ddr_byte_lane_D/ddr_byte_group_io/dqs_gen.oddr_dqsts/D1
  -------------------------------------------------------------------    -------------------

                         (clock oserdes_clk_3 rise edge)
                                                      2.500     2.500 r  
    R4                                                0.000     2.500 r  sys_clk (IN)
                         net (fo=0)                   0.000     2.500    u_clock_and_reset/clk_wiz_0/inst/clk_in1
    R4                   IBUF (Prop_ibuf_I_O)         1.366     3.866 r  u_clock_and_reset/clk_wiz_0/inst/clkin1_ibufg/O
                         net (fo=1, routed)           1.004     4.869    u_clock_and_reset/clk_wiz_0/inst/clk_in1_clk_wiz_0
    MMCME2_ADV_X1Y0      MMCME2_ADV (Prop_mmcme2_adv_CLKIN1_CLKOUT0)
                                                     -6.057    -1.188 r  u_clock_and_reset/clk_wiz_0/inst/mmcm_adv_inst/CLKOUT0
                         net (fo=1, routed)           1.352     0.165    u_clock_and_reset/clk_wiz_0/inst/clk_out1_clk_wiz_0
    BUFGCTRL_X0Y1        BUFG (Prop_bufg_I_O)         0.077     0.242 r  u_clock_and_reset/clk_wiz_0/inst/clkout1_buf/O
                         net (fo=64, routed)          1.290     1.532    u_ddr3/u_mig/u_mig_7series_0_mig/u_ddr3_infrastructure/CLK
    PLLE2_ADV_X1Y1       PLLE2_ADV (Prop_plle2_adv_CLKIN1_CLKOUT1)
                                                      0.073     1.605 r  u_ddr3/u_mig/u_mig_7series_0_mig/u_ddr3_infrastructure/plle2_i/CLKOUT1
                         net (fo=7, routed)           0.486     2.091    u_ddr3/u_mig/u_mig_7series_0_mig/u_memc_ui_top_axi/mem_intfc0/ddr_phy_top0/u_ddr_mc_phy_wrapper/u_ddr_mc_phy/ddr_phy_4lanes_0.u_ddr_phy_4lanes/ddr_byte_lane_D.ddr_byte_lane_D/mem_refclk
    PHASER_OUT_PHY_X1Y7  PHASER_OUT_PHY (Prop_phaser_out_phy_MEMREFCLK_OCLK)
                                                      2.027     4.118 r  u_ddr3/u_mig/u_mig_7series_0_mig/u_memc_ui_top_axi/mem_intfc0/ddr_phy_top0/u_ddr_mc_phy_wrapper/u_ddr_mc_phy/ddr_phy_4lanes_0.u_ddr_phy_4lanes/ddr_byte_lane_D.ddr_byte_lane_D/phaser_out/OCLK
    PHASER_OUT_PHY_X1Y7  PHASER_OUT_PHY (Prop_phaser_out_phy_OCLK_OCLKDELAYED)
                                                      0.624     4.742 r  u_ddr3/u_mig/u_mig_7series_0_mig/u_memc_ui_top_axi/mem_intfc0/ddr_phy_top0/u_ddr_mc_phy_wrapper/u_ddr_mc_phy/ddr_phy_4lanes_0.u_ddr_phy_4lanes/ddr_byte_lane_D.ddr_byte_lane_D/phaser_out/OCLKDELAYED
                         net (fo=2, routed)           0.350     5.092    u_ddr3/u_mig/u_mig_7series_0_mig/u_memc_ui_top_axi/mem_intfc0/ddr_phy_top0/u_ddr_mc_phy_wrapper/u_ddr_mc_phy/ddr_phy_4lanes_0.u_ddr_phy_4lanes/ddr_byte_lane_D.ddr_byte_lane_D/ddr_byte_group_io/oserdes_clk_delayed
    OLOGIC_X1Y94         ODDR                                         r  u_ddr3/u_mig/u_mig_7series_0_mig/u_memc_ui_top_axi/mem_intfc0/ddr_phy_top0/u_ddr_mc_phy_wrapper/u_ddr_mc_phy/ddr_phy_4lanes_0.u_ddr_phy_4lanes/ddr_byte_lane_D.ddr_byte_lane_D/ddr_byte_group_io/dqs_gen.oddr_dqsts/C
                         clock pessimism              0.563     5.655    
                         clock uncertainty           -0.060     5.595    
    OLOGIC_X1Y94         ODDR (Setup_oddr_C_D1)      -0.723     4.872    u_ddr3/u_mig/u_mig_7series_0_mig/u_memc_ui_top_axi/mem_intfc0/ddr_phy_top0/u_ddr_mc_phy_wrapper/u_ddr_mc_phy/ddr_phy_4lanes_0.u_ddr_phy_4lanes/ddr_byte_lane_D.ddr_byte_lane_D/ddr_byte_group_io/dqs_gen.oddr_dqsts
  -------------------------------------------------------------------
                         required time                          4.872    
                         arrival time                          -3.669    
  -------------------------------------------------------------------
                         slack                                  1.203    





Min Delay Paths
--------------------------------------------------------------------------------------
Slack (MET) :             0.406ns  (arrival time - required time)
  Source:                 u_ddr3/u_mig/u_mig_7series_0_mig/u_memc_ui_top_axi/mem_intfc0/ddr_phy_top0/u_ddr_mc_phy_wrapper/u_ddr_mc_phy/ddr_phy_4lanes_0.u_ddr_phy_4lanes/ddr_byte_lane_D.ddr_byte_lane_D/phaser_out/OCLKDELAYED
                            (rising edge-triggered cell PHASER_OUT_PHY clocked by oserdes_clk_3  {rise@0.000ns fall@1.250ns period=2.500ns})
  Destination:            u_ddr3/u_mig/u_mig_7series_0_mig/u_memc_ui_top_axi/mem_intfc0/ddr_phy_top0/u_ddr_mc_phy_wrapper/u_ddr_mc_phy/ddr_phy_4lanes_0.u_ddr_phy_4lanes/ddr_byte_lane_D.ddr_byte_lane_D/ddr_byte_group_io/dqs_gen.oddr_dqs/D2
                            (rising edge-triggered cell ODDR clocked by oserdes_clk_3  {rise@0.000ns fall@1.250ns period=2.500ns})
  Path Group:             oserdes_clk_3
  Path Type:              Hold (Min at Fast Process Corner)
  Requirement:            0.000ns  (oserdes_clk_3 rise@0.000ns - oserdes_clk_3 rise@0.000ns)
  Data Path Delay:        0.494ns  (logic 0.346ns (70.032%)  route 0.148ns (29.968%))
  Logic Levels:           0  
  Clock Path Skew:        0.181ns (DCD - SCD - CPR)
    Destination Clock Delay (DCD):    2.047ns
    Source Clock Delay      (SCD):    2.006ns
    Clock Pessimism Removal (CPR):    -0.140ns

    Location             Delay type                Incr(ns)  Path(ns)    Netlist Resource(s)
  -------------------------------------------------------------------    -------------------
                         (clock oserdes_clk_3 rise edge)
                                                      0.000     0.000 r  
    R4                                                0.000     0.000 r  sys_clk (IN)
                         net (fo=0)                   0.000     0.000    u_clock_and_reset/clk_wiz_0/inst/clk_in1
    R4                   IBUF (Prop_ibuf_I_O)         0.269     0.269 r  u_clock_and_reset/clk_wiz_0/inst/clkin1_ibufg/O
                         net (fo=1, routed)           0.440     0.709    u_clock_and_reset/clk_wiz_0/inst/clk_in1_clk_wiz_0
    MMCME2_ADV_X1Y0      MMCME2_ADV (Prop_mmcme2_adv_CLKIN1_CLKOUT0)
                                                     -2.360    -1.651 r  u_clock_and_reset/clk_wiz_0/inst/mmcm_adv_inst/CLKOUT0
                         net (fo=1, routed)           0.486    -1.165    u_clock_and_reset/clk_wiz_0/inst/clk_out1_clk_wiz_0
    BUFGCTRL_X0Y1        BUFG (Prop_bufg_I_O)         0.026    -1.139 r  u_clock_and_reset/clk_wiz_0/inst/clkout1_buf/O
                         net (fo=64, routed)          0.552    -0.587    u_ddr3/u_mig/u_mig_7series_0_mig/u_ddr3_infrastructure/CLK
    PLLE2_ADV_X1Y1       PLLE2_ADV (Prop_plle2_adv_CLKIN1_CLKOUT1)
                                                      0.050    -0.537 r  u_ddr3/u_mig/u_mig_7series_0_mig/u_ddr3_infrastructure/plle2_i/CLKOUT1
                         net (fo=7, routed)           0.190    -0.347    u_ddr3/u_mig/u_mig_7series_0_mig/u_memc_ui_top_axi/mem_intfc0/ddr_phy_top0/u_ddr_mc_phy_wrapper/u_ddr_mc_phy/ddr_phy_4lanes_0.u_ddr_phy_4lanes/ddr_byte_lane_D.ddr_byte_lane_D/mem_refclk
    PHASER_OUT_PHY_X1Y7  PHASER_OUT_PHY (Prop_phaser_out_phy_MEMREFCLK_OCLK)
                                                      1.813     1.466 r  u_ddr3/u_mig/u_mig_7series_0_mig/u_memc_ui_top_axi/mem_intfc0/ddr_phy_top0/u_ddr_mc_phy_wrapper/u_ddr_mc_phy/ddr_phy_4lanes_0.u_ddr_phy_4lanes/ddr_byte_lane_D.ddr_byte_lane_D/phaser_out/OCLK
    PHASER_OUT_PHY_X1Y7  PHASER_OUT_PHY (Prop_phaser_out_phy_OCLK_OCLKDELAYED)
                                                      0.539     2.006 r  u_ddr3/u_mig/u_mig_7series_0_mig/u_memc_ui_top_axi/mem_intfc0/ddr_phy_top0/u_ddr_mc_phy_wrapper/u_ddr_mc_phy/ddr_phy_4lanes_0.u_ddr_phy_4lanes/ddr_byte_lane_D.ddr_byte_lane_D/phaser_out/OCLKDELAYED
  -------------------------------------------------------------------    -------------------
    PHASER_OUT_PHY_X1Y7  PHASER_OUT_PHY (Prop_phaser_out_phy_OCLKDELAYED_DQSBUS[1])
                                                      0.346     2.352 r  u_ddr3/u_mig/u_mig_7series_0_mig/u_memc_ui_top_axi/mem_intfc0/ddr_phy_top0/u_ddr_mc_phy_wrapper/u_ddr_mc_phy/ddr_phy_4lanes_0.u_ddr_phy_4lanes/ddr_byte_lane_D.ddr_byte_lane_D/phaser_out/DQSBUS[1]
                         net (fo=1, routed)           0.148     2.500    u_ddr3/u_mig/u_mig_7series_0_mig/u_memc_ui_top_axi/mem_intfc0/ddr_phy_top0/u_ddr_mc_phy_wrapper/u_ddr_mc_phy/ddr_phy_4lanes_0.u_ddr_phy_4lanes/ddr_byte_lane_D.ddr_byte_lane_D/ddr_byte_group_io/DQSBUS[1]
    OLOGIC_X1Y94         ODDR                                         r  u_ddr3/u_mig/u_mig_7series_0_mig/u_memc_ui_top_axi/mem_intfc0/ddr_phy_top0/u_ddr_mc_phy_wrapper/u_ddr_mc_phy/ddr_phy_4lanes_0.u_ddr_phy_4lanes/ddr_byte_lane_D.ddr_byte_lane_D/ddr_byte_group_io/dqs_gen.oddr_dqs/D2
  -------------------------------------------------------------------    -------------------

                         (clock oserdes_clk_3 rise edge)
                                                      0.000     0.000 r  
    R4                                                0.000     0.000 r  sys_clk (IN)
                         net (fo=0)                   0.000     0.000    u_clock_and_reset/clk_wiz_0/inst/clk_in1
    R4                   IBUF (Prop_ibuf_I_O)         0.457     0.457 r  u_clock_and_reset/clk_wiz_0/inst/clkin1_ibufg/O
                         net (fo=1, routed)           0.480     0.937    u_clock_and_reset/clk_wiz_0/inst/clk_in1_clk_wiz_0
    MMCME2_ADV_X1Y0      MMCME2_ADV (Prop_mmcme2_adv_CLKIN1_CLKOUT0)
                                                     -3.142    -2.205 r  u_clock_and_reset/clk_wiz_0/inst/mmcm_adv_inst/CLKOUT0
                         net (fo=1, routed)           0.530    -1.676    u_clock_and_reset/clk_wiz_0/inst/clk_out1_clk_wiz_0
    BUFGCTRL_X0Y1        BUFG (Prop_bufg_I_O)         0.029    -1.647 r  u_clock_and_reset/clk_wiz_0/inst/clkout1_buf/O
                         net (fo=64, routed)          0.820    -0.827    u_ddr3/u_mig/u_mig_7series_0_mig/u_ddr3_infrastructure/CLK
    PLLE2_ADV_X1Y1       PLLE2_ADV (Prop_plle2_adv_CLKIN1_CLKOUT1)
                                                      0.053    -0.774 r  u_ddr3/u_mig/u_mig_7series_0_mig/u_ddr3_infrastructure/plle2_i/CLKOUT1
                         net (fo=7, routed)           0.209    -0.565    u_ddr3/u_mig/u_mig_7series_0_mig/u_memc_ui_top_axi/mem_intfc0/ddr_phy_top0/u_ddr_mc_phy_wrapper/u_ddr_mc_phy/ddr_phy_4lanes_0.u_ddr_phy_4lanes/ddr_byte_lane_D.ddr_byte_lane_D/mem_refclk
    PHASER_OUT_PHY_X1Y7  PHASER_OUT_PHY (Prop_phaser_out_phy_MEMREFCLK_OCLK)
                                                      1.858     1.293 r  u_ddr3/u_mig/u_mig_7series_0_mig/u_memc_ui_top_axi/mem_intfc0/ddr_phy_top0/u_ddr_mc_phy_wrapper/u_ddr_mc_phy/ddr_phy_4lanes_0.u_ddr_phy_4lanes/ddr_byte_lane_D.ddr_byte_lane_D/phaser_out/OCLK
    PHASER_OUT_PHY_X1Y7  PHASER_OUT_PHY (Prop_phaser_out_phy_OCLK_OCLKDELAYED)
                                                      0.573     1.866 r  u_ddr3/u_mig/u_mig_7series_0_mig/u_memc_ui_top_axi/mem_intfc0/ddr_phy_top0/u_ddr_mc_phy_wrapper/u_ddr_mc_phy/ddr_phy_4lanes_0.u_ddr_phy_4lanes/ddr_byte_lane_D.ddr_byte_lane_D/phaser_out/OCLKDELAYED
                         net (fo=2, routed)           0.181     2.047    u_ddr3/u_mig/u_mig_7series_0_mig/u_memc_ui_top_axi/mem_intfc0/ddr_phy_top0/u_ddr_mc_phy_wrapper/u_ddr_mc_phy/ddr_phy_4lanes_0.u_ddr_phy_4lanes/ddr_byte_lane_D.ddr_byte_lane_D/ddr_byte_group_io/oserdes_clk_delayed
    OLOGIC_X1Y94         ODDR                                         r  u_ddr3/u_mig/u_mig_7series_0_mig/u_memc_ui_top_axi/mem_intfc0/ddr_phy_top0/u_ddr_mc_phy_wrapper/u_ddr_mc_phy/ddr_phy_4lanes_0.u_ddr_phy_4lanes/ddr_byte_lane_D.ddr_byte_lane_D/ddr_byte_group_io/dqs_gen.oddr_dqs/C
                         clock pessimism              0.140     2.187    
    OLOGIC_X1Y94         ODDR (Hold_oddr_C_D2)       -0.093     2.094    u_ddr3/u_mig/u_mig_7series_0_mig/u_memc_ui_top_axi/mem_intfc0/ddr_phy_top0/u_ddr_mc_phy_wrapper/u_ddr_mc_phy/ddr_phy_4lanes_0.u_ddr_phy_4lanes/ddr_byte_lane_D.ddr_byte_lane_D/ddr_byte_group_io/dqs_gen.oddr_dqs
  -------------------------------------------------------------------
                         required time                         -2.094    
                         arrival time                           2.500    
  -------------------------------------------------------------------
                         slack                                  0.406    





Pulse Width Checks
--------------------------------------------------------------------------------------
Clock Name:         oserdes_clk_3
Waveform(ns):       { 0.000 1.250 }
Period(ns):         2.500
Sources:            { u_ddr3/u_mig/u_mig_7series_0_mig/u_memc_ui_top_axi/mem_intfc0/ddr_phy_top0/u_ddr_mc_phy_wrapper/u_ddr_mc_phy/ddr_phy_4lanes_0.u_ddr_phy_4lanes/ddr_byte_lane_D.ddr_byte_lane_D/phaser_out/OCLK }

Check Type  Corner  Lib Pin  Reference Pin  Required(ns)  Actual(ns)  Slack(ns)  Location      Pin
Min Period  n/a     ODDR/C   n/a            1.474         2.500       1.026      OLOGIC_X1Y94  u_ddr3/u_mig/u_mig_7series_0_mig/u_memc_ui_top_axi/mem_intfc0/ddr_phy_top0/u_ddr_mc_phy_wrapper/u_ddr_mc_phy/ddr_phy_4lanes_0.u_ddr_phy_4lanes/ddr_byte_lane_D.ddr_byte_lane_D/ddr_byte_group_io/dqs_gen.oddr_dqs/C



---------------------------------------------------------------------------------------------------
From Clock:  oserdes_clkdiv_3
  To Clock:  oserdes_clkdiv_3

Setup :            0  Failing Endpoints,  Worst Slack        3.867ns,  Total Violation        0.000ns
Hold  :            0  Failing Endpoints,  Worst Slack        0.084ns,  Total Violation        0.000ns
PW    :            0  Failing Endpoints,  Worst Slack        0.000ns,  Total Violation        0.000ns
---------------------------------------------------------------------------------------------------


Max Delay Paths
--------------------------------------------------------------------------------------
Slack (MET) :             3.867ns  (required time - arrival time)
  Source:                 u_ddr3/u_mig/u_mig_7series_0_mig/u_memc_ui_top_axi/mem_intfc0/ddr_phy_top0/u_ddr_mc_phy_wrapper/u_ddr_mc_phy/ddr_phy_4lanes_0.u_ddr_phy_4lanes/ddr_byte_lane_D.ddr_byte_lane_D/out_fifo/RDCLK
                            (rising edge-triggered cell OUT_FIFO clocked by oserdes_clkdiv_3  {rise@0.000ns fall@2.500ns period=5.000ns})
  Destination:            u_ddr3/u_mig/u_mig_7series_0_mig/u_memc_ui_top_axi/mem_intfc0/ddr_phy_top0/u_ddr_mc_phy_wrapper/u_ddr_mc_phy/ddr_phy_4lanes_0.u_ddr_phy_4lanes/ddr_byte_lane_D.ddr_byte_lane_D/ddr_byte_group_io/output_[7].oserdes_dq_.ddr.oserdes_dq_i/D1
                            (rising edge-triggered cell OSERDESE2 clocked by oserdes_clkdiv_3  {rise@0.000ns fall@2.500ns period=5.000ns})
  Path Group:             oserdes_clkdiv_3
  Path Type:              Setup (Max at Slow Process Corner)
  Requirement:            5.000ns  (oserdes_clkdiv_3 rise@5.000ns - oserdes_clkdiv_3 rise@0.000ns)
  Data Path Delay:        0.977ns  (logic 0.596ns (61.033%)  route 0.381ns (38.967%))
  Logic Levels:           0  
  Clock Path Skew:        0.352ns (DCD - SCD + CPR)
    Destination Clock Delay (DCD):    2.103ns = ( 7.103 - 5.000 ) 
    Source Clock Delay      (SCD):    2.284ns
    Clock Pessimism Removal (CPR):    0.533ns
  Clock Uncertainty:      0.060ns  ((TSJ^2 + DJ^2)^1/2) / 2 + PE
    Total System Jitter     (TSJ):    0.071ns
    Discrete Jitter          (DJ):    0.096ns
    Phase Error              (PE):    0.000ns

    Location             Delay type                Incr(ns)  Path(ns)    Netlist Resource(s)
  -------------------------------------------------------------------    -------------------
                         (clock oserdes_clkdiv_3 rise edge)
                                                      0.000     0.000 r  
    R4                                                0.000     0.000 r  sys_clk (IN)
                         net (fo=0)                   0.000     0.000    u_clock_and_reset/clk_wiz_0/inst/clk_in1
    R4                   IBUF (Prop_ibuf_I_O)         1.432     1.432 r  u_clock_and_reset/clk_wiz_0/inst/clkin1_ibufg/O
                         net (fo=1, routed)           1.065     2.497    u_clock_and_reset/clk_wiz_0/inst/clk_in1_clk_wiz_0
    MMCME2_ADV_X1Y0      MMCME2_ADV (Prop_mmcme2_adv_CLKIN1_CLKOUT0)
                                                     -5.921    -3.424 r  u_clock_and_reset/clk_wiz_0/inst/mmcm_adv_inst/CLKOUT0
                         net (fo=1, routed)           1.421    -2.004    u_clock_and_reset/clk_wiz_0/inst/clk_out1_clk_wiz_0
    BUFGCTRL_X0Y1        BUFG (Prop_bufg_I_O)         0.081    -1.923 r  u_clock_and_reset/clk_wiz_0/inst/clkout1_buf/O
                         net (fo=64, routed)          1.394    -0.528    u_ddr3/u_mig/u_mig_7series_0_mig/u_ddr3_infrastructure/CLK
    PLLE2_ADV_X1Y1       PLLE2_ADV (Prop_plle2_adv_CLKIN1_CLKOUT1)
                                                      0.077    -0.451 r  u_ddr3/u_mig/u_mig_7series_0_mig/u_ddr3_infrastructure/plle2_i/CLKOUT1
                         net (fo=7, routed)           0.511     0.060    u_ddr3/u_mig/u_mig_7series_0_mig/u_memc_ui_top_axi/mem_intfc0/ddr_phy_top0/u_ddr_mc_phy_wrapper/u_ddr_mc_phy/ddr_phy_4lanes_0.u_ddr_phy_4lanes/ddr_byte_lane_D.ddr_byte_lane_D/mem_refclk
    PHASER_OUT_PHY_X1Y7  PHASER_OUT_PHY (Prop_phaser_out_phy_MEMREFCLK_OCLK)
                                                      2.083     2.143 r  u_ddr3/u_mig/u_mig_7series_0_mig/u_memc_ui_top_axi/mem_intfc0/ddr_phy_top0/u_ddr_mc_phy_wrapper/u_ddr_mc_phy/ddr_phy_4lanes_0.u_ddr_phy_4lanes/ddr_byte_lane_D.ddr_byte_lane_D/phaser_out/OCLK
    PHASER_OUT_PHY_X1Y7  PHASER_OUT_PHY (Prop_phaser_out_phy_OCLK_OCLKDIV)
                                                      0.141     2.284 r  u_ddr3/u_mig/u_mig_7series_0_mig/u_memc_ui_top_axi/mem_intfc0/ddr_phy_top0/u_ddr_mc_phy_wrapper/u_ddr_mc_phy/ddr_phy_4lanes_0.u_ddr_phy_4lanes/ddr_byte_lane_D.ddr_byte_lane_D/phaser_out/OCLKDIV
                         net (fo=11, routed)          0.000     2.284    u_ddr3/u_mig/u_mig_7series_0_mig/u_memc_ui_top_axi/mem_intfc0/ddr_phy_top0/u_ddr_mc_phy_wrapper/u_ddr_mc_phy/ddr_phy_4lanes_0.u_ddr_phy_4lanes/ddr_byte_lane_D.ddr_byte_lane_D/oserdes_clkdiv
    OUT_FIFO_X1Y7        OUT_FIFO                                     r  u_ddr3/u_mig/u_mig_7series_0_mig/u_memc_ui_top_axi/mem_intfc0/ddr_phy_top0/u_ddr_mc_phy_wrapper/u_ddr_mc_phy/ddr_phy_4lanes_0.u_ddr_phy_4lanes/ddr_byte_lane_D.ddr_byte_lane_D/out_fifo/RDCLK
  -------------------------------------------------------------------    -------------------
    OUT_FIFO_X1Y7        OUT_FIFO (Prop_out_fifo_RDCLK_Q7[0])
                                                      0.596     2.880 r  u_ddr3/u_mig/u_mig_7series_0_mig/u_memc_ui_top_axi/mem_intfc0/ddr_phy_top0/u_ddr_mc_phy_wrapper/u_ddr_mc_phy/ddr_phy_4lanes_0.u_ddr_phy_4lanes/ddr_byte_lane_D.ddr_byte_lane_D/out_fifo/Q7[0]
                         net (fo=1, routed)           0.381     3.260    u_ddr3/u_mig/u_mig_7series_0_mig/u_memc_ui_top_axi/mem_intfc0/ddr_phy_top0/u_ddr_mc_phy_wrapper/u_ddr_mc_phy/ddr_phy_4lanes_0.u_ddr_phy_4lanes/ddr_byte_lane_D.ddr_byte_lane_D/ddr_byte_group_io/of_dqbus[24]
    OLOGIC_X1Y96         OSERDESE2                                    r  u_ddr3/u_mig/u_mig_7series_0_mig/u_memc_ui_top_axi/mem_intfc0/ddr_phy_top0/u_ddr_mc_phy_wrapper/u_ddr_mc_phy/ddr_phy_4lanes_0.u_ddr_phy_4lanes/ddr_byte_lane_D.ddr_byte_lane_D/ddr_byte_group_io/output_[7].oserdes_dq_.ddr.oserdes_dq_i/D1
  -------------------------------------------------------------------    -------------------

                         (clock oserdes_clkdiv_3 rise edge)
                                                      5.000     5.000 r  
    R4                                                0.000     5.000 r  sys_clk (IN)
                         net (fo=0)                   0.000     5.000    u_clock_and_reset/clk_wiz_0/inst/clk_in1
    R4                   IBUF (Prop_ibuf_I_O)         1.366     6.366 r  u_clock_and_reset/clk_wiz_0/inst/clkin1_ibufg/O
                         net (fo=1, routed)           1.004     7.369    u_clock_and_reset/clk_wiz_0/inst/clk_in1_clk_wiz_0
    MMCME2_ADV_X1Y0      MMCME2_ADV (Prop_mmcme2_adv_CLKIN1_CLKOUT0)
                                                     -6.057     1.312 r  u_clock_and_reset/clk_wiz_0/inst/mmcm_adv_inst/CLKOUT0
                         net (fo=1, routed)           1.352     2.665    u_clock_and_reset/clk_wiz_0/inst/clk_out1_clk_wiz_0
    BUFGCTRL_X0Y1        BUFG (Prop_bufg_I_O)         0.077     2.742 r  u_clock_and_reset/clk_wiz_0/inst/clkout1_buf/O
                         net (fo=64, routed)          1.290     4.032    u_ddr3/u_mig/u_mig_7series_0_mig/u_ddr3_infrastructure/CLK
    PLLE2_ADV_X1Y1       PLLE2_ADV (Prop_plle2_adv_CLKIN1_CLKOUT1)
                                                      0.073     4.105 r  u_ddr3/u_mig/u_mig_7series_0_mig/u_ddr3_infrastructure/plle2_i/CLKOUT1
                         net (fo=7, routed)           0.486     4.591    u_ddr3/u_mig/u_mig_7series_0_mig/u_memc_ui_top_axi/mem_intfc0/ddr_phy_top0/u_ddr_mc_phy_wrapper/u_ddr_mc_phy/ddr_phy_4lanes_0.u_ddr_phy_4lanes/ddr_byte_lane_D.ddr_byte_lane_D/mem_refclk
    PHASER_OUT_PHY_X1Y7  PHASER_OUT_PHY (Prop_phaser_out_phy_MEMREFCLK_OCLK)
                                                      2.027     6.618 r  u_ddr3/u_mig/u_mig_7series_0_mig/u_memc_ui_top_axi/mem_intfc0/ddr_phy_top0/u_ddr_mc_phy_wrapper/u_ddr_mc_phy/ddr_phy_4lanes_0.u_ddr_phy_4lanes/ddr_byte_lane_D.ddr_byte_lane_D/phaser_out/OCLK
    PHASER_OUT_PHY_X1Y7  PHASER_OUT_PHY (Prop_phaser_out_phy_OCLK_OCLKDIV)
                                                      0.133     6.751 r  u_ddr3/u_mig/u_mig_7series_0_mig/u_memc_ui_top_axi/mem_intfc0/ddr_phy_top0/u_ddr_mc_phy_wrapper/u_ddr_mc_phy/ddr_phy_4lanes_0.u_ddr_phy_4lanes/ddr_byte_lane_D.ddr_byte_lane_D/phaser_out/OCLKDIV
                         net (fo=11, routed)          0.352     7.103    u_ddr3/u_mig/u_mig_7series_0_mig/u_memc_ui_top_axi/mem_intfc0/ddr_phy_top0/u_ddr_mc_phy_wrapper/u_ddr_mc_phy/ddr_phy_4lanes_0.u_ddr_phy_4lanes/ddr_byte_lane_D.ddr_byte_lane_D/ddr_byte_group_io/oserdes_clkdiv
    OLOGIC_X1Y96         OSERDESE2                                    r  u_ddr3/u_mig/u_mig_7series_0_mig/u_memc_ui_top_axi/mem_intfc0/ddr_phy_top0/u_ddr_mc_phy_wrapper/u_ddr_mc_phy/ddr_phy_4lanes_0.u_ddr_phy_4lanes/ddr_byte_lane_D.ddr_byte_lane_D/ddr_byte_group_io/output_[7].oserdes_dq_.ddr.oserdes_dq_i/CLKDIV
                         clock pessimism              0.533     7.636    
                         clock uncertainty           -0.060     7.576    
    OLOGIC_X1Y96         OSERDESE2 (Setup_oserdese2_CLKDIV_D1)
                                                     -0.449     7.127    u_ddr3/u_mig/u_mig_7series_0_mig/u_memc_ui_top_axi/mem_intfc0/ddr_phy_top0/u_ddr_mc_phy_wrapper/u_ddr_mc_phy/ddr_phy_4lanes_0.u_ddr_phy_4lanes/ddr_byte_lane_D.ddr_byte_lane_D/ddr_byte_group_io/output_[7].oserdes_dq_.ddr.oserdes_dq_i
  -------------------------------------------------------------------
                         required time                          7.127    
                         arrival time                          -3.260    
  -------------------------------------------------------------------
                         slack                                  3.867    





Min Delay Paths
--------------------------------------------------------------------------------------
Slack (MET) :             0.084ns  (arrival time - required time)
  Source:                 u_ddr3/u_mig/u_mig_7series_0_mig/u_memc_ui_top_axi/mem_intfc0/ddr_phy_top0/u_ddr_mc_phy_wrapper/u_ddr_mc_phy/ddr_phy_4lanes_0.u_ddr_phy_4lanes/ddr_byte_lane_D.ddr_byte_lane_D/out_fifo/RDCLK
                            (rising edge-triggered cell OUT_FIFO clocked by oserdes_clkdiv_3  {rise@0.000ns fall@2.500ns period=5.000ns})
  Destination:            u_ddr3/u_mig/u_mig_7series_0_mig/u_memc_ui_top_axi/mem_intfc0/ddr_phy_top0/u_ddr_mc_phy_wrapper/u_ddr_mc_phy/ddr_phy_4lanes_0.u_ddr_phy_4lanes/ddr_byte_lane_D.ddr_byte_lane_D/ddr_byte_group_io/output_[2].oserdes_dq_.ddr.oserdes_dq_i/D2
                            (rising edge-triggered cell OSERDESE2 clocked by oserdes_clkdiv_3  {rise@0.000ns fall@2.500ns period=5.000ns})
  Path Group:             oserdes_clkdiv_3
  Path Type:              Hold (Min at Fast Process Corner)
  Requirement:            0.000ns  (oserdes_clkdiv_3 rise@0.000ns - oserdes_clkdiv_3 rise@0.000ns)
  Data Path Delay:        0.286ns  (logic 0.138ns (48.242%)  route 0.148ns (51.758%))
  Logic Levels:           0  
  Clock Path Skew:        0.183ns (DCD - SCD - CPR)
    Destination Clock Delay (DCD):    1.564ns
    Source Clock Delay      (SCD):    1.549ns
    Clock Pessimism Removal (CPR):    -0.168ns

    Location             Delay type                Incr(ns)  Path(ns)    Netlist Resource(s)
  -------------------------------------------------------------------    -------------------
                         (clock oserdes_clkdiv_3 rise edge)
                                                      0.000     0.000 r  
    R4                                                0.000     0.000 r  sys_clk (IN)
                         net (fo=0)                   0.000     0.000    u_clock_and_reset/clk_wiz_0/inst/clk_in1
    R4                   IBUF (Prop_ibuf_I_O)         0.269     0.269 r  u_clock_and_reset/clk_wiz_0/inst/clkin1_ibufg/O
                         net (fo=1, routed)           0.440     0.709    u_clock_and_reset/clk_wiz_0/inst/clk_in1_clk_wiz_0
    MMCME2_ADV_X1Y0      MMCME2_ADV (Prop_mmcme2_adv_CLKIN1_CLKOUT0)
                                                     -2.360    -1.651 r  u_clock_and_reset/clk_wiz_0/inst/mmcm_adv_inst/CLKOUT0
                         net (fo=1, routed)           0.486    -1.165    u_clock_and_reset/clk_wiz_0/inst/clk_out1_clk_wiz_0
    BUFGCTRL_X0Y1        BUFG (Prop_bufg_I_O)         0.026    -1.139 r  u_clock_and_reset/clk_wiz_0/inst/clkout1_buf/O
                         net (fo=64, routed)          0.552    -0.587    u_ddr3/u_mig/u_mig_7series_0_mig/u_ddr3_infrastructure/CLK
    PLLE2_ADV_X1Y1       PLLE2_ADV (Prop_plle2_adv_CLKIN1_CLKOUT1)
                                                      0.050    -0.537 r  u_ddr3/u_mig/u_mig_7series_0_mig/u_ddr3_infrastructure/plle2_i/CLKOUT1
                         net (fo=7, routed)           0.190    -0.347    u_ddr3/u_mig/u_mig_7series_0_mig/u_memc_ui_top_axi/mem_intfc0/ddr_phy_top0/u_ddr_mc_phy_wrapper/u_ddr_mc_phy/ddr_phy_4lanes_0.u_ddr_phy_4lanes/ddr_byte_lane_D.ddr_byte_lane_D/mem_refclk
    PHASER_OUT_PHY_X1Y7  PHASER_OUT_PHY (Prop_phaser_out_phy_MEMREFCLK_OCLK)
                                                      1.813     1.466 r  u_ddr3/u_mig/u_mig_7series_0_mig/u_memc_ui_top_axi/mem_intfc0/ddr_phy_top0/u_ddr_mc_phy_wrapper/u_ddr_mc_phy/ddr_phy_4lanes_0.u_ddr_phy_4lanes/ddr_byte_lane_D.ddr_byte_lane_D/phaser_out/OCLK
    PHASER_OUT_PHY_X1Y7  PHASER_OUT_PHY (Prop_phaser_out_phy_OCLK_OCLKDIV)
                                                      0.083     1.549 r  u_ddr3/u_mig/u_mig_7series_0_mig/u_memc_ui_top_axi/mem_intfc0/ddr_phy_top0/u_ddr_mc_phy_wrapper/u_ddr_mc_phy/ddr_phy_4lanes_0.u_ddr_phy_4lanes/ddr_byte_lane_D.ddr_byte_lane_D/phaser_out/OCLKDIV
                         net (fo=11, routed)          0.000     1.549    u_ddr3/u_mig/u_mig_7series_0_mig/u_memc_ui_top_axi/mem_intfc0/ddr_phy_top0/u_ddr_mc_phy_wrapper/u_ddr_mc_phy/ddr_phy_4lanes_0.u_ddr_phy_4lanes/ddr_byte_lane_D.ddr_byte_lane_D/oserdes_clkdiv
    OUT_FIFO_X1Y7        OUT_FIFO                                     r  u_ddr3/u_mig/u_mig_7series_0_mig/u_memc_ui_top_axi/mem_intfc0/ddr_phy_top0/u_ddr_mc_phy_wrapper/u_ddr_mc_phy/ddr_phy_4lanes_0.u_ddr_phy_4lanes/ddr_byte_lane_D.ddr_byte_lane_D/out_fifo/RDCLK
  -------------------------------------------------------------------    -------------------
    OUT_FIFO_X1Y7        OUT_FIFO (Prop_out_fifo_RDCLK_Q2[1])
                                                      0.138     1.687 r  u_ddr3/u_mig/u_mig_7series_0_mig/u_memc_ui_top_axi/mem_intfc0/ddr_phy_top0/u_ddr_mc_phy_wrapper/u_ddr_mc_phy/ddr_phy_4lanes_0.u_ddr_phy_4lanes/ddr_byte_lane_D.ddr_byte_lane_D/out_fifo/Q2[1]
                         net (fo=1, routed)           0.148     1.835    u_ddr3/u_mig/u_mig_7series_0_mig/u_memc_ui_top_axi/mem_intfc0/ddr_phy_top0/u_ddr_mc_phy_wrapper/u_ddr_mc_phy/ddr_phy_4lanes_0.u_ddr_phy_4lanes/ddr_byte_lane_D.ddr_byte_lane_D/ddr_byte_group_io/of_dqbus[5]
    OLOGIC_X1Y89         OSERDESE2                                    r  u_ddr3/u_mig/u_mig_7series_0_mig/u_memc_ui_top_axi/mem_intfc0/ddr_phy_top0/u_ddr_mc_phy_wrapper/u_ddr_mc_phy/ddr_phy_4lanes_0.u_ddr_phy_4lanes/ddr_byte_lane_D.ddr_byte_lane_D/ddr_byte_group_io/output_[2].oserdes_dq_.ddr.oserdes_dq_i/D2
  -------------------------------------------------------------------    -------------------

                         (clock oserdes_clkdiv_3 rise edge)
                                                      0.000     0.000 r  
    R4                                                0.000     0.000 r  sys_clk (IN)
                         net (fo=0)                   0.000     0.000    u_clock_and_reset/clk_wiz_0/inst/clk_in1
    R4                   IBUF (Prop_ibuf_I_O)         0.457     0.457 r  u_clock_and_reset/clk_wiz_0/inst/clkin1_ibufg/O
                         net (fo=1, routed)           0.480     0.937    u_clock_and_reset/clk_wiz_0/inst/clk_in1_clk_wiz_0
    MMCME2_ADV_X1Y0      MMCME2_ADV (Prop_mmcme2_adv_CLKIN1_CLKOUT0)
                                                     -3.142    -2.205 r  u_clock_and_reset/clk_wiz_0/inst/mmcm_adv_inst/CLKOUT0
                         net (fo=1, routed)           0.530    -1.676    u_clock_and_reset/clk_wiz_0/inst/clk_out1_clk_wiz_0
    BUFGCTRL_X0Y1        BUFG (Prop_bufg_I_O)         0.029    -1.647 r  u_clock_and_reset/clk_wiz_0/inst/clkout1_buf/O
                         net (fo=64, routed)          0.820    -0.827    u_ddr3/u_mig/u_mig_7series_0_mig/u_ddr3_infrastructure/CLK
    PLLE2_ADV_X1Y1       PLLE2_ADV (Prop_plle2_adv_CLKIN1_CLKOUT1)
                                                      0.053    -0.774 r  u_ddr3/u_mig/u_mig_7series_0_mig/u_ddr3_infrastructure/plle2_i/CLKOUT1
                         net (fo=7, routed)           0.209    -0.565    u_ddr3/u_mig/u_mig_7series_0_mig/u_memc_ui_top_axi/mem_intfc0/ddr_phy_top0/u_ddr_mc_phy_wrapper/u_ddr_mc_phy/ddr_phy_4lanes_0.u_ddr_phy_4lanes/ddr_byte_lane_D.ddr_byte_lane_D/mem_refclk
    PHASER_OUT_PHY_X1Y7  PHASER_OUT_PHY (Prop_phaser_out_phy_MEMREFCLK_OCLK)
                                                      1.858     1.293 r  u_ddr3/u_mig/u_mig_7series_0_mig/u_memc_ui_top_axi/mem_intfc0/ddr_phy_top0/u_ddr_mc_phy_wrapper/u_ddr_mc_phy/ddr_phy_4lanes_0.u_ddr_phy_4lanes/ddr_byte_lane_D.ddr_byte_lane_D/phaser_out/OCLK
    PHASER_OUT_PHY_X1Y7  PHASER_OUT_PHY (Prop_phaser_out_phy_OCLK_OCLKDIV)
                                                      0.088     1.381 r  u_ddr3/u_mig/u_mig_7series_0_mig/u_memc_ui_top_axi/mem_intfc0/ddr_phy_top0/u_ddr_mc_phy_wrapper/u_ddr_mc_phy/ddr_phy_4lanes_0.u_ddr_phy_4lanes/ddr_byte_lane_D.ddr_byte_lane_D/phaser_out/OCLKDIV
                         net (fo=11, routed)          0.183     1.564    u_ddr3/u_mig/u_mig_7series_0_mig/u_memc_ui_top_axi/mem_intfc0/ddr_phy_top0/u_ddr_mc_phy_wrapper/u_ddr_mc_phy/ddr_phy_4lanes_0.u_ddr_phy_4lanes/ddr_byte_lane_D.ddr_byte_lane_D/ddr_byte_group_io/oserdes_clkdiv
    OLOGIC_X1Y89         OSERDESE2                                    r  u_ddr3/u_mig/u_mig_7series_0_mig/u_memc_ui_top_axi/mem_intfc0/ddr_phy_top0/u_ddr_mc_phy_wrapper/u_ddr_mc_phy/ddr_phy_4lanes_0.u_ddr_phy_4lanes/ddr_byte_lane_D.ddr_byte_lane_D/ddr_byte_group_io/output_[2].oserdes_dq_.ddr.oserdes_dq_i/CLKDIV
                         clock pessimism              0.168     1.732    
    OLOGIC_X1Y89         OSERDESE2 (Hold_oserdese2_CLKDIV_D2)
                                                      0.019     1.751    u_ddr3/u_mig/u_mig_7series_0_mig/u_memc_ui_top_axi/mem_intfc0/ddr_phy_top0/u_ddr_mc_phy_wrapper/u_ddr_mc_phy/ddr_phy_4lanes_0.u_ddr_phy_4lanes/ddr_byte_lane_D.ddr_byte_lane_D/ddr_byte_group_io/output_[2].oserdes_dq_.ddr.oserdes_dq_i
  -------------------------------------------------------------------
                         required time                         -1.751    
                         arrival time                           1.835    
  -------------------------------------------------------------------
                         slack                                  0.084    





Pulse Width Checks
--------------------------------------------------------------------------------------
Clock Name:         oserdes_clkdiv_3
Waveform(ns):       { 0.000 2.500 }
Period(ns):         5.000
Sources:            { u_ddr3/u_mig/u_mig_7series_0_mig/u_memc_ui_top_axi/mem_intfc0/ddr_phy_top0/u_ddr_mc_phy_wrapper/u_ddr_mc_phy/ddr_phy_4lanes_0.u_ddr_phy_4lanes/ddr_byte_lane_D.ddr_byte_lane_D/phaser_out/OCLKDIV }

Check Type        Corner  Lib Pin         Reference Pin  Required(ns)  Actual(ns)  Slack(ns)  Location       Pin
Min Period        n/a     OUT_FIFO/RDCLK  n/a            5.000         5.000       0.000      OUT_FIFO_X1Y7  u_ddr3/u_mig/u_mig_7series_0_mig/u_memc_ui_top_axi/mem_intfc0/ddr_phy_top0/u_ddr_mc_phy_wrapper/u_ddr_mc_phy/ddr_phy_4lanes_0.u_ddr_phy_4lanes/ddr_byte_lane_D.ddr_byte_lane_D/out_fifo/RDCLK
Low Pulse Width   Slow    OUT_FIFO/RDCLK  n/a            2.150         2.500       0.350      OUT_FIFO_X1Y7  u_ddr3/u_mig/u_mig_7series_0_mig/u_memc_ui_top_axi/mem_intfc0/ddr_phy_top0/u_ddr_mc_phy_wrapper/u_ddr_mc_phy/ddr_phy_4lanes_0.u_ddr_phy_4lanes/ddr_byte_lane_D.ddr_byte_lane_D/out_fifo/RDCLK
High Pulse Width  Fast    OUT_FIFO/RDCLK  n/a            2.150         2.500       0.350      OUT_FIFO_X1Y7  u_ddr3/u_mig/u_mig_7series_0_mig/u_memc_ui_top_axi/mem_intfc0/ddr_phy_top0/u_ddr_mc_phy_wrapper/u_ddr_mc_phy/ddr_phy_4lanes_0.u_ddr_phy_4lanes/ddr_byte_lane_D.ddr_byte_lane_D/out_fifo/RDCLK



---------------------------------------------------------------------------------------------------
From Clock:  pll_clk3_out
  To Clock:  pll_clk3_out

Setup :           NA  Failing Endpoints,  Worst Slack           NA  ,  Total Violation           NA
Hold  :           NA  Failing Endpoints,  Worst Slack           NA  ,  Total Violation           NA
PW    :            0  Failing Endpoints,  Worst Slack        3.000ns,  Total Violation        0.000ns
---------------------------------------------------------------------------------------------------


Pulse Width Checks
--------------------------------------------------------------------------------------
Clock Name:         pll_clk3_out
Waveform(ns):       { 0.000 5.000 }
Period(ns):         10.000
Sources:            { u_ddr3/u_mig/u_mig_7series_0_mig/u_ddr3_infrastructure/plle2_i/CLKOUT3 }

Check Type        Corner  Lib Pin            Reference Pin  Required(ns)  Actual(ns)  Slack(ns)  Location         Pin
Min Period        n/a     BUFH/I             n/a            1.592         10.000      8.408      BUFHCE_X1Y12     u_ddr3/u_mig/u_mig_7series_0_mig/u_ddr3_infrastructure/u_bufh_pll_clk3/I
Max Period        n/a     MMCME2_ADV/CLKIN1  n/a            100.000       10.000      90.000     MMCME2_ADV_X1Y1  u_ddr3/u_mig/u_mig_7series_0_mig/u_ddr3_infrastructure/gen_mmcm.mmcm_i/CLKIN1
Low Pulse Width   Slow    MMCME2_ADV/CLKIN1  n/a            2.000         5.000       3.000      MMCME2_ADV_X1Y1  u_ddr3/u_mig/u_mig_7series_0_mig/u_ddr3_infrastructure/gen_mmcm.mmcm_i/CLKIN1
High Pulse Width  Fast    MMCME2_ADV/CLKIN1  n/a            2.000         5.000       3.000      MMCME2_ADV_X1Y1  u_ddr3/u_mig/u_mig_7series_0_mig/u_ddr3_infrastructure/gen_mmcm.mmcm_i/CLKIN1



---------------------------------------------------------------------------------------------------
From Clock:  clk_pll_i
  To Clock:  clk_pll_i

Setup :            0  Failing Endpoints,  Worst Slack        2.468ns,  Total Violation        0.000ns
Hold  :            0  Failing Endpoints,  Worst Slack        0.056ns,  Total Violation        0.000ns
PW    :            0  Failing Endpoints,  Worst Slack        2.850ns,  Total Violation        0.000ns
---------------------------------------------------------------------------------------------------


Max Delay Paths
--------------------------------------------------------------------------------------
Slack (MET) :             2.468ns  (required time - arrival time)
  Source:                 u_udp/app_tx_reset_reg/C
                            (rising edge-triggered cell FDPE clocked by clk_pll_i  {rise@0.000ns fall@5.000ns period=10.000ns})
  Destination:            u_udp/u3/arp_dynamic_list/rd_mac_addr_reg[12]/R
                            (rising edge-triggered cell FDRE clocked by clk_pll_i  {rise@0.000ns fall@5.000ns period=10.000ns})
  Path Group:             clk_pll_i
  Path Type:              Setup (Max at Slow Process Corner)
  Requirement:            10.000ns  (clk_pll_i rise@10.000ns - clk_pll_i rise@0.000ns)
  Data Path Delay:        6.954ns  (logic 0.379ns (5.450%)  route 6.575ns (94.550%))
  Logic Levels:           0  
  Clock Path Skew:        -0.092ns (DCD - SCD + CPR)
    Destination Clock Delay (DCD):    0.761ns = ( 10.761 - 10.000 ) 
    Source Clock Delay      (SCD):    1.409ns
    Clock Pessimism Removal (CPR):    0.556ns
  Clock Uncertainty:      0.063ns  ((TSJ^2 + DJ^2)^1/2) / 2 + PE
    Total System Jitter     (TSJ):    0.071ns
    Discrete Jitter          (DJ):    0.104ns
    Phase Error              (PE):    0.000ns

    Location             Delay type                Incr(ns)  Path(ns)    Netlist Resource(s)
  -------------------------------------------------------------------    -------------------
                         (clock clk_pll_i rise edge)
                                                      0.000     0.000 r  
    R4                                                0.000     0.000 r  sys_clk (IN)
                         net (fo=0)                   0.000     0.000    u_clock_and_reset/clk_wiz_0/inst/clk_in1
    R4                   IBUF (Prop_ibuf_I_O)         1.432     1.432 r  u_clock_and_reset/clk_wiz_0/inst/clkin1_ibufg/O
                         net (fo=1, routed)           1.065     2.497    u_clock_and_reset/clk_wiz_0/inst/clk_in1_clk_wiz_0
    MMCME2_ADV_X1Y0      MMCME2_ADV (Prop_mmcme2_adv_CLKIN1_CLKOUT0)
                                                     -5.921    -3.424 r  u_clock_and_reset/clk_wiz_0/inst/mmcm_adv_inst/CLKOUT0
                         net (fo=1, routed)           1.421    -2.004    u_clock_and_reset/clk_wiz_0/inst/clk_out1_clk_wiz_0
    BUFGCTRL_X0Y1        BUFG (Prop_bufg_I_O)         0.081    -1.923 r  u_clock_and_reset/clk_wiz_0/inst/clkout1_buf/O
                         net (fo=64, routed)          1.394    -0.528    u_ddr3/u_mig/u_mig_7series_0_mig/u_ddr3_infrastructure/CLK
    PLLE2_ADV_X1Y1       PLLE2_ADV (Prop_plle2_adv_CLKIN1_CLKOUT3)
                                                      0.077    -0.451 r  u_ddr3/u_mig/u_mig_7series_0_mig/u_ddr3_infrastructure/plle2_i/CLKOUT3
                         net (fo=1, routed)           1.062     0.611    u_ddr3/u_mig/u_mig_7series_0_mig/u_ddr3_infrastructure/pll_clk3_out
    BUFHCE_X1Y12         BUFH (Prop_bufh_I_O)         0.106     0.717 r  u_ddr3/u_mig/u_mig_7series_0_mig/u_ddr3_infrastructure/u_bufh_pll_clk3/O
                         net (fo=1, routed)           0.702     1.419    u_ddr3/u_mig/u_mig_7series_0_mig/u_ddr3_infrastructure/pll_clk3
    MMCME2_ADV_X1Y1      MMCME2_ADV (Prop_mmcme2_adv_CLKIN1_CLKFBOUT)
                                                     -2.874    -1.455 r  u_ddr3/u_mig/u_mig_7series_0_mig/u_ddr3_infrastructure/gen_mmcm.mmcm_i/CLKFBOUT
                         net (fo=1, routed)           1.421    -0.035    u_ddr3/u_mig/u_mig_7series_0_mig/u_ddr3_infrastructure/clk_pll_i
    BUFGCTRL_X0Y16       BUFG (Prop_bufg_I_O)         0.081     0.046 r  u_ddr3/u_mig/u_mig_7series_0_mig/u_ddr3_infrastructure/u_bufg_clkdiv0/O
                         net (fo=13335, routed)       1.363     1.409    u_udp/ui_clk
    SLICE_X44Y17         FDPE                                         r  u_udp/app_tx_reset_reg/C
  -------------------------------------------------------------------    -------------------
    SLICE_X44Y17         FDPE (Prop_fdpe_C_Q)         0.379     1.788 r  u_udp/app_tx_reset_reg/Q
                         net (fo=1359, routed)        6.575     8.363    u_udp/u3/arp_dynamic_list/app_tx_reset
    SLICE_X10Y4          FDRE                                         r  u_udp/u3/arp_dynamic_list/rd_mac_addr_reg[12]/R
  -------------------------------------------------------------------    -------------------

                         (clock clk_pll_i rise edge)
                                                     10.000    10.000 r  
    R4                                                0.000    10.000 r  sys_clk (IN)
                         net (fo=0)                   0.000    10.000    u_clock_and_reset/clk_wiz_0/inst/clk_in1
    R4                   IBUF (Prop_ibuf_I_O)         1.366    11.366 r  u_clock_and_reset/clk_wiz_0/inst/clkin1_ibufg/O
                         net (fo=1, routed)           1.004    12.369    u_clock_and_reset/clk_wiz_0/inst/clk_in1_clk_wiz_0
    MMCME2_ADV_X1Y0      MMCME2_ADV (Prop_mmcme2_adv_CLKIN1_CLKOUT0)
                                                     -6.057     6.312 r  u_clock_and_reset/clk_wiz_0/inst/mmcm_adv_inst/CLKOUT0
                         net (fo=1, routed)           1.352     7.665    u_clock_and_reset/clk_wiz_0/inst/clk_out1_clk_wiz_0
    BUFGCTRL_X0Y1        BUFG (Prop_bufg_I_O)         0.077     7.742 r  u_clock_and_reset/clk_wiz_0/inst/clkout1_buf/O
                         net (fo=64, routed)          1.290     9.032    u_ddr3/u_mig/u_mig_7series_0_mig/u_ddr3_infrastructure/CLK
    PLLE2_ADV_X1Y1       PLLE2_ADV (Prop_plle2_adv_CLKIN1_CLKOUT3)
                                                      0.073     9.105 r  u_ddr3/u_mig/u_mig_7series_0_mig/u_ddr3_infrastructure/plle2_i/CLKOUT3
                         net (fo=1, routed)           0.929    10.034    u_ddr3/u_mig/u_mig_7series_0_mig/u_ddr3_infrastructure/pll_clk3_out
    BUFHCE_X1Y12         BUFH (Prop_bufh_I_O)         0.069    10.103 r  u_ddr3/u_mig/u_mig_7series_0_mig/u_ddr3_infrastructure/u_bufh_pll_clk3/O
                         net (fo=1, routed)           0.664    10.767    u_ddr3/u_mig/u_mig_7series_0_mig/u_ddr3_infrastructure/pll_clk3
    MMCME2_ADV_X1Y1      MMCME2_ADV (Prop_mmcme2_adv_CLKIN1_CLKFBOUT)
                                                     -2.699     8.068 r  u_ddr3/u_mig/u_mig_7series_0_mig/u_ddr3_infrastructure/gen_mmcm.mmcm_i/CLKFBOUT
                         net (fo=1, routed)           1.352     9.421    u_ddr3/u_mig/u_mig_7series_0_mig/u_ddr3_infrastructure/clk_pll_i
    BUFGCTRL_X0Y16       BUFG (Prop_bufg_I_O)         0.077     9.498 r  u_ddr3/u_mig/u_mig_7series_0_mig/u_ddr3_infrastructure/u_bufg_clkdiv0/O
                         net (fo=13335, routed)       1.264    10.761    u_udp/u3/arp_dynamic_list/ui_clk
    SLICE_X10Y4          FDRE                                         r  u_udp/u3/arp_dynamic_list/rd_mac_addr_reg[12]/C
                         clock pessimism              0.556    11.317    
                         clock uncertainty           -0.063    11.254    
    SLICE_X10Y4          FDRE (Setup_fdre_C_R)       -0.423    10.831    u_udp/u3/arp_dynamic_list/rd_mac_addr_reg[12]
  -------------------------------------------------------------------
                         required time                         10.831    
                         arrival time                          -8.363    
  -------------------------------------------------------------------
                         slack                                  2.468    





Min Delay Paths
--------------------------------------------------------------------------------------
Slack (MET) :             0.056ns  (arrival time - required time)
  Source:                 u_ddr3/u_mig/u_mig_7series_0_mig/u_memc_ui_top_axi/mem_intfc0/ddr_phy_top0/u_ddr_calib_top/u_ddr_phy_wrcal/wrcal_pat_resume_reg/C
                            (rising edge-triggered cell FDRE clocked by clk_pll_i  {rise@0.000ns fall@5.000ns period=10.000ns})
  Destination:            u_ddr3/u_mig/u_mig_7series_0_mig/u_memc_ui_top_axi/mem_intfc0/ddr_phy_top0/u_ddr_calib_top/u_ddr_phy_init/first_wrcal_pat_r_reg/D
                            (rising edge-triggered cell FDRE clocked by clk_pll_i  {rise@0.000ns fall@5.000ns period=10.000ns})
  Path Group:             clk_pll_i
  Path Type:              Hold (Min at Fast Process Corner)
  Requirement:            0.000ns  (clk_pll_i rise@0.000ns - clk_pll_i rise@0.000ns)
  Data Path Delay:        0.411ns  (logic 0.246ns (59.894%)  route 0.165ns (40.106%))
  Logic Levels:           1  (LUT6=1)
  Clock Path Skew:        0.263ns (DCD - SCD - CPR)
    Destination Clock Delay (DCD):    0.185ns
    Source Clock Delay      (SCD):    0.133ns
    Clock Pessimism Removal (CPR):    -0.211ns

    Location             Delay type                Incr(ns)  Path(ns)    Netlist Resource(s)
  -------------------------------------------------------------------    -------------------
                         (clock clk_pll_i rise edge)
                                                      0.000     0.000 r  
    R4                                                0.000     0.000 r  sys_clk (IN)
                         net (fo=0)                   0.000     0.000    u_clock_and_reset/clk_wiz_0/inst/clk_in1
    R4                   IBUF (Prop_ibuf_I_O)         0.269     0.269 r  u_clock_and_reset/clk_wiz_0/inst/clkin1_ibufg/O
                         net (fo=1, routed)           0.440     0.709    u_clock_and_reset/clk_wiz_0/inst/clk_in1_clk_wiz_0
    MMCME2_ADV_X1Y0      MMCME2_ADV (Prop_mmcme2_adv_CLKIN1_CLKOUT0)
                                                     -2.360    -1.651 r  u_clock_and_reset/clk_wiz_0/inst/mmcm_adv_inst/CLKOUT0
                         net (fo=1, routed)           0.486    -1.165    u_clock_and_reset/clk_wiz_0/inst/clk_out1_clk_wiz_0
    BUFGCTRL_X0Y1        BUFG (Prop_bufg_I_O)         0.026    -1.139 r  u_clock_and_reset/clk_wiz_0/inst/clkout1_buf/O
                         net (fo=64, routed)          0.552    -0.587    u_ddr3/u_mig/u_mig_7series_0_mig/u_ddr3_infrastructure/CLK
    PLLE2_ADV_X1Y1       PLLE2_ADV (Prop_plle2_adv_CLKIN1_CLKOUT3)
                                                      0.050    -0.537 r  u_ddr3/u_mig/u_mig_7series_0_mig/u_ddr3_infrastructure/plle2_i/CLKOUT3
                         net (fo=1, routed)           0.381    -0.156    u_ddr3/u_mig/u_mig_7series_0_mig/u_ddr3_infrastructure/pll_clk3_out
    BUFHCE_X1Y12         BUFH (Prop_bufh_I_O)         0.020    -0.136 r  u_ddr3/u_mig/u_mig_7series_0_mig/u_ddr3_infrastructure/u_bufh_pll_clk3/O
                         net (fo=1, routed)           0.259     0.123    u_ddr3/u_mig/u_mig_7series_0_mig/u_ddr3_infrastructure/pll_clk3
    MMCME2_ADV_X1Y1      MMCME2_ADV (Prop_mmcme2_adv_CLKIN1_CLKFBOUT)
                                                     -1.057    -0.934 r  u_ddr3/u_mig/u_mig_7series_0_mig/u_ddr3_infrastructure/gen_mmcm.mmcm_i/CLKFBOUT
                         net (fo=1, routed)           0.486    -0.448    u_ddr3/u_mig/u_mig_7series_0_mig/u_ddr3_infrastructure/clk_pll_i
    BUFGCTRL_X0Y16       BUFG (Prop_bufg_I_O)         0.026    -0.422 r  u_ddr3/u_mig/u_mig_7series_0_mig/u_ddr3_infrastructure/u_bufg_clkdiv0/O
                         net (fo=13335, routed)       0.555     0.133    u_ddr3/u_mig/u_mig_7series_0_mig/u_memc_ui_top_axi/mem_intfc0/ddr_phy_top0/u_ddr_calib_top/u_ddr_phy_wrcal/wrcal_pat_resume_reg_0
    SLICE_X34Y87         FDRE                                         r  u_ddr3/u_mig/u_mig_7series_0_mig/u_memc_ui_top_axi/mem_intfc0/ddr_phy_top0/u_ddr_calib_top/u_ddr_phy_wrcal/wrcal_pat_resume_reg/C
  -------------------------------------------------------------------    -------------------
    SLICE_X34Y87         FDRE (Prop_fdre_C_Q)         0.148     0.281 r  u_ddr3/u_mig/u_mig_7series_0_mig/u_memc_ui_top_axi/mem_intfc0/ddr_phy_top0/u_ddr_calib_top/u_ddr_phy_wrcal/wrcal_pat_resume_reg/Q
                         net (fo=2, routed)           0.165     0.446    u_ddr3/u_mig/u_mig_7series_0_mig/u_memc_ui_top_axi/mem_intfc0/ddr_phy_top0/u_ddr_calib_top/u_ddr_phy_init/wrcal_resume_w
    SLICE_X37Y86         LUT6 (Prop_lut6_I5_O)        0.098     0.544 r  u_ddr3/u_mig/u_mig_7series_0_mig/u_memc_ui_top_axi/mem_intfc0/ddr_phy_top0/u_ddr_calib_top/u_ddr_phy_init/first_wrcal_pat_r_i_1/O
                         net (fo=1, routed)           0.000     0.544    u_ddr3/u_mig/u_mig_7series_0_mig/u_memc_ui_top_axi/mem_intfc0/ddr_phy_top0/u_ddr_calib_top/u_ddr_phy_init/first_wrcal_pat_r_i_1_n_0
    SLICE_X37Y86         FDRE                                         r  u_ddr3/u_mig/u_mig_7series_0_mig/u_memc_ui_top_axi/mem_intfc0/ddr_phy_top0/u_ddr_calib_top/u_ddr_phy_init/first_wrcal_pat_r_reg/D
  -------------------------------------------------------------------    -------------------

                         (clock clk_pll_i rise edge)
                                                      0.000     0.000 r  
    R4                                                0.000     0.000 r  sys_clk (IN)
                         net (fo=0)                   0.000     0.000    u_clock_and_reset/clk_wiz_0/inst/clk_in1
    R4                   IBUF (Prop_ibuf_I_O)         0.457     0.457 r  u_clock_and_reset/clk_wiz_0/inst/clkin1_ibufg/O
                         net (fo=1, routed)           0.480     0.937    u_clock_and_reset/clk_wiz_0/inst/clk_in1_clk_wiz_0
    MMCME2_ADV_X1Y0      MMCME2_ADV (Prop_mmcme2_adv_CLKIN1_CLKOUT0)
                                                     -3.142    -2.205 r  u_clock_and_reset/clk_wiz_0/inst/mmcm_adv_inst/CLKOUT0
                         net (fo=1, routed)           0.530    -1.676    u_clock_and_reset/clk_wiz_0/inst/clk_out1_clk_wiz_0
    BUFGCTRL_X0Y1        BUFG (Prop_bufg_I_O)         0.029    -1.647 r  u_clock_and_reset/clk_wiz_0/inst/clkout1_buf/O
                         net (fo=64, routed)          0.820    -0.827    u_ddr3/u_mig/u_mig_7series_0_mig/u_ddr3_infrastructure/CLK
    PLLE2_ADV_X1Y1       PLLE2_ADV (Prop_plle2_adv_CLKIN1_CLKOUT3)
                                                      0.053    -0.774 r  u_ddr3/u_mig/u_mig_7series_0_mig/u_ddr3_infrastructure/plle2_i/CLKOUT3
                         net (fo=1, routed)           0.423    -0.351    u_ddr3/u_mig/u_mig_7series_0_mig/u_ddr3_infrastructure/pll_clk3_out
    BUFHCE_X1Y12         BUFH (Prop_bufh_I_O)         0.043    -0.308 r  u_ddr3/u_mig/u_mig_7series_0_mig/u_ddr3_infrastructure/u_bufh_pll_clk3/O
                         net (fo=1, routed)           0.483     0.175    u_ddr3/u_mig/u_mig_7series_0_mig/u_ddr3_infrastructure/pll_clk3
    MMCME2_ADV_X1Y1      MMCME2_ADV (Prop_mmcme2_adv_CLKIN1_CLKFBOUT)
                                                     -1.371    -1.196 r  u_ddr3/u_mig/u_mig_7series_0_mig/u_ddr3_infrastructure/gen_mmcm.mmcm_i/CLKFBOUT
                         net (fo=1, routed)           0.530    -0.667    u_ddr3/u_mig/u_mig_7series_0_mig/u_ddr3_infrastructure/clk_pll_i
    BUFGCTRL_X0Y16       BUFG (Prop_bufg_I_O)         0.029    -0.638 r  u_ddr3/u_mig/u_mig_7series_0_mig/u_ddr3_infrastructure/u_bufg_clkdiv0/O
                         net (fo=13335, routed)       0.822     0.185    u_ddr3/u_mig/u_mig_7series_0_mig/u_memc_ui_top_axi/mem_intfc0/ddr_phy_top0/u_ddr_calib_top/u_ddr_phy_init/rdlvl_start_dly0_r_reg[14]_0
    SLICE_X37Y86         FDRE                                         r  u_ddr3/u_mig/u_mig_7series_0_mig/u_memc_ui_top_axi/mem_intfc0/ddr_phy_top0/u_ddr_calib_top/u_ddr_phy_init/first_wrcal_pat_r_reg/C
                         clock pessimism              0.211     0.396    
    SLICE_X37Y86         FDRE (Hold_fdre_C_D)         0.092     0.488    u_ddr3/u_mig/u_mig_7series_0_mig/u_memc_ui_top_axi/mem_intfc0/ddr_phy_top0/u_ddr_calib_top/u_ddr_phy_init/first_wrcal_pat_r_reg
  -------------------------------------------------------------------
                         required time                         -0.488    
                         arrival time                           0.544    
  -------------------------------------------------------------------
                         slack                                  0.056    





Pulse Width Checks
--------------------------------------------------------------------------------------
Clock Name:         clk_pll_i
Waveform(ns):       { 0.000 5.000 }
Period(ns):         10.000
Sources:            { u_ddr3/u_mig/u_mig_7series_0_mig/u_ddr3_infrastructure/gen_mmcm.mmcm_i/CLKFBOUT }

Check Type        Corner  Lib Pin             Reference Pin  Required(ns)  Actual(ns)  Slack(ns)  Location         Pin
Min Period        n/a     OUT_FIFO/WRCLK      n/a            5.000         10.000      5.000      OUT_FIFO_X1Y4    u_ddr3/u_mig/u_mig_7series_0_mig/u_memc_ui_top_axi/mem_intfc0/ddr_phy_top0/u_ddr_mc_phy_wrapper/u_ddr_mc_phy/ddr_phy_4lanes_0.u_ddr_phy_4lanes/ddr_byte_lane_A.ddr_byte_lane_A/out_fifo/WRCLK
Max Period        n/a     MMCME2_ADV/CLKFBIN  n/a            100.000       10.000      90.000     MMCME2_ADV_X1Y1  u_ddr3/u_mig/u_mig_7series_0_mig/u_ddr3_infrastructure/gen_mmcm.mmcm_i/CLKFBIN
Low Pulse Width   Slow    OUT_FIFO/WRCLK      n/a            2.150         5.000       2.850      OUT_FIFO_X1Y4    u_ddr3/u_mig/u_mig_7series_0_mig/u_memc_ui_top_axi/mem_intfc0/ddr_phy_top0/u_ddr_mc_phy_wrapper/u_ddr_mc_phy/ddr_phy_4lanes_0.u_ddr_phy_4lanes/ddr_byte_lane_A.ddr_byte_lane_A/out_fifo/WRCLK
High Pulse Width  Slow    OUT_FIFO/WRCLK      n/a            2.150         5.000       2.850      OUT_FIFO_X1Y4    u_ddr3/u_mig/u_mig_7series_0_mig/u_memc_ui_top_axi/mem_intfc0/ddr_phy_top0/u_ddr_mc_phy_wrapper/u_ddr_mc_phy/ddr_phy_4lanes_0.u_ddr_phy_4lanes/ddr_byte_lane_A.ddr_byte_lane_A/out_fifo/WRCLK



---------------------------------------------------------------------------------------------------
From Clock:  pll_clkfbout
  To Clock:  pll_clkfbout

Setup :           NA  Failing Endpoints,  Worst Slack           NA  ,  Total Violation           NA
Hold  :           NA  Failing Endpoints,  Worst Slack           NA  ,  Total Violation           NA
PW    :            0  Failing Endpoints,  Worst Slack        3.751ns,  Total Violation        0.000ns
---------------------------------------------------------------------------------------------------


Pulse Width Checks
--------------------------------------------------------------------------------------
Clock Name:         pll_clkfbout
Waveform(ns):       { 0.000 2.500 }
Period(ns):         5.000
Sources:            { u_ddr3/u_mig/u_mig_7series_0_mig/u_ddr3_infrastructure/plle2_i/CLKFBOUT }

Check Type  Corner  Lib Pin             Reference Pin  Required(ns)  Actual(ns)  Slack(ns)  Location        Pin
Min Period  n/a     PLLE2_ADV/CLKFBOUT  n/a            1.249         5.000       3.751      PLLE2_ADV_X1Y1  u_ddr3/u_mig/u_mig_7series_0_mig/u_ddr3_infrastructure/plle2_i/CLKFBOUT
Max Period  n/a     PLLE2_ADV/CLKFBIN   n/a            52.633        5.000       47.633     PLLE2_ADV_X1Y1  u_ddr3/u_mig/u_mig_7series_0_mig/u_ddr3_infrastructure/plle2_i/CLKFBIN



---------------------------------------------------------------------------------------------------
From Clock:  sync_pulse
  To Clock:  sync_pulse

Setup :           NA  Failing Endpoints,  Worst Slack           NA  ,  Total Violation           NA
Hold  :           NA  Failing Endpoints,  Worst Slack           NA  ,  Total Violation           NA
PW    :            0  Failing Endpoints,  Worst Slack        1.428ns,  Total Violation        0.000ns
---------------------------------------------------------------------------------------------------


Pulse Width Checks
--------------------------------------------------------------------------------------
Clock Name:         sync_pulse
Waveform(ns):       { 1.094 3.594 }
Period(ns):         40.000
Sources:            { u_ddr3/u_mig/u_mig_7series_0_mig/u_ddr3_infrastructure/plle2_i/CLKOUT2 }

Check Type        Corner  Lib Pin               Reference Pin  Required(ns)  Actual(ns)  Slack(ns)  Location            Pin
Min Period        n/a     PLLE2_ADV/CLKOUT2     n/a            1.249         40.000      38.751     PLLE2_ADV_X1Y1      u_ddr3/u_mig/u_mig_7series_0_mig/u_ddr3_infrastructure/plle2_i/CLKOUT2
Max Period        n/a     PLLE2_ADV/CLKOUT2     n/a            160.000       40.000      120.000    PLLE2_ADV_X1Y1      u_ddr3/u_mig/u_mig_7series_0_mig/u_ddr3_infrastructure/plle2_i/CLKOUT2
High Pulse Width  Slow    PHASER_IN_PHY/SYNCIN  n/a            1.072         2.500       1.428      PHASER_IN_PHY_X1Y6  u_ddr3/u_mig/u_mig_7series_0_mig/u_memc_ui_top_axi/mem_intfc0/ddr_phy_top0/u_ddr_mc_phy_wrapper/u_ddr_mc_phy/ddr_phy_4lanes_0.u_ddr_phy_4lanes/ddr_byte_lane_C.ddr_byte_lane_C/phaser_in_gen.phaser_in/SYNCIN



---------------------------------------------------------------------------------------------------
From Clock:  clk_out2_clk_wiz_0
  To Clock:  clk_out2_clk_wiz_0

Setup :            0  Failing Endpoints,  Worst Slack        1.413ns,  Total Violation        0.000ns
Hold  :            0  Failing Endpoints,  Worst Slack        0.076ns,  Total Violation        0.000ns
PW    :            0  Failing Endpoints,  Worst Slack        2.870ns,  Total Violation        0.000ns
---------------------------------------------------------------------------------------------------


Max Delay Paths
--------------------------------------------------------------------------------------
Slack (MET) :             1.413ns  (required time - arrival time)
  Source:                 u_clock_and_reset/reset_reg/C
                            (rising edge-triggered cell FDPE clocked by clk_out2_clk_wiz_0  {rise@0.000ns fall@4.000ns period=8.000ns})
  Destination:            u_source/delay_count_reg[16]/R
                            (rising edge-triggered cell FDRE clocked by clk_out2_clk_wiz_0  {rise@0.000ns fall@4.000ns period=8.000ns})
  Path Group:             clk_out2_clk_wiz_0
  Path Type:              Setup (Max at Slow Process Corner)
  Requirement:            8.000ns  (clk_out2_clk_wiz_0 rise@8.000ns - clk_out2_clk_wiz_0 rise@0.000ns)
  Data Path Delay:        5.961ns  (logic 0.494ns (8.288%)  route 5.467ns (91.712%))
  Logic Levels:           1  (LUT2=1)
  Clock Path Skew:        -0.014ns (DCD - SCD + CPR)
    Destination Clock Delay (DCD):    -0.931ns = ( 7.069 - 8.000 ) 
    Source Clock Delay      (SCD):    -0.581ns
    Clock Pessimism Removal (CPR):    0.336ns
  Clock Uncertainty:      0.099ns  ((TSJ^2 + DJ^2)^1/2) / 2 + PE
    Total System Jitter     (TSJ):    0.071ns
    Discrete Jitter          (DJ):    0.184ns
    Phase Error              (PE):    0.000ns

    Location             Delay type                Incr(ns)  Path(ns)    Netlist Resource(s)
  -------------------------------------------------------------------    -------------------
                         (clock clk_out2_clk_wiz_0 rise edge)
                                                      0.000     0.000 r  
    R4                                                0.000     0.000 r  sys_clk (IN)
                         net (fo=0)                   0.000     0.000    u_clock_and_reset/clk_wiz_0/inst/clk_in1
    R4                   IBUF (Prop_ibuf_I_O)         1.432     1.432 r  u_clock_and_reset/clk_wiz_0/inst/clkin1_ibufg/O
                         net (fo=1, routed)           1.065     2.497    u_clock_and_reset/clk_wiz_0/inst/clk_in1_clk_wiz_0
    MMCME2_ADV_X1Y0      MMCME2_ADV (Prop_mmcme2_adv_CLKIN1_CLKOUT1)
                                                     -5.921    -3.424 r  u_clock_and_reset/clk_wiz_0/inst/mmcm_adv_inst/CLKOUT1
                         net (fo=1, routed)           1.421    -2.004    u_clock_and_reset/clk_wiz_0/inst/clk_out2_clk_wiz_0
    BUFGCTRL_X0Y0        BUFG (Prop_bufg_I_O)         0.081    -1.923 r  u_clock_and_reset/clk_wiz_0/inst/clkout2_buf/O
                         net (fo=1956, routed)        1.341    -0.581    u_clock_and_reset/clk_out2
    SLICE_X15Y73         FDPE                                         r  u_clock_and_reset/reset_reg/C
  -------------------------------------------------------------------    -------------------
    SLICE_X15Y73         FDPE (Prop_fdpe_C_Q)         0.379    -0.202 r  u_clock_and_reset/reset_reg/Q
                         net (fo=3, routed)           1.267     1.064    u_clock_and_reset/clock_reset
    SLICE_X15Y73         LUT2 (Prop_lut2_I0_O)        0.115     1.179 r  u_clock_and_reset/u_source_i_1/O
                         net (fo=183, routed)         4.200     5.379    u_source/reset
    SLICE_X65Y38         FDRE                                         r  u_source/delay_count_reg[16]/R
  -------------------------------------------------------------------    -------------------

                         (clock clk_out2_clk_wiz_0 rise edge)
                                                      8.000     8.000 r  
    R4                                                0.000     8.000 r  sys_clk (IN)
                         net (fo=0)                   0.000     8.000    u_clock_and_reset/clk_wiz_0/inst/clk_in1
    R4                   IBUF (Prop_ibuf_I_O)         1.366     9.366 r  u_clock_and_reset/clk_wiz_0/inst/clkin1_ibufg/O
                         net (fo=1, routed)           1.004    10.369    u_clock_and_reset/clk_wiz_0/inst/clk_in1_clk_wiz_0
    MMCME2_ADV_X1Y0      MMCME2_ADV (Prop_mmcme2_adv_CLKIN1_CLKOUT1)
                                                     -6.057     4.312 r  u_clock_and_reset/clk_wiz_0/inst/mmcm_adv_inst/CLKOUT1
                         net (fo=1, routed)           1.352     5.665    u_clock_and_reset/clk_wiz_0/inst/clk_out2_clk_wiz_0
    BUFGCTRL_X0Y0        BUFG (Prop_bufg_I_O)         0.077     5.742 r  u_clock_and_reset/clk_wiz_0/inst/clkout2_buf/O
                         net (fo=1956, routed)        1.328     7.069    u_source/clk
    SLICE_X65Y38         FDRE                                         r  u_source/delay_count_reg[16]/C
                         clock pessimism              0.336     7.405    
                         clock uncertainty           -0.099     7.306    
    SLICE_X65Y38         FDRE (Setup_fdre_C_R)       -0.514     6.792    u_source/delay_count_reg[16]
  -------------------------------------------------------------------
                         required time                          6.792    
                         arrival time                          -5.379    
  -------------------------------------------------------------------
                         slack                                  1.413    





Min Delay Paths
--------------------------------------------------------------------------------------
Slack (MET) :             0.076ns  (arrival time - required time)
  Source:                 u_adma/axi_wr_channel/wr_buffer/data_din_reg[6]/C
                            (rising edge-triggered cell FDRE clocked by clk_out2_clk_wiz_0  {rise@0.000ns fall@4.000ns period=8.000ns})
  Destination:            u_adma/axi_wr_channel/wr_buffer/wr_data_fifo/U0/inst_fifo_gen/gconvfifo.rf/grf.rf/gntv_or_sync_fifo.mem/gbm.gbmg.gbmga.ngecc.bmg/inst_blk_mem_gen/gnbram.gnativebmg.native_blk_mem_gen/valid.cstr/ramloop[0].ram.r/prim_noinit.ram/DEVICE_7SERIES.NO_BMM_INFO.SDP.WIDE_PRIM36_NO_ECC.ram/DIADI[6]
                            (rising edge-triggered cell RAMB36E1 clocked by clk_out2_clk_wiz_0  {rise@0.000ns fall@4.000ns period=8.000ns})
  Path Group:             clk_out2_clk_wiz_0
  Path Type:              Hold (Min at Fast Process Corner)
  Requirement:            0.000ns  (clk_out2_clk_wiz_0 rise@0.000ns - clk_out2_clk_wiz_0 rise@0.000ns)
  Data Path Delay:        0.391ns  (logic 0.148ns (37.886%)  route 0.243ns (62.114%))
  Logic Levels:           0  
  Clock Path Skew:        0.073ns (DCD - SCD - CPR)
    Destination Clock Delay (DCD):    -0.694ns
    Source Clock Delay      (SCD):    -0.497ns
    Clock Pessimism Removal (CPR):    -0.270ns

    Location             Delay type                Incr(ns)  Path(ns)    Netlist Resource(s)
  -------------------------------------------------------------------    -------------------
                         (clock clk_out2_clk_wiz_0 rise edge)
                                                      0.000     0.000 r  
    R4                                                0.000     0.000 r  sys_clk (IN)
                         net (fo=0)                   0.000     0.000    u_clock_and_reset/clk_wiz_0/inst/clk_in1
    R4                   IBUF (Prop_ibuf_I_O)         0.269     0.269 r  u_clock_and_reset/clk_wiz_0/inst/clkin1_ibufg/O
                         net (fo=1, routed)           0.440     0.709    u_clock_and_reset/clk_wiz_0/inst/clk_in1_clk_wiz_0
    MMCME2_ADV_X1Y0      MMCME2_ADV (Prop_mmcme2_adv_CLKIN1_CLKOUT1)
                                                     -2.360    -1.651 r  u_clock_and_reset/clk_wiz_0/inst/mmcm_adv_inst/CLKOUT1
                         net (fo=1, routed)           0.486    -1.165    u_clock_and_reset/clk_wiz_0/inst/clk_out2_clk_wiz_0
    BUFGCTRL_X0Y0        BUFG (Prop_bufg_I_O)         0.026    -1.139 r  u_clock_and_reset/clk_wiz_0/inst/clkout2_buf/O
                         net (fo=1956, routed)        0.642    -0.497    u_adma/axi_wr_channel/wr_buffer/user_wr_clk
    SLICE_X12Y115        FDRE                                         r  u_adma/axi_wr_channel/wr_buffer/data_din_reg[6]/C
  -------------------------------------------------------------------    -------------------
    SLICE_X12Y115        FDRE (Prop_fdre_C_Q)         0.148    -0.349 r  u_adma/axi_wr_channel/wr_buffer/data_din_reg[6]/Q
                         net (fo=1, routed)           0.243    -0.106    u_adma/axi_wr_channel/wr_buffer/wr_data_fifo/U0/inst_fifo_gen/gconvfifo.rf/grf.rf/gntv_or_sync_fifo.mem/gbm.gbmg.gbmga.ngecc.bmg/inst_blk_mem_gen/gnbram.gnativebmg.native_blk_mem_gen/valid.cstr/ramloop[0].ram.r/prim_noinit.ram/din[6]
    RAMB36_X0Y23         RAMB36E1                                     r  u_adma/axi_wr_channel/wr_buffer/wr_data_fifo/U0/inst_fifo_gen/gconvfifo.rf/grf.rf/gntv_or_sync_fifo.mem/gbm.gbmg.gbmga.ngecc.bmg/inst_blk_mem_gen/gnbram.gnativebmg.native_blk_mem_gen/valid.cstr/ramloop[0].ram.r/prim_noinit.ram/DEVICE_7SERIES.NO_BMM_INFO.SDP.WIDE_PRIM36_NO_ECC.ram/DIADI[6]
  -------------------------------------------------------------------    -------------------

                         (clock clk_out2_clk_wiz_0 rise edge)
                                                      0.000     0.000 r  
    R4                                                0.000     0.000 r  sys_clk (IN)
                         net (fo=0)                   0.000     0.000    u_clock_and_reset/clk_wiz_0/inst/clk_in1
    R4                   IBUF (Prop_ibuf_I_O)         0.457     0.457 r  u_clock_and_reset/clk_wiz_0/inst/clkin1_ibufg/O
                         net (fo=1, routed)           0.480     0.937    u_clock_and_reset/clk_wiz_0/inst/clk_in1_clk_wiz_0
    MMCME2_ADV_X1Y0      MMCME2_ADV (Prop_mmcme2_adv_CLKIN1_CLKOUT1)
                                                     -3.142    -2.205 r  u_clock_and_reset/clk_wiz_0/inst/mmcm_adv_inst/CLKOUT1
                         net (fo=1, routed)           0.530    -1.676    u_clock_and_reset/clk_wiz_0/inst/clk_out2_clk_wiz_0
    BUFGCTRL_X0Y0        BUFG (Prop_bufg_I_O)         0.029    -1.647 r  u_clock_and_reset/clk_wiz_0/inst/clkout2_buf/O
                         net (fo=1956, routed)        0.953    -0.694    u_adma/axi_wr_channel/wr_buffer/wr_data_fifo/U0/inst_fifo_gen/gconvfifo.rf/grf.rf/gntv_or_sync_fifo.mem/gbm.gbmg.gbmga.ngecc.bmg/inst_blk_mem_gen/gnbram.gnativebmg.native_blk_mem_gen/valid.cstr/ramloop[0].ram.r/prim_noinit.ram/wr_clk
    RAMB36_X0Y23         RAMB36E1                                     r  u_adma/axi_wr_channel/wr_buffer/wr_data_fifo/U0/inst_fifo_gen/gconvfifo.rf/grf.rf/gntv_or_sync_fifo.mem/gbm.gbmg.gbmga.ngecc.bmg/inst_blk_mem_gen/gnbram.gnativebmg.native_blk_mem_gen/valid.cstr/ramloop[0].ram.r/prim_noinit.ram/DEVICE_7SERIES.NO_BMM_INFO.SDP.WIDE_PRIM36_NO_ECC.ram/CLKBWRCLK
                         clock pessimism              0.270    -0.424    
    RAMB36_X0Y23         RAMB36E1 (Hold_ramb36e1_CLKBWRCLK_DIADI[6])
                                                      0.242    -0.182    u_adma/axi_wr_channel/wr_buffer/wr_data_fifo/U0/inst_fifo_gen/gconvfifo.rf/grf.rf/gntv_or_sync_fifo.mem/gbm.gbmg.gbmga.ngecc.bmg/inst_blk_mem_gen/gnbram.gnativebmg.native_blk_mem_gen/valid.cstr/ramloop[0].ram.r/prim_noinit.ram/DEVICE_7SERIES.NO_BMM_INFO.SDP.WIDE_PRIM36_NO_ECC.ram
  -------------------------------------------------------------------
                         required time                          0.182    
                         arrival time                          -0.106    
  -------------------------------------------------------------------
                         slack                                  0.076    





Pulse Width Checks
--------------------------------------------------------------------------------------
Clock Name:         clk_out2_clk_wiz_0
Waveform(ns):       { 0.000 4.000 }
Period(ns):         8.000
Sources:            { u_clock_and_reset/clk_wiz_0/inst/mmcm_adv_inst/CLKOUT1 }

Check Type        Corner  Lib Pin             Reference Pin  Required(ns)  Actual(ns)  Slack(ns)  Location         Pin
Min Period        n/a     RAMB36E1/CLKBWRCLK  n/a            2.170         8.000       5.830      RAMB36_X0Y23     u_adma/axi_wr_channel/wr_buffer/wr_data_fifo/U0/inst_fifo_gen/gconvfifo.rf/grf.rf/gntv_or_sync_fifo.mem/gbm.gbmg.gbmga.ngecc.bmg/inst_blk_mem_gen/gnbram.gnativebmg.native_blk_mem_gen/valid.cstr/ramloop[0].ram.r/prim_noinit.ram/DEVICE_7SERIES.NO_BMM_INFO.SDP.WIDE_PRIM36_NO_ECC.ram/CLKBWRCLK
Max Period        n/a     MMCME2_ADV/CLKOUT1  n/a            213.360       8.000       205.360    MMCME2_ADV_X1Y0  u_clock_and_reset/clk_wiz_0/inst/mmcm_adv_inst/CLKOUT1
Low Pulse Width   Slow    RAMD32/CLK          n/a            1.130         4.000       2.870      SLICE_X10Y13     u_udp/u3/arp_receive/arp_rx_fifo/U0/inst_fifo_gen/gconvfifo.rf/grf.rf/gntv_or_sync_fifo.mem/gdm.dm_gen.dm/RAM_reg_0_15_0_5/RAMA/CLK
High Pulse Width  Fast    RAMD32/CLK          n/a            1.130         4.000       2.870      SLICE_X6Y14      u_udp/u3/arp_receive/arp_rx_fifo/U0/inst_fifo_gen/gconvfifo.rf/grf.rf/gntv_or_sync_fifo.mem/gdm.dm_gen.dm/RAM_reg_0_15_36_41/RAMA/CLK



---------------------------------------------------------------------------------------------------
From Clock:  clkfbout_clk_wiz_0
  To Clock:  clkfbout_clk_wiz_0

Setup :           NA  Failing Endpoints,  Worst Slack           NA  ,  Total Violation           NA
Hold  :           NA  Failing Endpoints,  Worst Slack           NA  ,  Total Violation           NA
PW    :            0  Failing Endpoints,  Worst Slack       18.408ns,  Total Violation        0.000ns
---------------------------------------------------------------------------------------------------


Pulse Width Checks
--------------------------------------------------------------------------------------
Clock Name:         clkfbout_clk_wiz_0
Waveform(ns):       { 0.000 10.000 }
Period(ns):         20.000
Sources:            { u_clock_and_reset/clk_wiz_0/inst/mmcm_adv_inst/CLKFBOUT }

Check Type  Corner  Lib Pin             Reference Pin  Required(ns)  Actual(ns)  Slack(ns)  Location         Pin
Min Period  n/a     BUFG/I              n/a            1.592         20.000      18.408     BUFGCTRL_X0Y4    u_clock_and_reset/clk_wiz_0/inst/clkf_buf/I
Max Period  n/a     MMCME2_ADV/CLKFBIN  n/a            100.000       20.000      80.000     MMCME2_ADV_X1Y0  u_clock_and_reset/clk_wiz_0/inst/mmcm_adv_inst/CLKFBIN



---------------------------------------------------------------------------------------------------
From Clock:  clk_pll_i
  To Clock:  dbg_hub/inst/BSCANID.u_xsdbm_id/SWITCH_N_EXT_BSCAN.bscan_inst/SERIES7_BSCAN.bscan_inst/TCK

Setup :            0  Failing Endpoints,  Worst Slack        8.906ns,  Total Violation        0.000ns
Hold  :           NA  Failing Endpoints,  Worst Slack           NA  ,  Total Violation           NA
---------------------------------------------------------------------------------------------------


Max Delay Paths
--------------------------------------------------------------------------------------
Slack (MET) :             8.906ns  (required time - arrival time)
  Source:                 dbg_hub/inst/BSCANID.u_xsdbm_id/CORE_XSDB.UUT_MASTER/U_ICON_INTERFACE/U_CMD6_RD/U_RD_FIFO/SUBCORE_FIFO.xsdbm_v3_0_0_rdfifo_inst/inst_fifo_gen/gconvfifo.rf/grf.rf/gntv_or_sync_fifo.gcx.clkx/gnxpm_cdc.wr_pntr_gc_reg[2]/C
                            (rising edge-triggered cell FDCE clocked by clk_pll_i  {rise@0.000ns fall@5.000ns period=10.000ns})
  Destination:            dbg_hub/inst/BSCANID.u_xsdbm_id/CORE_XSDB.UUT_MASTER/U_ICON_INTERFACE/U_CMD6_RD/U_RD_FIFO/SUBCORE_FIFO.xsdbm_v3_0_0_rdfifo_inst/inst_fifo_gen/gconvfifo.rf/grf.rf/gntv_or_sync_fifo.gcx.clkx/gnxpm_cdc.gsync_stage[1].rd_stg_inst/Q_reg_reg[2]/D
                            (rising edge-triggered cell FDCE clocked by dbg_hub/inst/BSCANID.u_xsdbm_id/SWITCH_N_EXT_BSCAN.bscan_inst/SERIES7_BSCAN.bscan_inst/TCK  {rise@0.000ns fall@16.500ns period=33.000ns})
  Path Group:             dbg_hub/inst/BSCANID.u_xsdbm_id/SWITCH_N_EXT_BSCAN.bscan_inst/SERIES7_BSCAN.bscan_inst/TCK
  Path Type:              Setup (Max at Slow Process Corner)
  Requirement:            10.000ns  (MaxDelay Path 10.000ns)
  Data Path Delay:        0.894ns  (logic 0.398ns (44.528%)  route 0.496ns (55.472%))
  Logic Levels:           0  
  Timing Exception:       MaxDelay Path 10.000ns -datapath_only

    Location             Delay type                Incr(ns)  Path(ns)    Netlist Resource(s)
  -------------------------------------------------------------------    -------------------
    SLICE_X12Y41                                      0.000     0.000 r  dbg_hub/inst/BSCANID.u_xsdbm_id/CORE_XSDB.UUT_MASTER/U_ICON_INTERFACE/U_CMD6_RD/U_RD_FIFO/SUBCORE_FIFO.xsdbm_v3_0_0_rdfifo_inst/inst_fifo_gen/gconvfifo.rf/grf.rf/gntv_or_sync_fifo.gcx.clkx/gnxpm_cdc.wr_pntr_gc_reg[2]/C
    SLICE_X12Y41         FDCE (Prop_fdce_C_Q)         0.398     0.398 r  dbg_hub/inst/BSCANID.u_xsdbm_id/CORE_XSDB.UUT_MASTER/U_ICON_INTERFACE/U_CMD6_RD/U_RD_FIFO/SUBCORE_FIFO.xsdbm_v3_0_0_rdfifo_inst/inst_fifo_gen/gconvfifo.rf/grf.rf/gntv_or_sync_fifo.gcx.clkx/gnxpm_cdc.wr_pntr_gc_reg[2]/Q
                         net (fo=1, routed)           0.496     0.894    dbg_hub/inst/BSCANID.u_xsdbm_id/CORE_XSDB.UUT_MASTER/U_ICON_INTERFACE/U_CMD6_RD/U_RD_FIFO/SUBCORE_FIFO.xsdbm_v3_0_0_rdfifo_inst/inst_fifo_gen/gconvfifo.rf/grf.rf/gntv_or_sync_fifo.gcx.clkx/gnxpm_cdc.gsync_stage[1].rd_stg_inst/Q[2]
    SLICE_X13Y41         FDCE                                         r  dbg_hub/inst/BSCANID.u_xsdbm_id/CORE_XSDB.UUT_MASTER/U_ICON_INTERFACE/U_CMD6_RD/U_RD_FIFO/SUBCORE_FIFO.xsdbm_v3_0_0_rdfifo_inst/inst_fifo_gen/gconvfifo.rf/grf.rf/gntv_or_sync_fifo.gcx.clkx/gnxpm_cdc.gsync_stage[1].rd_stg_inst/Q_reg_reg[2]/D
  -------------------------------------------------------------------    -------------------

                         max delay                   10.000    10.000    
    SLICE_X13Y41         FDCE (Setup_fdce_C_D)       -0.200     9.800    dbg_hub/inst/BSCANID.u_xsdbm_id/CORE_XSDB.UUT_MASTER/U_ICON_INTERFACE/U_CMD6_RD/U_RD_FIFO/SUBCORE_FIFO.xsdbm_v3_0_0_rdfifo_inst/inst_fifo_gen/gconvfifo.rf/grf.rf/gntv_or_sync_fifo.gcx.clkx/gnxpm_cdc.gsync_stage[1].rd_stg_inst/Q_reg_reg[2]
  -------------------------------------------------------------------
                         required time                          9.800    
                         arrival time                          -0.894    
  -------------------------------------------------------------------
                         slack                                  8.906    





---------------------------------------------------------------------------------------------------
From Clock:  clk_out2_clk_wiz_0
  To Clock:  eth_rxc

Setup :            0  Failing Endpoints,  Worst Slack        6.990ns,  Total Violation        0.000ns
Hold  :           NA  Failing Endpoints,  Worst Slack           NA  ,  Total Violation           NA
---------------------------------------------------------------------------------------------------


Max Delay Paths
--------------------------------------------------------------------------------------
Slack (MET) :             6.990ns  (required time - arrival time)
  Source:                 u_udp/u0/mac_receive/data_fifo/U0/inst_fifo_gen/gconvfifo.rf/grf.rf/gntv_or_sync_fifo.gcx.clkx/rd_pntr_cdc_inst/src_gray_ff_reg[11]/C
                            (rising edge-triggered cell FDRE clocked by clk_out2_clk_wiz_0  {rise@0.000ns fall@4.000ns period=8.000ns})
  Destination:            u_udp/u0/mac_receive/data_fifo/U0/inst_fifo_gen/gconvfifo.rf/grf.rf/gntv_or_sync_fifo.gcx.clkx/rd_pntr_cdc_inst/dest_graysync_ff_reg[0][11]/D
                            (rising edge-triggered cell FDRE clocked by eth_rxc  {rise@0.000ns fall@4.000ns period=8.000ns})
  Path Group:             eth_rxc
  Path Type:              Setup (Max at Slow Process Corner)
  Requirement:            8.000ns  (MaxDelay Path 8.000ns)
  Data Path Delay:        0.846ns  (logic 0.348ns (41.118%)  route 0.498ns (58.882%))
  Logic Levels:           0  
  Timing Exception:       MaxDelay Path 8.000ns -datapath_only

    Location             Delay type                Incr(ns)  Path(ns)    Netlist Resource(s)
  -------------------------------------------------------------------    -------------------
    SLICE_X7Y21                                       0.000     0.000 r  u_udp/u0/mac_receive/data_fifo/U0/inst_fifo_gen/gconvfifo.rf/grf.rf/gntv_or_sync_fifo.gcx.clkx/rd_pntr_cdc_inst/src_gray_ff_reg[11]/C
    SLICE_X7Y21          FDRE (Prop_fdre_C_Q)         0.348     0.348 r  u_udp/u0/mac_receive/data_fifo/U0/inst_fifo_gen/gconvfifo.rf/grf.rf/gntv_or_sync_fifo.gcx.clkx/rd_pntr_cdc_inst/src_gray_ff_reg[11]/Q
                         net (fo=1, routed)           0.498     0.846    u_udp/u0/mac_receive/data_fifo/U0/inst_fifo_gen/gconvfifo.rf/grf.rf/gntv_or_sync_fifo.gcx.clkx/rd_pntr_cdc_inst/async_path[11]
    SLICE_X6Y23          FDRE                                         r  u_udp/u0/mac_receive/data_fifo/U0/inst_fifo_gen/gconvfifo.rf/grf.rf/gntv_or_sync_fifo.gcx.clkx/rd_pntr_cdc_inst/dest_graysync_ff_reg[0][11]/D
  -------------------------------------------------------------------    -------------------

                         max delay                    8.000     8.000    
    SLICE_X6Y23          FDRE (Setup_fdre_C_D)       -0.164     7.836    u_udp/u0/mac_receive/data_fifo/U0/inst_fifo_gen/gconvfifo.rf/grf.rf/gntv_or_sync_fifo.gcx.clkx/rd_pntr_cdc_inst/dest_graysync_ff_reg[0][11]
  -------------------------------------------------------------------
                         required time                          7.836    
                         arrival time                          -0.846    
  -------------------------------------------------------------------
                         slack                                  6.990    





---------------------------------------------------------------------------------------------------
From Clock:  clk_pll_i
  To Clock:  clk_out1_clk_wiz_0

Setup :            0  Failing Endpoints,  Worst Slack       18.084ns,  Total Violation        0.000ns
Hold  :           NA  Failing Endpoints,  Worst Slack           NA  ,  Total Violation           NA
---------------------------------------------------------------------------------------------------


Max Delay Paths
--------------------------------------------------------------------------------------
Slack (MET) :             18.084ns  (required time - arrival time)
  Source:                 u_ddr3/u_mig/u_mig_7series_0_mig/u_ddr3_infrastructure/rstdiv0_sync_r1_reg_rep/C
                            (rising edge-triggered cell FDPE clocked by clk_pll_i  {rise@0.000ns fall@5.000ns period=10.000ns})
  Destination:            u_ddr3/u_mig/u_mig_7series_0_mig/temp_mon_enabled.u_tempmon/xadc_supplied_temperature.rst_r1_reg/D
                            (rising edge-triggered cell FDRE clocked by clk_out1_clk_wiz_0  {rise@0.000ns fall@2.500ns period=5.000ns})
  Path Group:             clk_out1_clk_wiz_0
  Path Type:              Setup (Max at Slow Process Corner)
  Requirement:            20.000ns  (MaxDelay Path 20.000ns)
  Data Path Delay:        1.842ns  (logic 0.379ns (20.573%)  route 1.463ns (79.427%))
  Logic Levels:           0  
  Timing Exception:       MaxDelay Path 20.000ns -datapath_only

    Location             Delay type                Incr(ns)  Path(ns)    Netlist Resource(s)
  -------------------------------------------------------------------    -------------------
    SLICE_X15Y83                                      0.000     0.000 r  u_ddr3/u_mig/u_mig_7series_0_mig/u_ddr3_infrastructure/rstdiv0_sync_r1_reg_rep/C
    SLICE_X15Y83         FDPE (Prop_fdpe_C_Q)         0.379     0.379 r  u_ddr3/u_mig/u_mig_7series_0_mig/u_ddr3_infrastructure/rstdiv0_sync_r1_reg_rep/Q
                         net (fo=50, routed)          1.463     1.842    u_ddr3/u_mig/u_mig_7series_0_mig/temp_mon_enabled.u_tempmon/in0
    SLICE_X29Y68         FDRE                                         r  u_ddr3/u_mig/u_mig_7series_0_mig/temp_mon_enabled.u_tempmon/xadc_supplied_temperature.rst_r1_reg/D
  -------------------------------------------------------------------    -------------------

                         max delay                   20.000    20.000    
    SLICE_X29Y68         FDRE (Setup_fdre_C_D)       -0.074    19.926    u_ddr3/u_mig/u_mig_7series_0_mig/temp_mon_enabled.u_tempmon/xadc_supplied_temperature.rst_r1_reg
  -------------------------------------------------------------------
                         required time                         19.926    
                         arrival time                          -1.842    
  -------------------------------------------------------------------
                         slack                                 18.084    





---------------------------------------------------------------------------------------------------
From Clock:  clk_pll_i
  To Clock:  u_memc_ui_top_axi/mem_intfc0/ddr_phy_top0/u_ddr_mc_phy_wrapper/u_ddr_mc_phy/ddr_phy_4lanes_0.u_ddr_phy_4lanes/ddr_byte_lane_C.ddr_byte_lane_C/iserdes_clk

Setup :            0  Failing Endpoints,  Worst Slack        8.484ns,  Total Violation        0.000ns
Hold  :            0  Failing Endpoints,  Worst Slack       37.720ns,  Total Violation        0.000ns
---------------------------------------------------------------------------------------------------


Max Delay Paths
--------------------------------------------------------------------------------------
Slack (MET) :             8.484ns  (required time - arrival time)
  Source:                 u_ddr3/u_mig/u_mig_7series_0_mig/u_memc_ui_top_axi/mem_intfc0/mc0/mc_read_idle_r_reg/C
                            (rising edge-triggered cell FDRE clocked by clk_pll_i  {rise@0.000ns fall@5.000ns period=10.000ns})
  Destination:            u_ddr3/u_mig/u_mig_7series_0_mig/u_memc_ui_top_axi/mem_intfc0/ddr_phy_top0/u_ddr_mc_phy_wrapper/u_ddr_mc_phy/ddr_phy_4lanes_0.u_ddr_phy_4lanes/ddr_byte_lane_C.ddr_byte_lane_C/ddr_byte_group_io/input_[9].iserdes_dq_.iserdesdq/DDLY
                            (falling edge-triggered cell ISERDESE2 clocked by u_memc_ui_top_axi/mem_intfc0/ddr_phy_top0/u_ddr_mc_phy_wrapper/u_ddr_mc_phy/ddr_phy_4lanes_0.u_ddr_phy_4lanes/ddr_byte_lane_C.ddr_byte_lane_C/iserdes_clk  {rise@0.000ns fall@1.250ns period=2.500ns})
  Path Group:             u_memc_ui_top_axi/mem_intfc0/ddr_phy_top0/u_ddr_mc_phy_wrapper/u_ddr_mc_phy/ddr_phy_4lanes_0.u_ddr_phy_4lanes/ddr_byte_lane_C.ddr_byte_lane_C/iserdes_clk
  Path Type:              Setup (Max at Slow Process Corner)
  Requirement:            13.750ns  (u_memc_ui_top_axi/mem_intfc0/ddr_phy_top0/u_ddr_mc_phy_wrapper/u_ddr_mc_phy/ddr_phy_4lanes_0.u_ddr_phy_4lanes/ddr_byte_lane_C.ddr_byte_lane_C/iserdes_clk fall@13.750ns - clk_pll_i rise@0.000ns)
  Data Path Delay:        5.310ns  (logic 3.357ns (63.226%)  route 1.953ns (36.774%))
  Logic Levels:           2  (IBUF_INTERMDISABLE=1 IDELAYE2=1)
  Clock Path Skew:        0.389ns (DCD - SCD + CPR)
    Destination Clock Delay (DCD):    1.332ns = ( 2.582 - 1.250 ) 
    Source Clock Delay      (SCD):    1.387ns
    Clock Pessimism Removal (CPR):    0.444ns
  Clock Uncertainty:      0.213ns  ((TSJ^2 + DJ^2)^1/2) / 2 + PE
    Total System Jitter     (TSJ):    0.071ns
    Discrete Jitter          (DJ):    0.104ns
    Phase Error              (PE):    0.150ns
  Timing Exception:       MultiCycle Path   Setup -end   6    

    Location             Delay type                Incr(ns)  Path(ns)    Netlist Resource(s)
  -------------------------------------------------------------------    -------------------
                         (clock clk_pll_i rise edge)
                                                      0.000     0.000 r  
    R4                                                0.000     0.000 r  sys_clk (IN)
                         net (fo=0)                   0.000     0.000    u_clock_and_reset/clk_wiz_0/inst/clk_in1
    R4                   IBUF (Prop_ibuf_I_O)         1.432     1.432 r  u_clock_and_reset/clk_wiz_0/inst/clkin1_ibufg/O
                         net (fo=1, routed)           1.065     2.497    u_clock_and_reset/clk_wiz_0/inst/clk_in1_clk_wiz_0
    MMCME2_ADV_X1Y0      MMCME2_ADV (Prop_mmcme2_adv_CLKIN1_CLKOUT0)
                                                     -5.921    -3.424 r  u_clock_and_reset/clk_wiz_0/inst/mmcm_adv_inst/CLKOUT0
                         net (fo=1, routed)           1.421    -2.004    u_clock_and_reset/clk_wiz_0/inst/clk_out1_clk_wiz_0
    BUFGCTRL_X0Y1        BUFG (Prop_bufg_I_O)         0.081    -1.923 r  u_clock_and_reset/clk_wiz_0/inst/clkout1_buf/O
                         net (fo=64, routed)          1.394    -0.528    u_ddr3/u_mig/u_mig_7series_0_mig/u_ddr3_infrastructure/CLK
    PLLE2_ADV_X1Y1       PLLE2_ADV (Prop_plle2_adv_CLKIN1_CLKOUT3)
                                                      0.077    -0.451 r  u_ddr3/u_mig/u_mig_7series_0_mig/u_ddr3_infrastructure/plle2_i/CLKOUT3
                         net (fo=1, routed)           1.062     0.611    u_ddr3/u_mig/u_mig_7series_0_mig/u_ddr3_infrastructure/pll_clk3_out
    BUFHCE_X1Y12         BUFH (Prop_bufh_I_O)         0.106     0.717 r  u_ddr3/u_mig/u_mig_7series_0_mig/u_ddr3_infrastructure/u_bufh_pll_clk3/O
                         net (fo=1, routed)           0.702     1.419    u_ddr3/u_mig/u_mig_7series_0_mig/u_ddr3_infrastructure/pll_clk3
    MMCME2_ADV_X1Y1      MMCME2_ADV (Prop_mmcme2_adv_CLKIN1_CLKFBOUT)
                                                     -2.874    -1.455 r  u_ddr3/u_mig/u_mig_7series_0_mig/u_ddr3_infrastructure/gen_mmcm.mmcm_i/CLKFBOUT
                         net (fo=1, routed)           1.421    -0.035    u_ddr3/u_mig/u_mig_7series_0_mig/u_ddr3_infrastructure/clk_pll_i
    BUFGCTRL_X0Y16       BUFG (Prop_bufg_I_O)         0.081     0.046 r  u_ddr3/u_mig/u_mig_7series_0_mig/u_ddr3_infrastructure/u_bufg_clkdiv0/O
                         net (fo=13335, routed)       1.340     1.387    u_ddr3/u_mig/u_mig_7series_0_mig/u_memc_ui_top_axi/mem_intfc0/mc0/grant_r_reg[2]
    SLICE_X57Y75         FDRE                                         r  u_ddr3/u_mig/u_mig_7series_0_mig/u_memc_ui_top_axi/mem_intfc0/mc0/mc_read_idle_r_reg/C
  -------------------------------------------------------------------    -------------------
    SLICE_X57Y75         FDRE (Prop_fdre_C_Q)         0.379     1.766 r  u_ddr3/u_mig/u_mig_7series_0_mig/u_memc_ui_top_axi/mem_intfc0/mc0/mc_read_idle_r_reg/Q
                         net (fo=36, routed)          1.953     3.718    u_ddr3/u_mig/u_mig_7series_0_mig/u_memc_ui_top_axi/mem_intfc0/ddr_phy_top0/u_ddr_mc_phy_wrapper/gen_dq_iobuf_HR.gen_dq_iobuf[3].u_iobuf_dq/IBUFDISABLE
    K1                   IBUF_INTERMDISABLE (Prop_ibuf_intermdisable_IBUFDISABLE_O)
                                                      2.299     6.017 r  u_ddr3/u_mig/u_mig_7series_0_mig/u_memc_ui_top_axi/mem_intfc0/ddr_phy_top0/u_ddr_mc_phy_wrapper/gen_dq_iobuf_HR.gen_dq_iobuf[3].u_iobuf_dq/IBUF/O
                         net (fo=2, routed)           0.000     6.017    u_ddr3/u_mig/u_mig_7series_0_mig/u_memc_ui_top_axi/mem_intfc0/ddr_phy_top0/u_ddr_mc_phy_wrapper/u_ddr_mc_phy/ddr_phy_4lanes_0.u_ddr_phy_4lanes/ddr_byte_lane_C.ddr_byte_lane_C/ddr_byte_group_io/mem_dq_in[7]
    IDELAY_X1Y86         IDELAYE2 (Prop_idelaye2_IDATAIN_DATAOUT)
                                                      0.679     6.696 r  u_ddr3/u_mig/u_mig_7series_0_mig/u_memc_ui_top_axi/mem_intfc0/ddr_phy_top0/u_ddr_mc_phy_wrapper/u_ddr_mc_phy/ddr_phy_4lanes_0.u_ddr_phy_4lanes/ddr_byte_lane_C.ddr_byte_lane_C/ddr_byte_group_io/input_[9].iserdes_dq_.idelay_dq.idelaye2/DATAOUT
                         net (fo=1, routed)           0.000     6.696    u_ddr3/u_mig/u_mig_7series_0_mig/u_memc_ui_top_axi/mem_intfc0/ddr_phy_top0/u_ddr_mc_phy_wrapper/u_ddr_mc_phy/ddr_phy_4lanes_0.u_ddr_phy_4lanes/ddr_byte_lane_C.ddr_byte_lane_C/ddr_byte_group_io/data_in_dly_9
    ILOGIC_X1Y86         ISERDESE2                                    r  u_ddr3/u_mig/u_mig_7series_0_mig/u_memc_ui_top_axi/mem_intfc0/ddr_phy_top0/u_ddr_mc_phy_wrapper/u_ddr_mc_phy/ddr_phy_4lanes_0.u_ddr_phy_4lanes/ddr_byte_lane_C.ddr_byte_lane_C/ddr_byte_group_io/input_[9].iserdes_dq_.iserdesdq/DDLY
  -------------------------------------------------------------------    -------------------

                         (clock u_memc_ui_top_axi/mem_intfc0/ddr_phy_top0/u_ddr_mc_phy_wrapper/u_ddr_mc_phy/ddr_phy_4lanes_0.u_ddr_phy_4lanes/ddr_byte_lane_C.ddr_byte_lane_C/iserdes_clk fall edge)
                                                     13.750    13.750 f  
    R4                                                0.000    13.750 f  sys_clk (IN)
                         net (fo=0)                   0.000    13.750    u_clock_and_reset/clk_wiz_0/inst/clk_in1
    R4                   IBUF (Prop_ibuf_I_O)         1.366    15.116 f  u_clock_and_reset/clk_wiz_0/inst/clkin1_ibufg/O
                         net (fo=1, routed)           1.004    16.119    u_clock_and_reset/clk_wiz_0/inst/clk_in1_clk_wiz_0
    MMCME2_ADV_X1Y0      MMCME2_ADV (Prop_mmcme2_adv_CLKIN1_CLKOUT0)
                                                     -6.057    10.062 f  u_clock_and_reset/clk_wiz_0/inst/mmcm_adv_inst/CLKOUT0
                         net (fo=1, routed)           1.352    11.415    u_clock_and_reset/clk_wiz_0/inst/clk_out1_clk_wiz_0
    BUFGCTRL_X0Y1        BUFG (Prop_bufg_I_O)         0.077    11.492 f  u_clock_and_reset/clk_wiz_0/inst/clkout1_buf/O
                         net (fo=64, routed)          1.290    12.782    u_ddr3/u_mig/u_mig_7series_0_mig/u_ddr3_infrastructure/CLK
    PLLE2_ADV_X1Y1       PLLE2_ADV (Prop_plle2_adv_CLKIN1_CLKOUT0)
                                                      0.073    12.855 f  u_ddr3/u_mig/u_mig_7series_0_mig/u_ddr3_infrastructure/plle2_i/CLKOUT0
                         net (fo=7, routed)           0.490    13.345    u_ddr3/u_mig/u_mig_7series_0_mig/u_memc_ui_top_axi/mem_intfc0/ddr_phy_top0/u_ddr_mc_phy_wrapper/u_ddr_mc_phy/ddr_phy_4lanes_0.u_ddr_phy_4lanes/ddr_byte_lane_C.ddr_byte_lane_C/freq_refclk
    PHASER_IN_PHY_X1Y6   PHASER_IN_PHY (Prop_phaser_in_phy_FREQREFCLK_ICLK)
                                                      1.394    14.739 f  u_ddr3/u_mig/u_mig_7series_0_mig/u_memc_ui_top_axi/mem_intfc0/ddr_phy_top0/u_ddr_mc_phy_wrapper/u_ddr_mc_phy/ddr_phy_4lanes_0.u_ddr_phy_4lanes/ddr_byte_lane_C.ddr_byte_lane_C/phaser_in_gen.phaser_in/ICLK
                         net (fo=16, routed)          0.343    15.082    u_ddr3/u_mig/u_mig_7series_0_mig/u_memc_ui_top_axi/mem_intfc0/ddr_phy_top0/u_ddr_mc_phy_wrapper/u_ddr_mc_phy/ddr_phy_4lanes_0.u_ddr_phy_4lanes/ddr_byte_lane_C.ddr_byte_lane_C/ddr_byte_group_io/CLKB0
    ILOGIC_X1Y86         ISERDESE2                                    r  u_ddr3/u_mig/u_mig_7series_0_mig/u_memc_ui_top_axi/mem_intfc0/ddr_phy_top0/u_ddr_mc_phy_wrapper/u_ddr_mc_phy/ddr_phy_4lanes_0.u_ddr_phy_4lanes/ddr_byte_lane_C.ddr_byte_lane_C/ddr_byte_group_io/input_[9].iserdes_dq_.iserdesdq/CLKB  (IS_INVERTED)
                         clock pessimism              0.444    15.526    
                         clock uncertainty           -0.213    15.312    
    ILOGIC_X1Y86         ISERDESE2 (Setup_iserdese2_CLKB_DDLY)
                                                     -0.132    15.180    u_ddr3/u_mig/u_mig_7series_0_mig/u_memc_ui_top_axi/mem_intfc0/ddr_phy_top0/u_ddr_mc_phy_wrapper/u_ddr_mc_phy/ddr_phy_4lanes_0.u_ddr_phy_4lanes/ddr_byte_lane_C.ddr_byte_lane_C/ddr_byte_group_io/input_[9].iserdes_dq_.iserdesdq
  -------------------------------------------------------------------
                         required time                         15.180    
                         arrival time                          -6.696    
  -------------------------------------------------------------------
                         slack                                  8.484    





Min Delay Paths
--------------------------------------------------------------------------------------
Slack (MET) :             37.720ns  (arrival time - required time)
  Source:                 u_ddr3/u_mig/u_mig_7series_0_mig/u_memc_ui_top_axi/mem_intfc0/mc0/mc_read_idle_r_reg/C
                            (rising edge-triggered cell FDRE clocked by clk_pll_i  {rise@0.000ns fall@5.000ns period=10.000ns})
  Destination:            u_ddr3/u_mig/u_mig_7series_0_mig/u_memc_ui_top_axi/mem_intfc0/ddr_phy_top0/u_ddr_mc_phy_wrapper/u_ddr_mc_phy/ddr_phy_4lanes_0.u_ddr_phy_4lanes/ddr_byte_lane_C.ddr_byte_lane_C/ddr_byte_group_io/input_[1].iserdes_dq_.iserdesdq/DDLY
                            (rising edge-triggered cell ISERDESE2 clocked by u_memc_ui_top_axi/mem_intfc0/ddr_phy_top0/u_ddr_mc_phy_wrapper/u_ddr_mc_phy/ddr_phy_4lanes_0.u_ddr_phy_4lanes/ddr_byte_lane_C.ddr_byte_lane_C/iserdes_clk  {rise@0.000ns fall@1.250ns period=2.500ns})
  Path Group:             u_memc_ui_top_axi/mem_intfc0/ddr_phy_top0/u_ddr_mc_phy_wrapper/u_ddr_mc_phy/ddr_phy_4lanes_0.u_ddr_phy_4lanes/ddr_byte_lane_C.ddr_byte_lane_C/iserdes_clk
  Path Type:              Hold (Min at Fast Process Corner)
  Requirement:            -37.500ns  (u_memc_ui_top_axi/mem_intfc0/ddr_phy_top0/u_ddr_mc_phy_wrapper/u_ddr_mc_phy/ddr_phy_4lanes_0.u_ddr_phy_4lanes/ddr_byte_lane_C.ddr_byte_lane_C/iserdes_clk rise@12.500ns - clk_pll_i rise@50.000ns)
  Data Path Delay:        1.438ns  (logic 1.068ns (74.292%)  route 0.370ns (25.708%))
  Logic Levels:           2  (IBUF_INTERMDISABLE=1 IDELAYE2=1)
  Clock Path Skew:        0.948ns (DCD - SCD - CPR)
    Destination Clock Delay (DCD):    0.840ns
    Source Clock Delay      (SCD):    0.129ns
    Clock Pessimism Removal (CPR):    -0.237ns
  Clock Uncertainty:      0.213ns  ((TSJ^2 + DJ^2)^1/2) / 2 + PE
    Total System Jitter     (TSJ):    0.071ns
    Discrete Jitter          (DJ):    0.104ns
    Phase Error              (PE):    0.150ns
  Timing Exception:       MultiCycle Path   Setup -end   6    Hold  -start 5  

    Location             Delay type                Incr(ns)  Path(ns)    Netlist Resource(s)
  -------------------------------------------------------------------    -------------------
                         (clock clk_pll_i rise edge)
                                                     50.000    50.000 r  
    R4                                                0.000    50.000 r  sys_clk (IN)
                         net (fo=0)                   0.000    50.000    u_clock_and_reset/clk_wiz_0/inst/clk_in1
    R4                   IBUF (Prop_ibuf_I_O)         0.269    50.269 r  u_clock_and_reset/clk_wiz_0/inst/clkin1_ibufg/O
                         net (fo=1, routed)           0.440    50.709    u_clock_and_reset/clk_wiz_0/inst/clk_in1_clk_wiz_0
    MMCME2_ADV_X1Y0      MMCME2_ADV (Prop_mmcme2_adv_CLKIN1_CLKOUT0)
                                                     -2.360    48.349 r  u_clock_and_reset/clk_wiz_0/inst/mmcm_adv_inst/CLKOUT0
                         net (fo=1, routed)           0.486    48.835    u_clock_and_reset/clk_wiz_0/inst/clk_out1_clk_wiz_0
    BUFGCTRL_X0Y1        BUFG (Prop_bufg_I_O)         0.026    48.861 r  u_clock_and_reset/clk_wiz_0/inst/clkout1_buf/O
                         net (fo=64, routed)          0.552    49.413    u_ddr3/u_mig/u_mig_7series_0_mig/u_ddr3_infrastructure/CLK
    PLLE2_ADV_X1Y1       PLLE2_ADV (Prop_plle2_adv_CLKIN1_CLKOUT3)
                                                      0.050    49.463 r  u_ddr3/u_mig/u_mig_7series_0_mig/u_ddr3_infrastructure/plle2_i/CLKOUT3
                         net (fo=1, routed)           0.381    49.844    u_ddr3/u_mig/u_mig_7series_0_mig/u_ddr3_infrastructure/pll_clk3_out
    BUFHCE_X1Y12         BUFH (Prop_bufh_I_O)         0.020    49.864 r  u_ddr3/u_mig/u_mig_7series_0_mig/u_ddr3_infrastructure/u_bufh_pll_clk3/O
                         net (fo=1, routed)           0.259    50.123    u_ddr3/u_mig/u_mig_7series_0_mig/u_ddr3_infrastructure/pll_clk3
    MMCME2_ADV_X1Y1      MMCME2_ADV (Prop_mmcme2_adv_CLKIN1_CLKFBOUT)
                                                     -1.057    49.066 r  u_ddr3/u_mig/u_mig_7series_0_mig/u_ddr3_infrastructure/gen_mmcm.mmcm_i/CLKFBOUT
                         net (fo=1, routed)           0.486    49.552    u_ddr3/u_mig/u_mig_7series_0_mig/u_ddr3_infrastructure/clk_pll_i
    BUFGCTRL_X0Y16       BUFG (Prop_bufg_I_O)         0.026    49.578 r  u_ddr3/u_mig/u_mig_7series_0_mig/u_ddr3_infrastructure/u_bufg_clkdiv0/O
                         net (fo=13335, routed)       0.551    50.129    u_ddr3/u_mig/u_mig_7series_0_mig/u_memc_ui_top_axi/mem_intfc0/mc0/grant_r_reg[2]
    SLICE_X57Y75         FDRE                                         r  u_ddr3/u_mig/u_mig_7series_0_mig/u_memc_ui_top_axi/mem_intfc0/mc0/mc_read_idle_r_reg/C
  -------------------------------------------------------------------    -------------------
    SLICE_X57Y75         FDRE (Prop_fdre_C_Q)         0.141    50.270 r  u_ddr3/u_mig/u_mig_7series_0_mig/u_memc_ui_top_axi/mem_intfc0/mc0/mc_read_idle_r_reg/Q
                         net (fo=36, routed)          0.370    50.639    u_ddr3/u_mig/u_mig_7series_0_mig/u_memc_ui_top_axi/mem_intfc0/ddr_phy_top0/u_ddr_mc_phy_wrapper/gen_dq_iobuf_HR.gen_dq_iobuf[0].u_iobuf_dq/IBUFDISABLE
    H4                   IBUF_INTERMDISABLE (Prop_ibuf_intermdisable_IBUFDISABLE_O)
                                                      0.684    51.323 r  u_ddr3/u_mig/u_mig_7series_0_mig/u_memc_ui_top_axi/mem_intfc0/ddr_phy_top0/u_ddr_mc_phy_wrapper/gen_dq_iobuf_HR.gen_dq_iobuf[0].u_iobuf_dq/IBUF/O
                         net (fo=2, routed)           0.000    51.323    u_ddr3/u_mig/u_mig_7series_0_mig/u_memc_ui_top_axi/mem_intfc0/ddr_phy_top0/u_ddr_mc_phy_wrapper/u_ddr_mc_phy/ddr_phy_4lanes_0.u_ddr_phy_4lanes/ddr_byte_lane_C.ddr_byte_lane_C/ddr_byte_group_io/mem_dq_in[0]
    IDELAY_X1Y76         IDELAYE2 (Prop_idelaye2_IDATAIN_DATAOUT)
                                                      0.243    51.566 r  u_ddr3/u_mig/u_mig_7series_0_mig/u_memc_ui_top_axi/mem_intfc0/ddr_phy_top0/u_ddr_mc_phy_wrapper/u_ddr_mc_phy/ddr_phy_4lanes_0.u_ddr_phy_4lanes/ddr_byte_lane_C.ddr_byte_lane_C/ddr_byte_group_io/input_[1].iserdes_dq_.idelay_dq.idelaye2/DATAOUT
                         net (fo=1, routed)           0.000    51.566    u_ddr3/u_mig/u_mig_7series_0_mig/u_memc_ui_top_axi/mem_intfc0/ddr_phy_top0/u_ddr_mc_phy_wrapper/u_ddr_mc_phy/ddr_phy_4lanes_0.u_ddr_phy_4lanes/ddr_byte_lane_C.ddr_byte_lane_C/ddr_byte_group_io/data_in_dly_1
    ILOGIC_X1Y76         ISERDESE2                                    r  u_ddr3/u_mig/u_mig_7series_0_mig/u_memc_ui_top_axi/mem_intfc0/ddr_phy_top0/u_ddr_mc_phy_wrapper/u_ddr_mc_phy/ddr_phy_4lanes_0.u_ddr_phy_4lanes/ddr_byte_lane_C.ddr_byte_lane_C/ddr_byte_group_io/input_[1].iserdes_dq_.iserdesdq/DDLY
  -------------------------------------------------------------------    -------------------

                         (clock u_memc_ui_top_axi/mem_intfc0/ddr_phy_top0/u_ddr_mc_phy_wrapper/u_ddr_mc_phy/ddr_phy_4lanes_0.u_ddr_phy_4lanes/ddr_byte_lane_C.ddr_byte_lane_C/iserdes_clk rise edge)
                                                     12.500    12.500 r  
    R4                                                0.000    12.500 r  sys_clk (IN)
                         net (fo=0)                   0.000    12.500    u_clock_and_reset/clk_wiz_0/inst/clk_in1
    R4                   IBUF (Prop_ibuf_I_O)         0.457    12.957 r  u_clock_and_reset/clk_wiz_0/inst/clkin1_ibufg/O
                         net (fo=1, routed)           0.480    13.437    u_clock_and_reset/clk_wiz_0/inst/clk_in1_clk_wiz_0
    MMCME2_ADV_X1Y0      MMCME2_ADV (Prop_mmcme2_adv_CLKIN1_CLKOUT0)
                                                     -3.142    10.295 r  u_clock_and_reset/clk_wiz_0/inst/mmcm_adv_inst/CLKOUT0
                         net (fo=1, routed)           0.530    10.824    u_clock_and_reset/clk_wiz_0/inst/clk_out1_clk_wiz_0
    BUFGCTRL_X0Y1        BUFG (Prop_bufg_I_O)         0.029    10.853 r  u_clock_and_reset/clk_wiz_0/inst/clkout1_buf/O
                         net (fo=64, routed)          0.820    11.673    u_ddr3/u_mig/u_mig_7series_0_mig/u_ddr3_infrastructure/CLK
    PLLE2_ADV_X1Y1       PLLE2_ADV (Prop_plle2_adv_CLKIN1_CLKOUT0)
                                                      0.053    11.726 r  u_ddr3/u_mig/u_mig_7series_0_mig/u_ddr3_infrastructure/plle2_i/CLKOUT0
                         net (fo=7, routed)           0.217    11.943    u_ddr3/u_mig/u_mig_7series_0_mig/u_memc_ui_top_axi/mem_intfc0/ddr_phy_top0/u_ddr_mc_phy_wrapper/u_ddr_mc_phy/ddr_phy_4lanes_0.u_ddr_phy_4lanes/ddr_byte_lane_C.ddr_byte_lane_C/freq_refclk
    PHASER_IN_PHY_X1Y6   PHASER_IN_PHY (Prop_phaser_in_phy_FREQREFCLK_ICLK)
                                                      1.219    13.162 r  u_ddr3/u_mig/u_mig_7series_0_mig/u_memc_ui_top_axi/mem_intfc0/ddr_phy_top0/u_ddr_mc_phy_wrapper/u_ddr_mc_phy/ddr_phy_4lanes_0.u_ddr_phy_4lanes/ddr_byte_lane_C.ddr_byte_lane_C/phaser_in_gen.phaser_in/ICLK
                         net (fo=16, routed)          0.178    13.340    u_ddr3/u_mig/u_mig_7series_0_mig/u_memc_ui_top_axi/mem_intfc0/ddr_phy_top0/u_ddr_mc_phy_wrapper/u_ddr_mc_phy/ddr_phy_4lanes_0.u_ddr_phy_4lanes/ddr_byte_lane_C.ddr_byte_lane_C/ddr_byte_group_io/dq_gen_40.if_post_fifo_gen.if_empty_r_reg[3]
    ILOGIC_X1Y76         ISERDESE2                                    r  u_ddr3/u_mig/u_mig_7series_0_mig/u_memc_ui_top_axi/mem_intfc0/ddr_phy_top0/u_ddr_mc_phy_wrapper/u_ddr_mc_phy/ddr_phy_4lanes_0.u_ddr_phy_4lanes/ddr_byte_lane_C.ddr_byte_lane_C/ddr_byte_group_io/input_[1].iserdes_dq_.iserdesdq/CLK
                         clock pessimism              0.237    13.577    
                         clock uncertainty            0.213    13.791    
    ILOGIC_X1Y76         ISERDESE2 (Hold_iserdese2_CLK_DDLY)
                                                      0.056    13.847    u_ddr3/u_mig/u_mig_7series_0_mig/u_memc_ui_top_axi/mem_intfc0/ddr_phy_top0/u_ddr_mc_phy_wrapper/u_ddr_mc_phy/ddr_phy_4lanes_0.u_ddr_phy_4lanes/ddr_byte_lane_C.ddr_byte_lane_C/ddr_byte_group_io/input_[1].iserdes_dq_.iserdesdq
  -------------------------------------------------------------------
                         required time                        -13.847    
                         arrival time                          51.566    
  -------------------------------------------------------------------
                         slack                                 37.720    





---------------------------------------------------------------------------------------------------
From Clock:  clk_pll_i
  To Clock:  u_memc_ui_top_axi/mem_intfc0/ddr_phy_top0/u_ddr_mc_phy_wrapper/u_ddr_mc_phy/ddr_phy_4lanes_0.u_ddr_phy_4lanes/ddr_byte_lane_D.ddr_byte_lane_D/iserdes_clk

Setup :            0  Failing Endpoints,  Worst Slack        7.276ns,  Total Violation        0.000ns
Hold  :            0  Failing Endpoints,  Worst Slack       38.491ns,  Total Violation        0.000ns
---------------------------------------------------------------------------------------------------


Max Delay Paths
--------------------------------------------------------------------------------------
Slack (MET) :             7.276ns  (required time - arrival time)
  Source:                 u_ddr3/u_mig/u_mig_7series_0_mig/u_memc_ui_top_axi/mem_intfc0/mc0/mc_read_idle_r_reg/C
                            (rising edge-triggered cell FDRE clocked by clk_pll_i  {rise@0.000ns fall@5.000ns period=10.000ns})
  Destination:            u_ddr3/u_mig/u_mig_7series_0_mig/u_memc_ui_top_axi/mem_intfc0/ddr_phy_top0/u_ddr_mc_phy_wrapper/u_ddr_mc_phy/ddr_phy_4lanes_0.u_ddr_phy_4lanes/ddr_byte_lane_D.ddr_byte_lane_D/ddr_byte_group_io/input_[9].iserdes_dq_.iserdesdq/DDLY
                            (falling edge-triggered cell ISERDESE2 clocked by u_memc_ui_top_axi/mem_intfc0/ddr_phy_top0/u_ddr_mc_phy_wrapper/u_ddr_mc_phy/ddr_phy_4lanes_0.u_ddr_phy_4lanes/ddr_byte_lane_D.ddr_byte_lane_D/iserdes_clk  {rise@0.000ns fall@1.250ns period=2.500ns})
  Path Group:             u_memc_ui_top_axi/mem_intfc0/ddr_phy_top0/u_ddr_mc_phy_wrapper/u_ddr_mc_phy/ddr_phy_4lanes_0.u_ddr_phy_4lanes/ddr_byte_lane_D.ddr_byte_lane_D/iserdes_clk
  Path Type:              Setup (Max at Slow Process Corner)
  Requirement:            13.750ns  (u_memc_ui_top_axi/mem_intfc0/ddr_phy_top0/u_ddr_mc_phy_wrapper/u_ddr_mc_phy/ddr_phy_4lanes_0.u_ddr_phy_4lanes/ddr_byte_lane_D.ddr_byte_lane_D/iserdes_clk fall@13.750ns - clk_pll_i rise@0.000ns)
  Data Path Delay:        6.523ns  (logic 3.357ns (51.463%)  route 3.166ns (48.537%))
  Logic Levels:           2  (IBUF_INTERMDISABLE=1 IDELAYE2=1)
  Clock Path Skew:        0.395ns (DCD - SCD + CPR)
    Destination Clock Delay (DCD):    1.338ns = ( 2.588 - 1.250 ) 
    Source Clock Delay      (SCD):    1.387ns
    Clock Pessimism Removal (CPR):    0.444ns
  Clock Uncertainty:      0.213ns  ((TSJ^2 + DJ^2)^1/2) / 2 + PE
    Total System Jitter     (TSJ):    0.071ns
    Discrete Jitter          (DJ):    0.104ns
    Phase Error              (PE):    0.150ns
  Timing Exception:       MultiCycle Path   Setup -end   6    

    Location             Delay type                Incr(ns)  Path(ns)    Netlist Resource(s)
  -------------------------------------------------------------------    -------------------
                         (clock clk_pll_i rise edge)
                                                      0.000     0.000 r  
    R4                                                0.000     0.000 r  sys_clk (IN)
                         net (fo=0)                   0.000     0.000    u_clock_and_reset/clk_wiz_0/inst/clk_in1
    R4                   IBUF (Prop_ibuf_I_O)         1.432     1.432 r  u_clock_and_reset/clk_wiz_0/inst/clkin1_ibufg/O
                         net (fo=1, routed)           1.065     2.497    u_clock_and_reset/clk_wiz_0/inst/clk_in1_clk_wiz_0
    MMCME2_ADV_X1Y0      MMCME2_ADV (Prop_mmcme2_adv_CLKIN1_CLKOUT0)
                                                     -5.921    -3.424 r  u_clock_and_reset/clk_wiz_0/inst/mmcm_adv_inst/CLKOUT0
                         net (fo=1, routed)           1.421    -2.004    u_clock_and_reset/clk_wiz_0/inst/clk_out1_clk_wiz_0
    BUFGCTRL_X0Y1        BUFG (Prop_bufg_I_O)         0.081    -1.923 r  u_clock_and_reset/clk_wiz_0/inst/clkout1_buf/O
                         net (fo=64, routed)          1.394    -0.528    u_ddr3/u_mig/u_mig_7series_0_mig/u_ddr3_infrastructure/CLK
    PLLE2_ADV_X1Y1       PLLE2_ADV (Prop_plle2_adv_CLKIN1_CLKOUT3)
                                                      0.077    -0.451 r  u_ddr3/u_mig/u_mig_7series_0_mig/u_ddr3_infrastructure/plle2_i/CLKOUT3
                         net (fo=1, routed)           1.062     0.611    u_ddr3/u_mig/u_mig_7series_0_mig/u_ddr3_infrastructure/pll_clk3_out
    BUFHCE_X1Y12         BUFH (Prop_bufh_I_O)         0.106     0.717 r  u_ddr3/u_mig/u_mig_7series_0_mig/u_ddr3_infrastructure/u_bufh_pll_clk3/O
                         net (fo=1, routed)           0.702     1.419    u_ddr3/u_mig/u_mig_7series_0_mig/u_ddr3_infrastructure/pll_clk3
    MMCME2_ADV_X1Y1      MMCME2_ADV (Prop_mmcme2_adv_CLKIN1_CLKFBOUT)
                                                     -2.874    -1.455 r  u_ddr3/u_mig/u_mig_7series_0_mig/u_ddr3_infrastructure/gen_mmcm.mmcm_i/CLKFBOUT
                         net (fo=1, routed)           1.421    -0.035    u_ddr3/u_mig/u_mig_7series_0_mig/u_ddr3_infrastructure/clk_pll_i
    BUFGCTRL_X0Y16       BUFG (Prop_bufg_I_O)         0.081     0.046 r  u_ddr3/u_mig/u_mig_7series_0_mig/u_ddr3_infrastructure/u_bufg_clkdiv0/O
                         net (fo=13335, routed)       1.340     1.387    u_ddr3/u_mig/u_mig_7series_0_mig/u_memc_ui_top_axi/mem_intfc0/mc0/grant_r_reg[2]
    SLICE_X57Y75         FDRE                                         r  u_ddr3/u_mig/u_mig_7series_0_mig/u_memc_ui_top_axi/mem_intfc0/mc0/mc_read_idle_r_reg/C
  -------------------------------------------------------------------    -------------------
    SLICE_X57Y75         FDRE (Prop_fdre_C_Q)         0.379     1.766 r  u_ddr3/u_mig/u_mig_7series_0_mig/u_memc_ui_top_axi/mem_intfc0/mc0/mc_read_idle_r_reg/Q
                         net (fo=36, routed)          3.166     4.932    u_ddr3/u_mig/u_mig_7series_0_mig/u_memc_ui_top_axi/mem_intfc0/ddr_phy_top0/u_ddr_mc_phy_wrapper/gen_dq_iobuf_HR.gen_dq_iobuf[12].u_iobuf_dq/IBUFDISABLE
    B1                   IBUF_INTERMDISABLE (Prop_ibuf_intermdisable_IBUFDISABLE_O)
                                                      2.299     7.231 r  u_ddr3/u_mig/u_mig_7series_0_mig/u_memc_ui_top_axi/mem_intfc0/ddr_phy_top0/u_ddr_mc_phy_wrapper/gen_dq_iobuf_HR.gen_dq_iobuf[12].u_iobuf_dq/IBUF/O
                         net (fo=2, routed)           0.000     7.231    u_ddr3/u_mig/u_mig_7series_0_mig/u_memc_ui_top_axi/mem_intfc0/ddr_phy_top0/u_ddr_mc_phy_wrapper/u_ddr_mc_phy/ddr_phy_4lanes_0.u_ddr_phy_4lanes/ddr_byte_lane_D.ddr_byte_lane_D/ddr_byte_group_io/mem_dq_in[7]
    IDELAY_X1Y98         IDELAYE2 (Prop_idelaye2_IDATAIN_DATAOUT)
                                                      0.679     7.910 r  u_ddr3/u_mig/u_mig_7series_0_mig/u_memc_ui_top_axi/mem_intfc0/ddr_phy_top0/u_ddr_mc_phy_wrapper/u_ddr_mc_phy/ddr_phy_4lanes_0.u_ddr_phy_4lanes/ddr_byte_lane_D.ddr_byte_lane_D/ddr_byte_group_io/input_[9].iserdes_dq_.idelay_dq.idelaye2/DATAOUT
                         net (fo=1, routed)           0.000     7.910    u_ddr3/u_mig/u_mig_7series_0_mig/u_memc_ui_top_axi/mem_intfc0/ddr_phy_top0/u_ddr_mc_phy_wrapper/u_ddr_mc_phy/ddr_phy_4lanes_0.u_ddr_phy_4lanes/ddr_byte_lane_D.ddr_byte_lane_D/ddr_byte_group_io/data_in_dly_9
    ILOGIC_X1Y98         ISERDESE2                                    r  u_ddr3/u_mig/u_mig_7series_0_mig/u_memc_ui_top_axi/mem_intfc0/ddr_phy_top0/u_ddr_mc_phy_wrapper/u_ddr_mc_phy/ddr_phy_4lanes_0.u_ddr_phy_4lanes/ddr_byte_lane_D.ddr_byte_lane_D/ddr_byte_group_io/input_[9].iserdes_dq_.iserdesdq/DDLY
  -------------------------------------------------------------------    -------------------

                         (clock u_memc_ui_top_axi/mem_intfc0/ddr_phy_top0/u_ddr_mc_phy_wrapper/u_ddr_mc_phy/ddr_phy_4lanes_0.u_ddr_phy_4lanes/ddr_byte_lane_D.ddr_byte_lane_D/iserdes_clk fall edge)
                                                     13.750    13.750 f  
    R4                                                0.000    13.750 f  sys_clk (IN)
                         net (fo=0)                   0.000    13.750    u_clock_and_reset/clk_wiz_0/inst/clk_in1
    R4                   IBUF (Prop_ibuf_I_O)         1.366    15.116 f  u_clock_and_reset/clk_wiz_0/inst/clkin1_ibufg/O
                         net (fo=1, routed)           1.004    16.119    u_clock_and_reset/clk_wiz_0/inst/clk_in1_clk_wiz_0
    MMCME2_ADV_X1Y0      MMCME2_ADV (Prop_mmcme2_adv_CLKIN1_CLKOUT0)
                                                     -6.057    10.062 f  u_clock_and_reset/clk_wiz_0/inst/mmcm_adv_inst/CLKOUT0
                         net (fo=1, routed)           1.352    11.415    u_clock_and_reset/clk_wiz_0/inst/clk_out1_clk_wiz_0
    BUFGCTRL_X0Y1        BUFG (Prop_bufg_I_O)         0.077    11.492 f  u_clock_and_reset/clk_wiz_0/inst/clkout1_buf/O
                         net (fo=64, routed)          1.290    12.782    u_ddr3/u_mig/u_mig_7series_0_mig/u_ddr3_infrastructure/CLK
    PLLE2_ADV_X1Y1       PLLE2_ADV (Prop_plle2_adv_CLKIN1_CLKOUT0)
                                                      0.073    12.855 f  u_ddr3/u_mig/u_mig_7series_0_mig/u_ddr3_infrastructure/plle2_i/CLKOUT0
                         net (fo=7, routed)           0.481    13.336    u_ddr3/u_mig/u_mig_7series_0_mig/u_memc_ui_top_axi/mem_intfc0/ddr_phy_top0/u_ddr_mc_phy_wrapper/u_ddr_mc_phy/ddr_phy_4lanes_0.u_ddr_phy_4lanes/ddr_byte_lane_D.ddr_byte_lane_D/freq_refclk
    PHASER_IN_PHY_X1Y7   PHASER_IN_PHY (Prop_phaser_in_phy_FREQREFCLK_ICLK)
                                                      1.394    14.730 f  u_ddr3/u_mig/u_mig_7series_0_mig/u_memc_ui_top_axi/mem_intfc0/ddr_phy_top0/u_ddr_mc_phy_wrapper/u_ddr_mc_phy/ddr_phy_4lanes_0.u_ddr_phy_4lanes/ddr_byte_lane_D.ddr_byte_lane_D/phaser_in_gen.phaser_in/ICLK
                         net (fo=16, routed)          0.358    15.088    u_ddr3/u_mig/u_mig_7series_0_mig/u_memc_ui_top_axi/mem_intfc0/ddr_phy_top0/u_ddr_mc_phy_wrapper/u_ddr_mc_phy/ddr_phy_4lanes_0.u_ddr_phy_4lanes/ddr_byte_lane_D.ddr_byte_lane_D/ddr_byte_group_io/CLKB0_4
    ILOGIC_X1Y98         ISERDESE2                                    r  u_ddr3/u_mig/u_mig_7series_0_mig/u_memc_ui_top_axi/mem_intfc0/ddr_phy_top0/u_ddr_mc_phy_wrapper/u_ddr_mc_phy/ddr_phy_4lanes_0.u_ddr_phy_4lanes/ddr_byte_lane_D.ddr_byte_lane_D/ddr_byte_group_io/input_[9].iserdes_dq_.iserdesdq/CLKB  (IS_INVERTED)
                         clock pessimism              0.444    15.532    
                         clock uncertainty           -0.213    15.318    
    ILOGIC_X1Y98         ISERDESE2 (Setup_iserdese2_CLKB_DDLY)
                                                     -0.132    15.186    u_ddr3/u_mig/u_mig_7series_0_mig/u_memc_ui_top_axi/mem_intfc0/ddr_phy_top0/u_ddr_mc_phy_wrapper/u_ddr_mc_phy/ddr_phy_4lanes_0.u_ddr_phy_4lanes/ddr_byte_lane_D.ddr_byte_lane_D/ddr_byte_group_io/input_[9].iserdes_dq_.iserdesdq
  -------------------------------------------------------------------
                         required time                         15.186    
                         arrival time                          -7.910    
  -------------------------------------------------------------------
                         slack                                  7.276    





Min Delay Paths
--------------------------------------------------------------------------------------
Slack (MET) :             38.491ns  (arrival time - required time)
  Source:                 u_ddr3/u_mig/u_mig_7series_0_mig/u_memc_ui_top_axi/mem_intfc0/mc0/mc_read_idle_r_reg/C
                            (rising edge-triggered cell FDRE clocked by clk_pll_i  {rise@0.000ns fall@5.000ns period=10.000ns})
  Destination:            u_ddr3/u_mig/u_mig_7series_0_mig/u_memc_ui_top_axi/mem_intfc0/ddr_phy_top0/u_ddr_mc_phy_wrapper/u_ddr_mc_phy/ddr_phy_4lanes_0.u_ddr_phy_4lanes/ddr_byte_lane_D.ddr_byte_lane_D/ddr_byte_group_io/input_[1].iserdes_dq_.iserdesdq/DDLY
                            (rising edge-triggered cell ISERDESE2 clocked by u_memc_ui_top_axi/mem_intfc0/ddr_phy_top0/u_ddr_mc_phy_wrapper/u_ddr_mc_phy/ddr_phy_4lanes_0.u_ddr_phy_4lanes/ddr_byte_lane_D.ddr_byte_lane_D/iserdes_clk  {rise@0.000ns fall@1.250ns period=2.500ns})
  Path Group:             u_memc_ui_top_axi/mem_intfc0/ddr_phy_top0/u_ddr_mc_phy_wrapper/u_ddr_mc_phy/ddr_phy_4lanes_0.u_ddr_phy_4lanes/ddr_byte_lane_D.ddr_byte_lane_D/iserdes_clk
  Path Type:              Hold (Min at Fast Process Corner)
  Requirement:            -37.500ns  (u_memc_ui_top_axi/mem_intfc0/ddr_phy_top0/u_ddr_mc_phy_wrapper/u_ddr_mc_phy/ddr_phy_4lanes_0.u_ddr_phy_4lanes/ddr_byte_lane_D.ddr_byte_lane_D/iserdes_clk rise@12.500ns - clk_pll_i rise@50.000ns)
  Data Path Delay:        2.208ns  (logic 1.068ns (48.369%)  route 1.140ns (51.631%))
  Logic Levels:           2  (IBUF_INTERMDISABLE=1 IDELAYE2=1)
  Clock Path Skew:        0.947ns (DCD - SCD - CPR)
    Destination Clock Delay (DCD):    0.839ns
    Source Clock Delay      (SCD):    0.129ns
    Clock Pessimism Removal (CPR):    -0.237ns
  Clock Uncertainty:      0.213ns  ((TSJ^2 + DJ^2)^1/2) / 2 + PE
    Total System Jitter     (TSJ):    0.071ns
    Discrete Jitter          (DJ):    0.104ns
    Phase Error              (PE):    0.150ns
  Timing Exception:       MultiCycle Path   Setup -end   6    Hold  -start 5  

    Location             Delay type                Incr(ns)  Path(ns)    Netlist Resource(s)
  -------------------------------------------------------------------    -------------------
                         (clock clk_pll_i rise edge)
                                                     50.000    50.000 r  
    R4                                                0.000    50.000 r  sys_clk (IN)
                         net (fo=0)                   0.000    50.000    u_clock_and_reset/clk_wiz_0/inst/clk_in1
    R4                   IBUF (Prop_ibuf_I_O)         0.269    50.269 r  u_clock_and_reset/clk_wiz_0/inst/clkin1_ibufg/O
                         net (fo=1, routed)           0.440    50.709    u_clock_and_reset/clk_wiz_0/inst/clk_in1_clk_wiz_0
    MMCME2_ADV_X1Y0      MMCME2_ADV (Prop_mmcme2_adv_CLKIN1_CLKOUT0)
                                                     -2.360    48.349 r  u_clock_and_reset/clk_wiz_0/inst/mmcm_adv_inst/CLKOUT0
                         net (fo=1, routed)           0.486    48.835    u_clock_and_reset/clk_wiz_0/inst/clk_out1_clk_wiz_0
    BUFGCTRL_X0Y1        BUFG (Prop_bufg_I_O)         0.026    48.861 r  u_clock_and_reset/clk_wiz_0/inst/clkout1_buf/O
                         net (fo=64, routed)          0.552    49.413    u_ddr3/u_mig/u_mig_7series_0_mig/u_ddr3_infrastructure/CLK
    PLLE2_ADV_X1Y1       PLLE2_ADV (Prop_plle2_adv_CLKIN1_CLKOUT3)
                                                      0.050    49.463 r  u_ddr3/u_mig/u_mig_7series_0_mig/u_ddr3_infrastructure/plle2_i/CLKOUT3
                         net (fo=1, routed)           0.381    49.844    u_ddr3/u_mig/u_mig_7series_0_mig/u_ddr3_infrastructure/pll_clk3_out
    BUFHCE_X1Y12         BUFH (Prop_bufh_I_O)         0.020    49.864 r  u_ddr3/u_mig/u_mig_7series_0_mig/u_ddr3_infrastructure/u_bufh_pll_clk3/O
                         net (fo=1, routed)           0.259    50.123    u_ddr3/u_mig/u_mig_7series_0_mig/u_ddr3_infrastructure/pll_clk3
    MMCME2_ADV_X1Y1      MMCME2_ADV (Prop_mmcme2_adv_CLKIN1_CLKFBOUT)
                                                     -1.057    49.066 r  u_ddr3/u_mig/u_mig_7series_0_mig/u_ddr3_infrastructure/gen_mmcm.mmcm_i/CLKFBOUT
                         net (fo=1, routed)           0.486    49.552    u_ddr3/u_mig/u_mig_7series_0_mig/u_ddr3_infrastructure/clk_pll_i
    BUFGCTRL_X0Y16       BUFG (Prop_bufg_I_O)         0.026    49.578 r  u_ddr3/u_mig/u_mig_7series_0_mig/u_ddr3_infrastructure/u_bufg_clkdiv0/O
                         net (fo=13335, routed)       0.551    50.129    u_ddr3/u_mig/u_mig_7series_0_mig/u_memc_ui_top_axi/mem_intfc0/mc0/grant_r_reg[2]
    SLICE_X57Y75         FDRE                                         r  u_ddr3/u_mig/u_mig_7series_0_mig/u_memc_ui_top_axi/mem_intfc0/mc0/mc_read_idle_r_reg/C
  -------------------------------------------------------------------    -------------------
    SLICE_X57Y75         FDRE (Prop_fdre_C_Q)         0.141    50.270 r  u_ddr3/u_mig/u_mig_7series_0_mig/u_memc_ui_top_axi/mem_intfc0/mc0/mc_read_idle_r_reg/Q
                         net (fo=36, routed)          1.140    51.410    u_ddr3/u_mig/u_mig_7series_0_mig/u_memc_ui_top_axi/mem_intfc0/ddr_phy_top0/u_ddr_mc_phy_wrapper/gen_dq_iobuf_HR.gen_dq_iobuf[15].u_iobuf_dq/IBUFDISABLE
    F3                   IBUF_INTERMDISABLE (Prop_ibuf_intermdisable_IBUFDISABLE_O)
                                                      0.684    52.094 r  u_ddr3/u_mig/u_mig_7series_0_mig/u_memc_ui_top_axi/mem_intfc0/ddr_phy_top0/u_ddr_mc_phy_wrapper/gen_dq_iobuf_HR.gen_dq_iobuf[15].u_iobuf_dq/IBUF/O
                         net (fo=2, routed)           0.000    52.094    u_ddr3/u_mig/u_mig_7series_0_mig/u_memc_ui_top_axi/mem_intfc0/ddr_phy_top0/u_ddr_mc_phy_wrapper/u_ddr_mc_phy/ddr_phy_4lanes_0.u_ddr_phy_4lanes/ddr_byte_lane_D.ddr_byte_lane_D/ddr_byte_group_io/mem_dq_in[0]
    IDELAY_X1Y88         IDELAYE2 (Prop_idelaye2_IDATAIN_DATAOUT)
                                                      0.243    52.337 r  u_ddr3/u_mig/u_mig_7series_0_mig/u_memc_ui_top_axi/mem_intfc0/ddr_phy_top0/u_ddr_mc_phy_wrapper/u_ddr_mc_phy/ddr_phy_4lanes_0.u_ddr_phy_4lanes/ddr_byte_lane_D.ddr_byte_lane_D/ddr_byte_group_io/input_[1].iserdes_dq_.idelay_dq.idelaye2/DATAOUT
                         net (fo=1, routed)           0.000    52.337    u_ddr3/u_mig/u_mig_7series_0_mig/u_memc_ui_top_axi/mem_intfc0/ddr_phy_top0/u_ddr_mc_phy_wrapper/u_ddr_mc_phy/ddr_phy_4lanes_0.u_ddr_phy_4lanes/ddr_byte_lane_D.ddr_byte_lane_D/ddr_byte_group_io/data_in_dly_1
    ILOGIC_X1Y88         ISERDESE2                                    r  u_ddr3/u_mig/u_mig_7series_0_mig/u_memc_ui_top_axi/mem_intfc0/ddr_phy_top0/u_ddr_mc_phy_wrapper/u_ddr_mc_phy/ddr_phy_4lanes_0.u_ddr_phy_4lanes/ddr_byte_lane_D.ddr_byte_lane_D/ddr_byte_group_io/input_[1].iserdes_dq_.iserdesdq/DDLY
  -------------------------------------------------------------------    -------------------

                         (clock u_memc_ui_top_axi/mem_intfc0/ddr_phy_top0/u_ddr_mc_phy_wrapper/u_ddr_mc_phy/ddr_phy_4lanes_0.u_ddr_phy_4lanes/ddr_byte_lane_D.ddr_byte_lane_D/iserdes_clk rise edge)
                                                     12.500    12.500 r  
    R4                                                0.000    12.500 r  sys_clk (IN)
                         net (fo=0)                   0.000    12.500    u_clock_and_reset/clk_wiz_0/inst/clk_in1
    R4                   IBUF (Prop_ibuf_I_O)         0.457    12.957 r  u_clock_and_reset/clk_wiz_0/inst/clkin1_ibufg/O
                         net (fo=1, routed)           0.480    13.437    u_clock_and_reset/clk_wiz_0/inst/clk_in1_clk_wiz_0
    MMCME2_ADV_X1Y0      MMCME2_ADV (Prop_mmcme2_adv_CLKIN1_CLKOUT0)
                                                     -3.142    10.295 r  u_clock_and_reset/clk_wiz_0/inst/mmcm_adv_inst/CLKOUT0
                         net (fo=1, routed)           0.530    10.824    u_clock_and_reset/clk_wiz_0/inst/clk_out1_clk_wiz_0
    BUFGCTRL_X0Y1        BUFG (Prop_bufg_I_O)         0.029    10.853 r  u_clock_and_reset/clk_wiz_0/inst/clkout1_buf/O
                         net (fo=64, routed)          0.820    11.673    u_ddr3/u_mig/u_mig_7series_0_mig/u_ddr3_infrastructure/CLK
    PLLE2_ADV_X1Y1       PLLE2_ADV (Prop_plle2_adv_CLKIN1_CLKOUT0)
                                                      0.053    11.726 r  u_ddr3/u_mig/u_mig_7series_0_mig/u_ddr3_infrastructure/plle2_i/CLKOUT0
                         net (fo=7, routed)           0.211    11.937    u_ddr3/u_mig/u_mig_7series_0_mig/u_memc_ui_top_axi/mem_intfc0/ddr_phy_top0/u_ddr_mc_phy_wrapper/u_ddr_mc_phy/ddr_phy_4lanes_0.u_ddr_phy_4lanes/ddr_byte_lane_D.ddr_byte_lane_D/freq_refclk
    PHASER_IN_PHY_X1Y7   PHASER_IN_PHY (Prop_phaser_in_phy_FREQREFCLK_ICLK)
                                                      1.219    13.156 r  u_ddr3/u_mig/u_mig_7series_0_mig/u_memc_ui_top_axi/mem_intfc0/ddr_phy_top0/u_ddr_mc_phy_wrapper/u_ddr_mc_phy/ddr_phy_4lanes_0.u_ddr_phy_4lanes/ddr_byte_lane_D.ddr_byte_lane_D/phaser_in_gen.phaser_in/ICLK
                         net (fo=16, routed)          0.183    13.339    u_ddr3/u_mig/u_mig_7series_0_mig/u_memc_ui_top_axi/mem_intfc0/ddr_phy_top0/u_ddr_mc_phy_wrapper/u_ddr_mc_phy/ddr_phy_4lanes_0.u_ddr_phy_4lanes/ddr_byte_lane_D.ddr_byte_lane_D/ddr_byte_group_io/dq_gen_40.if_post_fifo_gen.if_empty_r_reg[3]
    ILOGIC_X1Y88         ISERDESE2                                    r  u_ddr3/u_mig/u_mig_7series_0_mig/u_memc_ui_top_axi/mem_intfc0/ddr_phy_top0/u_ddr_mc_phy_wrapper/u_ddr_mc_phy/ddr_phy_4lanes_0.u_ddr_phy_4lanes/ddr_byte_lane_D.ddr_byte_lane_D/ddr_byte_group_io/input_[1].iserdes_dq_.iserdesdq/CLK
                         clock pessimism              0.237    13.576    
                         clock uncertainty            0.213    13.790    
    ILOGIC_X1Y88         ISERDESE2 (Hold_iserdese2_CLK_DDLY)
                                                      0.056    13.846    u_ddr3/u_mig/u_mig_7series_0_mig/u_memc_ui_top_axi/mem_intfc0/ddr_phy_top0/u_ddr_mc_phy_wrapper/u_ddr_mc_phy/ddr_phy_4lanes_0.u_ddr_phy_4lanes/ddr_byte_lane_D.ddr_byte_lane_D/ddr_byte_group_io/input_[1].iserdes_dq_.iserdesdq
  -------------------------------------------------------------------
                         required time                        -13.846    
                         arrival time                          52.337    
  -------------------------------------------------------------------
                         slack                                 38.491    





---------------------------------------------------------------------------------------------------
From Clock:  sync_pulse
  To Clock:  mem_refclk

Setup :            0  Failing Endpoints,  Worst Slack        0.982ns,  Total Violation        0.000ns
Hold  :            0  Failing Endpoints,  Worst Slack        0.678ns,  Total Violation        0.000ns
---------------------------------------------------------------------------------------------------


Max Delay Paths
--------------------------------------------------------------------------------------
Slack (MET) :             0.982ns  (required time - arrival time)
  Source:                 u_ddr3/u_mig/u_mig_7series_0_mig/u_ddr3_infrastructure/plle2_i/CLKOUT2
                            (clock source 'sync_pulse'  {rise@1.094ns fall@3.594ns period=40.000ns})
  Destination:            u_ddr3/u_mig/u_mig_7series_0_mig/u_memc_ui_top_axi/mem_intfc0/ddr_phy_top0/u_ddr_mc_phy_wrapper/u_ddr_mc_phy/ddr_phy_4lanes_0.u_ddr_phy_4lanes/phy_control_i/SYNCIN
                            (rising edge-triggered cell PHY_CONTROL clocked by mem_refclk  {rise@0.000ns fall@1.250ns period=2.500ns})
  Path Group:             mem_refclk
  Path Type:              Setup (Max at Slow Process Corner)
  Requirement:            1.406ns  (mem_refclk rise@2.500ns - sync_pulse rise@1.094ns)
  Data Path Delay:        0.528ns  (logic 0.000ns (0.000%)  route 0.528ns (100.000%))
  Logic Levels:           0  
  Clock Path Skew:        0.501ns (DCD - SCD + CPR)
    Destination Clock Delay (DCD):    -0.394ns = ( 2.106 - 2.500 ) 
    Source Clock Delay      (SCD):    -0.451ns = ( 0.642 - 1.094 ) 
    Clock Pessimism Removal (CPR):    0.444ns
  Clock Uncertainty:      0.215ns  ((TSJ^2 + DJ^2)^1/2) / 2 + PE
    Total System Jitter     (TSJ):    0.071ns
    Discrete Jitter          (DJ):    0.177ns
    Phase Error              (PE):    0.120ns

    Location             Delay type                Incr(ns)  Path(ns)    Netlist Resource(s)
  -------------------------------------------------------------------    -------------------
                         (clock sync_pulse rise edge)
                                                      1.094     1.094 r  
    R4                                                0.000     1.094 r  sys_clk (IN)
                         net (fo=0)                   0.000     1.094    u_clock_and_reset/clk_wiz_0/inst/clk_in1
    R4                   IBUF (Prop_ibuf_I_O)         1.432     2.526 r  u_clock_and_reset/clk_wiz_0/inst/clkin1_ibufg/O
                         net (fo=1, routed)           1.065     3.591    u_clock_and_reset/clk_wiz_0/inst/clk_in1_clk_wiz_0
    MMCME2_ADV_X1Y0      MMCME2_ADV (Prop_mmcme2_adv_CLKIN1_CLKOUT0)
                                                     -5.921    -2.331 r  u_clock_and_reset/clk_wiz_0/inst/mmcm_adv_inst/CLKOUT0
                         net (fo=1, routed)           1.421    -0.910    u_clock_and_reset/clk_wiz_0/inst/clk_out1_clk_wiz_0
    BUFGCTRL_X0Y1        BUFG (Prop_bufg_I_O)         0.081    -0.829 r  u_clock_and_reset/clk_wiz_0/inst/clkout1_buf/O
                         net (fo=64, routed)          1.394     0.565    u_ddr3/u_mig/u_mig_7series_0_mig/u_ddr3_infrastructure/CLK
  -------------------------------------------------------------------    -------------------
    PLLE2_ADV_X1Y1       PLLE2_ADV (Prop_plle2_adv_CLKIN1_CLKOUT2)
                                                      0.077     0.642 r  u_ddr3/u_mig/u_mig_7series_0_mig/u_ddr3_infrastructure/plle2_i/CLKOUT2
                         net (fo=7, routed)           0.528     1.170    u_ddr3/u_mig/u_mig_7series_0_mig/u_memc_ui_top_axi/mem_intfc0/ddr_phy_top0/u_ddr_mc_phy_wrapper/u_ddr_mc_phy/ddr_phy_4lanes_0.u_ddr_phy_4lanes/sync_pulse
    PHY_CONTROL_X1Y1     PHY_CONTROL                                  r  u_ddr3/u_mig/u_mig_7series_0_mig/u_memc_ui_top_axi/mem_intfc0/ddr_phy_top0/u_ddr_mc_phy_wrapper/u_ddr_mc_phy/ddr_phy_4lanes_0.u_ddr_phy_4lanes/phy_control_i/SYNCIN
  -------------------------------------------------------------------    -------------------

                         (clock mem_refclk rise edge)
                                                      2.500     2.500 r  
    R4                                                0.000     2.500 r  sys_clk (IN)
                         net (fo=0)                   0.000     2.500    u_clock_and_reset/clk_wiz_0/inst/clk_in1
    R4                   IBUF (Prop_ibuf_I_O)         1.366     3.866 r  u_clock_and_reset/clk_wiz_0/inst/clkin1_ibufg/O
                         net (fo=1, routed)           1.004     4.869    u_clock_and_reset/clk_wiz_0/inst/clk_in1_clk_wiz_0
    MMCME2_ADV_X1Y0      MMCME2_ADV (Prop_mmcme2_adv_CLKIN1_CLKOUT0)
                                                     -6.057    -1.188 r  u_clock_and_reset/clk_wiz_0/inst/mmcm_adv_inst/CLKOUT0
                         net (fo=1, routed)           1.352     0.165    u_clock_and_reset/clk_wiz_0/inst/clk_out1_clk_wiz_0
    BUFGCTRL_X0Y1        BUFG (Prop_bufg_I_O)         0.077     0.242 r  u_clock_and_reset/clk_wiz_0/inst/clkout1_buf/O
                         net (fo=64, routed)          1.290     1.532    u_ddr3/u_mig/u_mig_7series_0_mig/u_ddr3_infrastructure/CLK
    PLLE2_ADV_X1Y1       PLLE2_ADV (Prop_plle2_adv_CLKIN1_CLKOUT1)
                                                      0.073     1.605 r  u_ddr3/u_mig/u_mig_7series_0_mig/u_ddr3_infrastructure/plle2_i/CLKOUT1
                         net (fo=7, routed)           0.501     2.106    u_ddr3/u_mig/u_mig_7series_0_mig/u_memc_ui_top_axi/mem_intfc0/ddr_phy_top0/u_ddr_mc_phy_wrapper/u_ddr_mc_phy/ddr_phy_4lanes_0.u_ddr_phy_4lanes/mem_refclk
    PHY_CONTROL_X1Y1     PHY_CONTROL                                  r  u_ddr3/u_mig/u_mig_7series_0_mig/u_memc_ui_top_axi/mem_intfc0/ddr_phy_top0/u_ddr_mc_phy_wrapper/u_ddr_mc_phy/ddr_phy_4lanes_0.u_ddr_phy_4lanes/phy_control_i/MEMREFCLK
                         clock pessimism              0.444     2.550    
                         clock uncertainty           -0.215     2.334    
    PHY_CONTROL_X1Y1     PHY_CONTROL (Setup_phy_control_MEMREFCLK_SYNCIN)
                                                     -0.182     2.152    u_ddr3/u_mig/u_mig_7series_0_mig/u_memc_ui_top_axi/mem_intfc0/ddr_phy_top0/u_ddr_mc_phy_wrapper/u_ddr_mc_phy/ddr_phy_4lanes_0.u_ddr_phy_4lanes/phy_control_i
  -------------------------------------------------------------------
                         required time                          2.152    
                         arrival time                          -1.170    
  -------------------------------------------------------------------
                         slack                                  0.982    





Min Delay Paths
--------------------------------------------------------------------------------------
Slack (MET) :             0.678ns  (arrival time - required time)
  Source:                 u_ddr3/u_mig/u_mig_7series_0_mig/u_ddr3_infrastructure/plle2_i/CLKOUT2
                            (clock source 'sync_pulse'  {rise@1.094ns fall@3.594ns period=40.000ns})
  Destination:            u_ddr3/u_mig/u_mig_7series_0_mig/u_memc_ui_top_axi/mem_intfc0/ddr_phy_top0/u_ddr_mc_phy_wrapper/u_ddr_mc_phy/ddr_phy_4lanes_0.u_ddr_phy_4lanes/phy_control_i/SYNCIN
                            (rising edge-triggered cell PHY_CONTROL clocked by mem_refclk  {rise@0.000ns fall@1.250ns period=2.500ns})
  Path Group:             mem_refclk
  Path Type:              Hold (Min at Slow Process Corner)
  Requirement:            -1.094ns  (mem_refclk rise@2.500ns - sync_pulse fall@3.594ns)
  Data Path Delay:        0.501ns  (logic 0.000ns (0.000%)  route 0.501ns (100.000%))
  Logic Levels:           0  
  Clock Path Skew:        0.528ns (DCD - SCD - CPR)
    Destination Clock Delay (DCD):    0.077ns = ( 2.577 - 2.500 ) 
    Source Clock Delay      (SCD):    -0.895ns = ( 2.699 - 3.594 ) 
    Clock Pessimism Removal (CPR):    0.444ns
  Clock Uncertainty:      0.215ns  ((TSJ^2 + DJ^2)^1/2) / 2 + PE
    Total System Jitter     (TSJ):    0.071ns
    Discrete Jitter          (DJ):    0.177ns
    Phase Error              (PE):    0.120ns

    Location             Delay type                Incr(ns)  Path(ns)    Netlist Resource(s)
  -------------------------------------------------------------------    -------------------
                         (clock sync_pulse fall edge)
                                                      3.594     3.594 f  
    R4                                                0.000     3.594 f  sys_clk (IN)
                         net (fo=0)                   0.000     3.594    u_clock_and_reset/clk_wiz_0/inst/clk_in1
    R4                   IBUF (Prop_ibuf_I_O)         1.366     4.960 f  u_clock_and_reset/clk_wiz_0/inst/clkin1_ibufg/O
                         net (fo=1, routed)           1.004     5.963    u_clock_and_reset/clk_wiz_0/inst/clk_in1_clk_wiz_0
    MMCME2_ADV_X1Y0      MMCME2_ADV (Prop_mmcme2_adv_CLKIN1_CLKOUT0)
                                                     -6.057    -0.094 f  u_clock_and_reset/clk_wiz_0/inst/mmcm_adv_inst/CLKOUT0
                         net (fo=1, routed)           1.352     1.258    u_clock_and_reset/clk_wiz_0/inst/clk_out1_clk_wiz_0
    BUFGCTRL_X0Y1        BUFG (Prop_bufg_I_O)         0.077     1.335 f  u_clock_and_reset/clk_wiz_0/inst/clkout1_buf/O
                         net (fo=64, routed)          1.290     2.626    u_ddr3/u_mig/u_mig_7series_0_mig/u_ddr3_infrastructure/CLK
  -------------------------------------------------------------------    -------------------
    PLLE2_ADV_X1Y1       PLLE2_ADV (Prop_plle2_adv_CLKIN1_CLKOUT2)
                                                      0.073     2.699 f  u_ddr3/u_mig/u_mig_7series_0_mig/u_ddr3_infrastructure/plle2_i/CLKOUT2
                         net (fo=7, routed)           0.501     3.200    u_ddr3/u_mig/u_mig_7series_0_mig/u_memc_ui_top_axi/mem_intfc0/ddr_phy_top0/u_ddr_mc_phy_wrapper/u_ddr_mc_phy/ddr_phy_4lanes_0.u_ddr_phy_4lanes/sync_pulse
    PHY_CONTROL_X1Y1     PHY_CONTROL                                  f  u_ddr3/u_mig/u_mig_7series_0_mig/u_memc_ui_top_axi/mem_intfc0/ddr_phy_top0/u_ddr_mc_phy_wrapper/u_ddr_mc_phy/ddr_phy_4lanes_0.u_ddr_phy_4lanes/phy_control_i/SYNCIN
  -------------------------------------------------------------------    -------------------

                         (clock mem_refclk rise edge)
                                                      2.500     2.500 r  
    R4                                                0.000     2.500 r  sys_clk (IN)
                         net (fo=0)                   0.000     2.500    u_clock_and_reset/clk_wiz_0/inst/clk_in1
    R4                   IBUF (Prop_ibuf_I_O)         1.432     3.932 r  u_clock_and_reset/clk_wiz_0/inst/clkin1_ibufg/O
                         net (fo=1, routed)           1.065     4.997    u_clock_and_reset/clk_wiz_0/inst/clk_in1_clk_wiz_0
    MMCME2_ADV_X1Y0      MMCME2_ADV (Prop_mmcme2_adv_CLKIN1_CLKOUT0)
                                                     -5.921    -0.924 r  u_clock_and_reset/clk_wiz_0/inst/mmcm_adv_inst/CLKOUT0
                         net (fo=1, routed)           1.421     0.496    u_clock_and_reset/clk_wiz_0/inst/clk_out1_clk_wiz_0
    BUFGCTRL_X0Y1        BUFG (Prop_bufg_I_O)         0.081     0.577 r  u_clock_and_reset/clk_wiz_0/inst/clkout1_buf/O
                         net (fo=64, routed)          1.394     1.972    u_ddr3/u_mig/u_mig_7series_0_mig/u_ddr3_infrastructure/CLK
    PLLE2_ADV_X1Y1       PLLE2_ADV (Prop_plle2_adv_CLKIN1_CLKOUT1)
                                                      0.077     2.049 r  u_ddr3/u_mig/u_mig_7series_0_mig/u_ddr3_infrastructure/plle2_i/CLKOUT1
                         net (fo=7, routed)           0.528     2.577    u_ddr3/u_mig/u_mig_7series_0_mig/u_memc_ui_top_axi/mem_intfc0/ddr_phy_top0/u_ddr_mc_phy_wrapper/u_ddr_mc_phy/ddr_phy_4lanes_0.u_ddr_phy_4lanes/mem_refclk
    PHY_CONTROL_X1Y1     PHY_CONTROL                                  r  u_ddr3/u_mig/u_mig_7series_0_mig/u_memc_ui_top_axi/mem_intfc0/ddr_phy_top0/u_ddr_mc_phy_wrapper/u_ddr_mc_phy/ddr_phy_4lanes_0.u_ddr_phy_4lanes/phy_control_i/MEMREFCLK
                         clock pessimism             -0.444     2.133    
                         clock uncertainty            0.215     2.348    
    PHY_CONTROL_X1Y1     PHY_CONTROL (Hold_phy_control_MEMREFCLK_SYNCIN)
                                                      0.174     2.522    u_ddr3/u_mig/u_mig_7series_0_mig/u_memc_ui_top_axi/mem_intfc0/ddr_phy_top0/u_ddr_mc_phy_wrapper/u_ddr_mc_phy/ddr_phy_4lanes_0.u_ddr_phy_4lanes/phy_control_i
  -------------------------------------------------------------------
                         required time                         -2.522    
                         arrival time                           3.200    
  -------------------------------------------------------------------
                         slack                                  0.678    





---------------------------------------------------------------------------------------------------
From Clock:  oserdes_clk
  To Clock:  oserdes_clkdiv

Setup :            0  Failing Endpoints,  Worst Slack        1.699ns,  Total Violation        0.000ns
Hold  :            0  Failing Endpoints,  Worst Slack        0.081ns,  Total Violation        0.000ns
---------------------------------------------------------------------------------------------------


Max Delay Paths
--------------------------------------------------------------------------------------
Slack (MET) :             1.699ns  (required time - arrival time)
  Source:                 u_ddr3/u_mig/u_mig_7series_0_mig/u_memc_ui_top_axi/mem_intfc0/ddr_phy_top0/u_ddr_mc_phy_wrapper/u_ddr_mc_phy/ddr_phy_4lanes_0.u_ddr_phy_4lanes/ddr_byte_lane_A.ddr_byte_lane_A/phaser_out/OCLK
                            (rising edge-triggered cell PHASER_OUT_PHY clocked by oserdes_clk  {rise@0.000ns fall@1.250ns period=2.500ns})
  Destination:            u_ddr3/u_mig/u_mig_7series_0_mig/u_memc_ui_top_axi/mem_intfc0/ddr_phy_top0/u_ddr_mc_phy_wrapper/u_ddr_mc_phy/ddr_phy_4lanes_0.u_ddr_phy_4lanes/ddr_byte_lane_A.ddr_byte_lane_A/out_fifo/RDEN
                            (rising edge-triggered cell OUT_FIFO clocked by oserdes_clkdiv  {rise@0.000ns fall@5.000ns period=10.000ns})
  Path Group:             oserdes_clkdiv
  Path Type:              Setup (Max at Slow Process Corner)
  Requirement:            2.500ns  (oserdes_clkdiv rise@10.000ns - oserdes_clk rise@7.500ns)
  Data Path Delay:        0.301ns  (logic 0.301ns (100.000%)  route 0.000ns (0.000%))
  Logic Levels:           0  
  Clock Path Skew:        0.133ns (DCD - SCD + CPR)
    Destination Clock Delay (DCD):    1.761ns = ( 11.761 - 10.000 ) 
    Source Clock Delay      (SCD):    2.154ns = ( 9.654 - 7.500 ) 
    Clock Pessimism Removal (CPR):    0.526ns
  Clock Uncertainty:      0.060ns  ((TSJ^2 + DJ^2)^1/2) / 2 + PE
    Total System Jitter     (TSJ):    0.071ns
    Discrete Jitter          (DJ):    0.096ns
    Phase Error              (PE):    0.000ns

    Location             Delay type                Incr(ns)  Path(ns)    Netlist Resource(s)
  -------------------------------------------------------------------    -------------------
                         (clock oserdes_clk rise edge)
                                                      7.500     7.500 r  
    R4                                                0.000     7.500 r  sys_clk (IN)
                         net (fo=0)                   0.000     7.500    u_clock_and_reset/clk_wiz_0/inst/clk_in1
    R4                   IBUF (Prop_ibuf_I_O)         1.432     8.932 r  u_clock_and_reset/clk_wiz_0/inst/clkin1_ibufg/O
                         net (fo=1, routed)           1.065     9.997    u_clock_and_reset/clk_wiz_0/inst/clk_in1_clk_wiz_0
    MMCME2_ADV_X1Y0      MMCME2_ADV (Prop_mmcme2_adv_CLKIN1_CLKOUT0)
                                                     -5.921     4.076 r  u_clock_and_reset/clk_wiz_0/inst/mmcm_adv_inst/CLKOUT0
                         net (fo=1, routed)           1.421     5.496    u_clock_and_reset/clk_wiz_0/inst/clk_out1_clk_wiz_0
    BUFGCTRL_X0Y1        BUFG (Prop_bufg_I_O)         0.081     5.577 r  u_clock_and_reset/clk_wiz_0/inst/clkout1_buf/O
                         net (fo=64, routed)          1.394     6.972    u_ddr3/u_mig/u_mig_7series_0_mig/u_ddr3_infrastructure/CLK
    PLLE2_ADV_X1Y1       PLLE2_ADV (Prop_plle2_adv_CLKIN1_CLKOUT1)
                                                      0.077     7.049 r  u_ddr3/u_mig/u_mig_7series_0_mig/u_ddr3_infrastructure/plle2_i/CLKOUT1
                         net (fo=7, routed)           0.522     7.571    u_ddr3/u_mig/u_mig_7series_0_mig/u_memc_ui_top_axi/mem_intfc0/ddr_phy_top0/u_ddr_mc_phy_wrapper/u_ddr_mc_phy/ddr_phy_4lanes_0.u_ddr_phy_4lanes/ddr_byte_lane_A.ddr_byte_lane_A/mem_refclk
    PHASER_OUT_PHY_X1Y4  PHASER_OUT_PHY (Prop_phaser_out_phy_MEMREFCLK_OCLK)
                                                      2.083     9.654 r  u_ddr3/u_mig/u_mig_7series_0_mig/u_memc_ui_top_axi/mem_intfc0/ddr_phy_top0/u_ddr_mc_phy_wrapper/u_ddr_mc_phy/ddr_phy_4lanes_0.u_ddr_phy_4lanes/ddr_byte_lane_A.ddr_byte_lane_A/phaser_out/OCLK
  -------------------------------------------------------------------    -------------------
    PHASER_OUT_PHY_X1Y4  PHASER_OUT_PHY (Prop_phaser_out_phy_OCLK_RDENABLE)
                                                      0.301     9.955 r  u_ddr3/u_mig/u_mig_7series_0_mig/u_memc_ui_top_axi/mem_intfc0/ddr_phy_top0/u_ddr_mc_phy_wrapper/u_ddr_mc_phy/ddr_phy_4lanes_0.u_ddr_phy_4lanes/ddr_byte_lane_A.ddr_byte_lane_A/phaser_out/RDENABLE
                         net (fo=1, routed)           0.000     9.955    u_ddr3/u_mig/u_mig_7series_0_mig/u_memc_ui_top_axi/mem_intfc0/ddr_phy_top0/u_ddr_mc_phy_wrapper/u_ddr_mc_phy/ddr_phy_4lanes_0.u_ddr_phy_4lanes/ddr_byte_lane_A.ddr_byte_lane_A/po_rd_enable
    OUT_FIFO_X1Y4        OUT_FIFO                                     r  u_ddr3/u_mig/u_mig_7series_0_mig/u_memc_ui_top_axi/mem_intfc0/ddr_phy_top0/u_ddr_mc_phy_wrapper/u_ddr_mc_phy/ddr_phy_4lanes_0.u_ddr_phy_4lanes/ddr_byte_lane_A.ddr_byte_lane_A/out_fifo/RDEN
  -------------------------------------------------------------------    -------------------

                         (clock oserdes_clkdiv rise edge)
                                                     10.000    10.000 r  
    R4                                                0.000    10.000 r  sys_clk (IN)
                         net (fo=0)                   0.000    10.000    u_clock_and_reset/clk_wiz_0/inst/clk_in1
    R4                   IBUF (Prop_ibuf_I_O)         1.366    11.366 r  u_clock_and_reset/clk_wiz_0/inst/clkin1_ibufg/O
                         net (fo=1, routed)           1.004    12.369    u_clock_and_reset/clk_wiz_0/inst/clk_in1_clk_wiz_0
    MMCME2_ADV_X1Y0      MMCME2_ADV (Prop_mmcme2_adv_CLKIN1_CLKOUT0)
                                                     -6.057     6.312 r  u_clock_and_reset/clk_wiz_0/inst/mmcm_adv_inst/CLKOUT0
                         net (fo=1, routed)           1.352     7.665    u_clock_and_reset/clk_wiz_0/inst/clk_out1_clk_wiz_0
    BUFGCTRL_X0Y1        BUFG (Prop_bufg_I_O)         0.077     7.742 r  u_clock_and_reset/clk_wiz_0/inst/clkout1_buf/O
                         net (fo=64, routed)          1.290     9.032    u_ddr3/u_mig/u_mig_7series_0_mig/u_ddr3_infrastructure/CLK
    PLLE2_ADV_X1Y1       PLLE2_ADV (Prop_plle2_adv_CLKIN1_CLKOUT1)
                                                      0.073     9.105 r  u_ddr3/u_mig/u_mig_7series_0_mig/u_ddr3_infrastructure/plle2_i/CLKOUT1
                         net (fo=7, routed)           0.496     9.601    u_ddr3/u_mig/u_mig_7series_0_mig/u_memc_ui_top_axi/mem_intfc0/ddr_phy_top0/u_ddr_mc_phy_wrapper/u_ddr_mc_phy/ddr_phy_4lanes_0.u_ddr_phy_4lanes/ddr_byte_lane_A.ddr_byte_lane_A/mem_refclk
    PHASER_OUT_PHY_X1Y4  PHASER_OUT_PHY (Prop_phaser_out_phy_MEMREFCLK_OCLK)
                                                      2.027    11.628 r  u_ddr3/u_mig/u_mig_7series_0_mig/u_memc_ui_top_axi/mem_intfc0/ddr_phy_top0/u_ddr_mc_phy_wrapper/u_ddr_mc_phy/ddr_phy_4lanes_0.u_ddr_phy_4lanes/ddr_byte_lane_A.ddr_byte_lane_A/phaser_out/OCLK
    PHASER_OUT_PHY_X1Y4  PHASER_OUT_PHY (Prop_phaser_out_phy_OCLK_OCLKDIV)
                                                      0.133    11.761 r  u_ddr3/u_mig/u_mig_7series_0_mig/u_memc_ui_top_axi/mem_intfc0/ddr_phy_top0/u_ddr_mc_phy_wrapper/u_ddr_mc_phy/ddr_phy_4lanes_0.u_ddr_phy_4lanes/ddr_byte_lane_A.ddr_byte_lane_A/phaser_out/OCLKDIV
                         net (fo=12, routed)          0.000    11.761    u_ddr3/u_mig/u_mig_7series_0_mig/u_memc_ui_top_axi/mem_intfc0/ddr_phy_top0/u_ddr_mc_phy_wrapper/u_ddr_mc_phy/ddr_phy_4lanes_0.u_ddr_phy_4lanes/ddr_byte_lane_A.ddr_byte_lane_A/oserdes_clkdiv
    OUT_FIFO_X1Y4        OUT_FIFO                                     r  u_ddr3/u_mig/u_mig_7series_0_mig/u_memc_ui_top_axi/mem_intfc0/ddr_phy_top0/u_ddr_mc_phy_wrapper/u_ddr_mc_phy/ddr_phy_4lanes_0.u_ddr_phy_4lanes/ddr_byte_lane_A.ddr_byte_lane_A/out_fifo/RDCLK
                         clock pessimism              0.526    12.287    
                         clock uncertainty           -0.060    12.227    
    OUT_FIFO_X1Y4        OUT_FIFO (Setup_out_fifo_RDCLK_RDEN)
                                                     -0.573    11.654    u_ddr3/u_mig/u_mig_7series_0_mig/u_memc_ui_top_axi/mem_intfc0/ddr_phy_top0/u_ddr_mc_phy_wrapper/u_ddr_mc_phy/ddr_phy_4lanes_0.u_ddr_phy_4lanes/ddr_byte_lane_A.ddr_byte_lane_A/out_fifo
  -------------------------------------------------------------------
                         required time                         11.654    
                         arrival time                          -9.955    
  -------------------------------------------------------------------
                         slack                                  1.699    





Min Delay Paths
--------------------------------------------------------------------------------------
Slack (MET) :             0.081ns  (arrival time - required time)
  Source:                 u_ddr3/u_mig/u_mig_7series_0_mig/u_memc_ui_top_axi/mem_intfc0/ddr_phy_top0/u_ddr_mc_phy_wrapper/u_ddr_mc_phy/ddr_phy_4lanes_0.u_ddr_phy_4lanes/ddr_byte_lane_A.ddr_byte_lane_A/phaser_out/OCLK
                            (rising edge-triggered cell PHASER_OUT_PHY clocked by oserdes_clk  {rise@0.000ns fall@1.250ns period=2.500ns})
  Destination:            u_ddr3/u_mig/u_mig_7series_0_mig/u_memc_ui_top_axi/mem_intfc0/ddr_phy_top0/u_ddr_mc_phy_wrapper/u_ddr_mc_phy/ddr_phy_4lanes_0.u_ddr_phy_4lanes/ddr_byte_lane_A.ddr_byte_lane_A/ddr_byte_group_io/output_[9].oserdes_dq_.sdr.oserdes_dq_i/RST
                            (rising edge-triggered cell OSERDESE2 clocked by oserdes_clkdiv  {rise@0.000ns fall@5.000ns period=10.000ns})
  Path Group:             oserdes_clkdiv
  Path Type:              Hold (Min at Fast Process Corner)
  Requirement:            0.000ns  (oserdes_clkdiv rise@0.000ns - oserdes_clk rise@0.000ns)
  Data Path Delay:        0.908ns  (logic 0.272ns (29.946%)  route 0.636ns (70.054%))
  Logic Levels:           0  
  Clock Path Skew:        0.268ns (DCD - SCD - CPR)
    Destination Clock Delay (DCD):    1.570ns
    Source Clock Delay      (SCD):    1.473ns
    Clock Pessimism Removal (CPR):    -0.171ns
  Timing Exception:       MultiCycle Path   Setup -start 2    Hold  -start 1  

    Location             Delay type                Incr(ns)  Path(ns)    Netlist Resource(s)
  -------------------------------------------------------------------    -------------------
                         (clock oserdes_clk rise edge)
                                                      0.000     0.000 r  
    R4                                                0.000     0.000 r  sys_clk (IN)
                         net (fo=0)                   0.000     0.000    u_clock_and_reset/clk_wiz_0/inst/clk_in1
    R4                   IBUF (Prop_ibuf_I_O)         0.269     0.269 r  u_clock_and_reset/clk_wiz_0/inst/clkin1_ibufg/O
                         net (fo=1, routed)           0.440     0.709    u_clock_and_reset/clk_wiz_0/inst/clk_in1_clk_wiz_0
    MMCME2_ADV_X1Y0      MMCME2_ADV (Prop_mmcme2_adv_CLKIN1_CLKOUT0)
                                                     -2.360    -1.651 r  u_clock_and_reset/clk_wiz_0/inst/mmcm_adv_inst/CLKOUT0
                         net (fo=1, routed)           0.486    -1.165    u_clock_and_reset/clk_wiz_0/inst/clk_out1_clk_wiz_0
    BUFGCTRL_X0Y1        BUFG (Prop_bufg_I_O)         0.026    -1.139 r  u_clock_and_reset/clk_wiz_0/inst/clkout1_buf/O
                         net (fo=64, routed)          0.552    -0.587    u_ddr3/u_mig/u_mig_7series_0_mig/u_ddr3_infrastructure/CLK
    PLLE2_ADV_X1Y1       PLLE2_ADV (Prop_plle2_adv_CLKIN1_CLKOUT1)
                                                      0.050    -0.537 r  u_ddr3/u_mig/u_mig_7series_0_mig/u_ddr3_infrastructure/plle2_i/CLKOUT1
                         net (fo=7, routed)           0.197    -0.340    u_ddr3/u_mig/u_mig_7series_0_mig/u_memc_ui_top_axi/mem_intfc0/ddr_phy_top0/u_ddr_mc_phy_wrapper/u_ddr_mc_phy/ddr_phy_4lanes_0.u_ddr_phy_4lanes/ddr_byte_lane_A.ddr_byte_lane_A/mem_refclk
    PHASER_OUT_PHY_X1Y4  PHASER_OUT_PHY (Prop_phaser_out_phy_MEMREFCLK_OCLK)
                                                      1.813     1.473 r  u_ddr3/u_mig/u_mig_7series_0_mig/u_memc_ui_top_axi/mem_intfc0/ddr_phy_top0/u_ddr_mc_phy_wrapper/u_ddr_mc_phy/ddr_phy_4lanes_0.u_ddr_phy_4lanes/ddr_byte_lane_A.ddr_byte_lane_A/phaser_out/OCLK
  -------------------------------------------------------------------    -------------------
    PHASER_OUT_PHY_X1Y4  PHASER_OUT_PHY (Prop_phaser_out_phy_OCLK_OSERDESRST)
                                                      0.272     1.745 r  u_ddr3/u_mig/u_mig_7series_0_mig/u_memc_ui_top_axi/mem_intfc0/ddr_phy_top0/u_ddr_mc_phy_wrapper/u_ddr_mc_phy/ddr_phy_4lanes_0.u_ddr_phy_4lanes/ddr_byte_lane_A.ddr_byte_lane_A/phaser_out/OSERDESRST
                         net (fo=11, routed)          0.636     2.382    u_ddr3/u_mig/u_mig_7series_0_mig/u_memc_ui_top_axi/mem_intfc0/ddr_phy_top0/u_ddr_mc_phy_wrapper/u_ddr_mc_phy/ddr_phy_4lanes_0.u_ddr_phy_4lanes/ddr_byte_lane_A.ddr_byte_lane_A/ddr_byte_group_io/po_oserdes_rst
    OLOGIC_X1Y62         OSERDESE2                                    r  u_ddr3/u_mig/u_mig_7series_0_mig/u_memc_ui_top_axi/mem_intfc0/ddr_phy_top0/u_ddr_mc_phy_wrapper/u_ddr_mc_phy/ddr_phy_4lanes_0.u_ddr_phy_4lanes/ddr_byte_lane_A.ddr_byte_lane_A/ddr_byte_group_io/output_[9].oserdes_dq_.sdr.oserdes_dq_i/RST
  -------------------------------------------------------------------    -------------------

                         (clock oserdes_clkdiv rise edge)
                                                      0.000     0.000 r  
    R4                                                0.000     0.000 r  sys_clk (IN)
                         net (fo=0)                   0.000     0.000    u_clock_and_reset/clk_wiz_0/inst/clk_in1
    R4                   IBUF (Prop_ibuf_I_O)         0.457     0.457 r  u_clock_and_reset/clk_wiz_0/inst/clkin1_ibufg/O
                         net (fo=1, routed)           0.480     0.937    u_clock_and_reset/clk_wiz_0/inst/clk_in1_clk_wiz_0
    MMCME2_ADV_X1Y0      MMCME2_ADV (Prop_mmcme2_adv_CLKIN1_CLKOUT0)
                                                     -3.142    -2.205 r  u_clock_and_reset/clk_wiz_0/inst/mmcm_adv_inst/CLKOUT0
                         net (fo=1, routed)           0.530    -1.676    u_clock_and_reset/clk_wiz_0/inst/clk_out1_clk_wiz_0
    BUFGCTRL_X0Y1        BUFG (Prop_bufg_I_O)         0.029    -1.647 r  u_clock_and_reset/clk_wiz_0/inst/clkout1_buf/O
                         net (fo=64, routed)          0.820    -0.827    u_ddr3/u_mig/u_mig_7series_0_mig/u_ddr3_infrastructure/CLK
    PLLE2_ADV_X1Y1       PLLE2_ADV (Prop_plle2_adv_CLKIN1_CLKOUT1)
                                                      0.053    -0.774 r  u_ddr3/u_mig/u_mig_7series_0_mig/u_ddr3_infrastructure/plle2_i/CLKOUT1
                         net (fo=7, routed)           0.218    -0.556    u_ddr3/u_mig/u_mig_7series_0_mig/u_memc_ui_top_axi/mem_intfc0/ddr_phy_top0/u_ddr_mc_phy_wrapper/u_ddr_mc_phy/ddr_phy_4lanes_0.u_ddr_phy_4lanes/ddr_byte_lane_A.ddr_byte_lane_A/mem_refclk
    PHASER_OUT_PHY_X1Y4  PHASER_OUT_PHY (Prop_phaser_out_phy_MEMREFCLK_OCLK)
                                                      1.858     1.302 r  u_ddr3/u_mig/u_mig_7series_0_mig/u_memc_ui_top_axi/mem_intfc0/ddr_phy_top0/u_ddr_mc_phy_wrapper/u_ddr_mc_phy/ddr_phy_4lanes_0.u_ddr_phy_4lanes/ddr_byte_lane_A.ddr_byte_lane_A/phaser_out/OCLK
    PHASER_OUT_PHY_X1Y4  PHASER_OUT_PHY (Prop_phaser_out_phy_OCLK_OCLKDIV)
                                                      0.088     1.390 r  u_ddr3/u_mig/u_mig_7series_0_mig/u_memc_ui_top_axi/mem_intfc0/ddr_phy_top0/u_ddr_mc_phy_wrapper/u_ddr_mc_phy/ddr_phy_4lanes_0.u_ddr_phy_4lanes/ddr_byte_lane_A.ddr_byte_lane_A/phaser_out/OCLKDIV
                         net (fo=12, routed)          0.180     1.570    u_ddr3/u_mig/u_mig_7series_0_mig/u_memc_ui_top_axi/mem_intfc0/ddr_phy_top0/u_ddr_mc_phy_wrapper/u_ddr_mc_phy/ddr_phy_4lanes_0.u_ddr_phy_4lanes/ddr_byte_lane_A.ddr_byte_lane_A/ddr_byte_group_io/oserdes_clkdiv
    OLOGIC_X1Y62         OSERDESE2                                    r  u_ddr3/u_mig/u_mig_7series_0_mig/u_memc_ui_top_axi/mem_intfc0/ddr_phy_top0/u_ddr_mc_phy_wrapper/u_ddr_mc_phy/ddr_phy_4lanes_0.u_ddr_phy_4lanes/ddr_byte_lane_A.ddr_byte_lane_A/ddr_byte_group_io/output_[9].oserdes_dq_.sdr.oserdes_dq_i/CLKDIV
                         clock pessimism              0.171     1.741    
    OLOGIC_X1Y62         OSERDESE2 (Hold_oserdese2_CLKDIV_RST)
                                                      0.559     2.300    u_ddr3/u_mig/u_mig_7series_0_mig/u_memc_ui_top_axi/mem_intfc0/ddr_phy_top0/u_ddr_mc_phy_wrapper/u_ddr_mc_phy/ddr_phy_4lanes_0.u_ddr_phy_4lanes/ddr_byte_lane_A.ddr_byte_lane_A/ddr_byte_group_io/output_[9].oserdes_dq_.sdr.oserdes_dq_i
  -------------------------------------------------------------------
                         required time                         -2.300    
                         arrival time                           2.382    
  -------------------------------------------------------------------
                         slack                                  0.081    





---------------------------------------------------------------------------------------------------
From Clock:  oserdes_clk_1
  To Clock:  oserdes_clkdiv_1

Setup :            0  Failing Endpoints,  Worst Slack        1.699ns,  Total Violation        0.000ns
Hold  :            0  Failing Endpoints,  Worst Slack        0.080ns,  Total Violation        0.000ns
---------------------------------------------------------------------------------------------------


Max Delay Paths
--------------------------------------------------------------------------------------
Slack (MET) :             1.699ns  (required time - arrival time)
  Source:                 u_ddr3/u_mig/u_mig_7series_0_mig/u_memc_ui_top_axi/mem_intfc0/ddr_phy_top0/u_ddr_mc_phy_wrapper/u_ddr_mc_phy/ddr_phy_4lanes_0.u_ddr_phy_4lanes/ddr_byte_lane_B.ddr_byte_lane_B/phaser_out/OCLK
                            (rising edge-triggered cell PHASER_OUT_PHY clocked by oserdes_clk_1  {rise@0.000ns fall@1.250ns period=2.500ns})
  Destination:            u_ddr3/u_mig/u_mig_7series_0_mig/u_memc_ui_top_axi/mem_intfc0/ddr_phy_top0/u_ddr_mc_phy_wrapper/u_ddr_mc_phy/ddr_phy_4lanes_0.u_ddr_phy_4lanes/ddr_byte_lane_B.ddr_byte_lane_B/out_fifo/RDEN
                            (rising edge-triggered cell OUT_FIFO clocked by oserdes_clkdiv_1  {rise@0.000ns fall@5.000ns period=10.000ns})
  Path Group:             oserdes_clkdiv_1
  Path Type:              Setup (Max at Slow Process Corner)
  Requirement:            2.500ns  (oserdes_clkdiv_1 rise@10.000ns - oserdes_clk_1 rise@7.500ns)
  Data Path Delay:        0.301ns  (logic 0.301ns (100.000%)  route 0.000ns (0.000%))
  Logic Levels:           0  
  Clock Path Skew:        0.133ns (DCD - SCD + CPR)
    Destination Clock Delay (DCD):    1.751ns = ( 11.751 - 10.000 ) 
    Source Clock Delay      (SCD):    2.143ns = ( 9.643 - 7.500 ) 
    Clock Pessimism Removal (CPR):    0.525ns
  Clock Uncertainty:      0.060ns  ((TSJ^2 + DJ^2)^1/2) / 2 + PE
    Total System Jitter     (TSJ):    0.071ns
    Discrete Jitter          (DJ):    0.096ns
    Phase Error              (PE):    0.000ns

    Location             Delay type                Incr(ns)  Path(ns)    Netlist Resource(s)
  -------------------------------------------------------------------    -------------------
                         (clock oserdes_clk_1 rise edge)
                                                      7.500     7.500 r  
    R4                                                0.000     7.500 r  sys_clk (IN)
                         net (fo=0)                   0.000     7.500    u_clock_and_reset/clk_wiz_0/inst/clk_in1
    R4                   IBUF (Prop_ibuf_I_O)         1.432     8.932 r  u_clock_and_reset/clk_wiz_0/inst/clkin1_ibufg/O
                         net (fo=1, routed)           1.065     9.997    u_clock_and_reset/clk_wiz_0/inst/clk_in1_clk_wiz_0
    MMCME2_ADV_X1Y0      MMCME2_ADV (Prop_mmcme2_adv_CLKIN1_CLKOUT0)
                                                     -5.921     4.076 r  u_clock_and_reset/clk_wiz_0/inst/mmcm_adv_inst/CLKOUT0
                         net (fo=1, routed)           1.421     5.496    u_clock_and_reset/clk_wiz_0/inst/clk_out1_clk_wiz_0
    BUFGCTRL_X0Y1        BUFG (Prop_bufg_I_O)         0.081     5.577 r  u_clock_and_reset/clk_wiz_0/inst/clkout1_buf/O
                         net (fo=64, routed)          1.394     6.972    u_ddr3/u_mig/u_mig_7series_0_mig/u_ddr3_infrastructure/CLK
    PLLE2_ADV_X1Y1       PLLE2_ADV (Prop_plle2_adv_CLKIN1_CLKOUT1)
                                                      0.077     7.049 r  u_ddr3/u_mig/u_mig_7series_0_mig/u_ddr3_infrastructure/plle2_i/CLKOUT1
                         net (fo=7, routed)           0.511     7.560    u_ddr3/u_mig/u_mig_7series_0_mig/u_memc_ui_top_axi/mem_intfc0/ddr_phy_top0/u_ddr_mc_phy_wrapper/u_ddr_mc_phy/ddr_phy_4lanes_0.u_ddr_phy_4lanes/ddr_byte_lane_B.ddr_byte_lane_B/mem_refclk
    PHASER_OUT_PHY_X1Y5  PHASER_OUT_PHY (Prop_phaser_out_phy_MEMREFCLK_OCLK)
                                                      2.083     9.643 r  u_ddr3/u_mig/u_mig_7series_0_mig/u_memc_ui_top_axi/mem_intfc0/ddr_phy_top0/u_ddr_mc_phy_wrapper/u_ddr_mc_phy/ddr_phy_4lanes_0.u_ddr_phy_4lanes/ddr_byte_lane_B.ddr_byte_lane_B/phaser_out/OCLK
  -------------------------------------------------------------------    -------------------
    PHASER_OUT_PHY_X1Y5  PHASER_OUT_PHY (Prop_phaser_out_phy_OCLK_RDENABLE)
                                                      0.301     9.944 r  u_ddr3/u_mig/u_mig_7series_0_mig/u_memc_ui_top_axi/mem_intfc0/ddr_phy_top0/u_ddr_mc_phy_wrapper/u_ddr_mc_phy/ddr_phy_4lanes_0.u_ddr_phy_4lanes/ddr_byte_lane_B.ddr_byte_lane_B/phaser_out/RDENABLE
                         net (fo=1, routed)           0.000     9.944    u_ddr3/u_mig/u_mig_7series_0_mig/u_memc_ui_top_axi/mem_intfc0/ddr_phy_top0/u_ddr_mc_phy_wrapper/u_ddr_mc_phy/ddr_phy_4lanes_0.u_ddr_phy_4lanes/ddr_byte_lane_B.ddr_byte_lane_B/po_rd_enable
    OUT_FIFO_X1Y5        OUT_FIFO                                     r  u_ddr3/u_mig/u_mig_7series_0_mig/u_memc_ui_top_axi/mem_intfc0/ddr_phy_top0/u_ddr_mc_phy_wrapper/u_ddr_mc_phy/ddr_phy_4lanes_0.u_ddr_phy_4lanes/ddr_byte_lane_B.ddr_byte_lane_B/out_fifo/RDEN
  -------------------------------------------------------------------    -------------------

                         (clock oserdes_clkdiv_1 rise edge)
                                                     10.000    10.000 r  
    R4                                                0.000    10.000 r  sys_clk (IN)
                         net (fo=0)                   0.000    10.000    u_clock_and_reset/clk_wiz_0/inst/clk_in1
    R4                   IBUF (Prop_ibuf_I_O)         1.366    11.366 r  u_clock_and_reset/clk_wiz_0/inst/clkin1_ibufg/O
                         net (fo=1, routed)           1.004    12.369    u_clock_and_reset/clk_wiz_0/inst/clk_in1_clk_wiz_0
    MMCME2_ADV_X1Y0      MMCME2_ADV (Prop_mmcme2_adv_CLKIN1_CLKOUT0)
                                                     -6.057     6.312 r  u_clock_and_reset/clk_wiz_0/inst/mmcm_adv_inst/CLKOUT0
                         net (fo=1, routed)           1.352     7.665    u_clock_and_reset/clk_wiz_0/inst/clk_out1_clk_wiz_0
    BUFGCTRL_X0Y1        BUFG (Prop_bufg_I_O)         0.077     7.742 r  u_clock_and_reset/clk_wiz_0/inst/clkout1_buf/O
                         net (fo=64, routed)          1.290     9.032    u_ddr3/u_mig/u_mig_7series_0_mig/u_ddr3_infrastructure/CLK
    PLLE2_ADV_X1Y1       PLLE2_ADV (Prop_plle2_adv_CLKIN1_CLKOUT1)
                                                      0.073     9.105 r  u_ddr3/u_mig/u_mig_7series_0_mig/u_ddr3_infrastructure/plle2_i/CLKOUT1
                         net (fo=7, routed)           0.486     9.591    u_ddr3/u_mig/u_mig_7series_0_mig/u_memc_ui_top_axi/mem_intfc0/ddr_phy_top0/u_ddr_mc_phy_wrapper/u_ddr_mc_phy/ddr_phy_4lanes_0.u_ddr_phy_4lanes/ddr_byte_lane_B.ddr_byte_lane_B/mem_refclk
    PHASER_OUT_PHY_X1Y5  PHASER_OUT_PHY (Prop_phaser_out_phy_MEMREFCLK_OCLK)
                                                      2.027    11.618 r  u_ddr3/u_mig/u_mig_7series_0_mig/u_memc_ui_top_axi/mem_intfc0/ddr_phy_top0/u_ddr_mc_phy_wrapper/u_ddr_mc_phy/ddr_phy_4lanes_0.u_ddr_phy_4lanes/ddr_byte_lane_B.ddr_byte_lane_B/phaser_out/OCLK
    PHASER_OUT_PHY_X1Y5  PHASER_OUT_PHY (Prop_phaser_out_phy_OCLK_OCLKDIV)
                                                      0.133    11.751 r  u_ddr3/u_mig/u_mig_7series_0_mig/u_memc_ui_top_axi/mem_intfc0/ddr_phy_top0/u_ddr_mc_phy_wrapper/u_ddr_mc_phy/ddr_phy_4lanes_0.u_ddr_phy_4lanes/ddr_byte_lane_B.ddr_byte_lane_B/phaser_out/OCLKDIV
                         net (fo=13, routed)          0.000    11.751    u_ddr3/u_mig/u_mig_7series_0_mig/u_memc_ui_top_axi/mem_intfc0/ddr_phy_top0/u_ddr_mc_phy_wrapper/u_ddr_mc_phy/ddr_phy_4lanes_0.u_ddr_phy_4lanes/ddr_byte_lane_B.ddr_byte_lane_B/oserdes_clkdiv
    OUT_FIFO_X1Y5        OUT_FIFO                                     r  u_ddr3/u_mig/u_mig_7series_0_mig/u_memc_ui_top_axi/mem_intfc0/ddr_phy_top0/u_ddr_mc_phy_wrapper/u_ddr_mc_phy/ddr_phy_4lanes_0.u_ddr_phy_4lanes/ddr_byte_lane_B.ddr_byte_lane_B/out_fifo/RDCLK
                         clock pessimism              0.525    12.276    
                         clock uncertainty           -0.060    12.216    
    OUT_FIFO_X1Y5        OUT_FIFO (Setup_out_fifo_RDCLK_RDEN)
                                                     -0.573    11.643    u_ddr3/u_mig/u_mig_7series_0_mig/u_memc_ui_top_axi/mem_intfc0/ddr_phy_top0/u_ddr_mc_phy_wrapper/u_ddr_mc_phy/ddr_phy_4lanes_0.u_ddr_phy_4lanes/ddr_byte_lane_B.ddr_byte_lane_B/out_fifo
  -------------------------------------------------------------------
                         required time                         11.643    
                         arrival time                          -9.944    
  -------------------------------------------------------------------
                         slack                                  1.699    





Min Delay Paths
--------------------------------------------------------------------------------------
Slack (MET) :             0.080ns  (arrival time - required time)
  Source:                 u_ddr3/u_mig/u_mig_7series_0_mig/u_memc_ui_top_axi/mem_intfc0/ddr_phy_top0/u_ddr_mc_phy_wrapper/u_ddr_mc_phy/ddr_phy_4lanes_0.u_ddr_phy_4lanes/ddr_byte_lane_B.ddr_byte_lane_B/phaser_out/OCLK
                            (rising edge-triggered cell PHASER_OUT_PHY clocked by oserdes_clk_1  {rise@0.000ns fall@1.250ns period=2.500ns})
  Destination:            u_ddr3/u_mig/u_mig_7series_0_mig/u_memc_ui_top_axi/mem_intfc0/ddr_phy_top0/u_ddr_mc_phy_wrapper/u_ddr_mc_phy/ddr_phy_4lanes_0.u_ddr_phy_4lanes/ddr_byte_lane_B.ddr_byte_lane_B/ddr_byte_group_io/output_[4].oserdes_dq_.sdr.oserdes_dq_i/RST
                            (rising edge-triggered cell OSERDESE2 clocked by oserdes_clkdiv_1  {rise@0.000ns fall@5.000ns period=10.000ns})
  Path Group:             oserdes_clkdiv_1
  Path Type:              Hold (Min at Fast Process Corner)
  Requirement:            0.000ns  (oserdes_clkdiv_1 rise@0.000ns - oserdes_clk_1 rise@0.000ns)
  Data Path Delay:        0.901ns  (logic 0.272ns (30.187%)  route 0.629ns (69.813%))
  Logic Levels:           0  
  Clock Path Skew:        0.262ns (DCD - SCD - CPR)
    Destination Clock Delay (DCD):    1.555ns
    Source Clock Delay      (SCD):    1.466ns
    Clock Pessimism Removal (CPR):    -0.173ns
  Timing Exception:       MultiCycle Path   Setup -start 2    Hold  -start 1  

    Location             Delay type                Incr(ns)  Path(ns)    Netlist Resource(s)
  -------------------------------------------------------------------    -------------------
                         (clock oserdes_clk_1 rise edge)
                                                      0.000     0.000 r  
    R4                                                0.000     0.000 r  sys_clk (IN)
                         net (fo=0)                   0.000     0.000    u_clock_and_reset/clk_wiz_0/inst/clk_in1
    R4                   IBUF (Prop_ibuf_I_O)         0.269     0.269 r  u_clock_and_reset/clk_wiz_0/inst/clkin1_ibufg/O
                         net (fo=1, routed)           0.440     0.709    u_clock_and_reset/clk_wiz_0/inst/clk_in1_clk_wiz_0
    MMCME2_ADV_X1Y0      MMCME2_ADV (Prop_mmcme2_adv_CLKIN1_CLKOUT0)
                                                     -2.360    -1.651 r  u_clock_and_reset/clk_wiz_0/inst/mmcm_adv_inst/CLKOUT0
                         net (fo=1, routed)           0.486    -1.165    u_clock_and_reset/clk_wiz_0/inst/clk_out1_clk_wiz_0
    BUFGCTRL_X0Y1        BUFG (Prop_bufg_I_O)         0.026    -1.139 r  u_clock_and_reset/clk_wiz_0/inst/clkout1_buf/O
                         net (fo=64, routed)          0.552    -0.587    u_ddr3/u_mig/u_mig_7series_0_mig/u_ddr3_infrastructure/CLK
    PLLE2_ADV_X1Y1       PLLE2_ADV (Prop_plle2_adv_CLKIN1_CLKOUT1)
                                                      0.050    -0.537 r  u_ddr3/u_mig/u_mig_7series_0_mig/u_ddr3_infrastructure/plle2_i/CLKOUT1
                         net (fo=7, routed)           0.190    -0.347    u_ddr3/u_mig/u_mig_7series_0_mig/u_memc_ui_top_axi/mem_intfc0/ddr_phy_top0/u_ddr_mc_phy_wrapper/u_ddr_mc_phy/ddr_phy_4lanes_0.u_ddr_phy_4lanes/ddr_byte_lane_B.ddr_byte_lane_B/mem_refclk
    PHASER_OUT_PHY_X1Y5  PHASER_OUT_PHY (Prop_phaser_out_phy_MEMREFCLK_OCLK)
                                                      1.813     1.466 r  u_ddr3/u_mig/u_mig_7series_0_mig/u_memc_ui_top_axi/mem_intfc0/ddr_phy_top0/u_ddr_mc_phy_wrapper/u_ddr_mc_phy/ddr_phy_4lanes_0.u_ddr_phy_4lanes/ddr_byte_lane_B.ddr_byte_lane_B/phaser_out/OCLK
  -------------------------------------------------------------------    -------------------
    PHASER_OUT_PHY_X1Y5  PHASER_OUT_PHY (Prop_phaser_out_phy_OCLK_OSERDESRST)
                                                      0.272     1.738 r  u_ddr3/u_mig/u_mig_7series_0_mig/u_memc_ui_top_axi/mem_intfc0/ddr_phy_top0/u_ddr_mc_phy_wrapper/u_ddr_mc_phy/ddr_phy_4lanes_0.u_ddr_phy_4lanes/ddr_byte_lane_B.ddr_byte_lane_B/phaser_out/OSERDESRST
                         net (fo=12, routed)          0.629     2.367    u_ddr3/u_mig/u_mig_7series_0_mig/u_memc_ui_top_axi/mem_intfc0/ddr_phy_top0/u_ddr_mc_phy_wrapper/u_ddr_mc_phy/ddr_phy_4lanes_0.u_ddr_phy_4lanes/ddr_byte_lane_B.ddr_byte_lane_B/ddr_byte_group_io/po_oserdes_rst
    OLOGIC_X1Y67         OSERDESE2                                    r  u_ddr3/u_mig/u_mig_7series_0_mig/u_memc_ui_top_axi/mem_intfc0/ddr_phy_top0/u_ddr_mc_phy_wrapper/u_ddr_mc_phy/ddr_phy_4lanes_0.u_ddr_phy_4lanes/ddr_byte_lane_B.ddr_byte_lane_B/ddr_byte_group_io/output_[4].oserdes_dq_.sdr.oserdes_dq_i/RST
  -------------------------------------------------------------------    -------------------

                         (clock oserdes_clkdiv_1 rise edge)
                                                      0.000     0.000 r  
    R4                                                0.000     0.000 r  sys_clk (IN)
                         net (fo=0)                   0.000     0.000    u_clock_and_reset/clk_wiz_0/inst/clk_in1
    R4                   IBUF (Prop_ibuf_I_O)         0.457     0.457 r  u_clock_and_reset/clk_wiz_0/inst/clkin1_ibufg/O
                         net (fo=1, routed)           0.480     0.937    u_clock_and_reset/clk_wiz_0/inst/clk_in1_clk_wiz_0
    MMCME2_ADV_X1Y0      MMCME2_ADV (Prop_mmcme2_adv_CLKIN1_CLKOUT0)
                                                     -3.142    -2.205 r  u_clock_and_reset/clk_wiz_0/inst/mmcm_adv_inst/CLKOUT0
                         net (fo=1, routed)           0.530    -1.676    u_clock_and_reset/clk_wiz_0/inst/clk_out1_clk_wiz_0
    BUFGCTRL_X0Y1        BUFG (Prop_bufg_I_O)         0.029    -1.647 r  u_clock_and_reset/clk_wiz_0/inst/clkout1_buf/O
                         net (fo=64, routed)          0.820    -0.827    u_ddr3/u_mig/u_mig_7series_0_mig/u_ddr3_infrastructure/CLK
    PLLE2_ADV_X1Y1       PLLE2_ADV (Prop_plle2_adv_CLKIN1_CLKOUT1)
                                                      0.053    -0.774 r  u_ddr3/u_mig/u_mig_7series_0_mig/u_ddr3_infrastructure/plle2_i/CLKOUT1
                         net (fo=7, routed)           0.209    -0.565    u_ddr3/u_mig/u_mig_7series_0_mig/u_memc_ui_top_axi/mem_intfc0/ddr_phy_top0/u_ddr_mc_phy_wrapper/u_ddr_mc_phy/ddr_phy_4lanes_0.u_ddr_phy_4lanes/ddr_byte_lane_B.ddr_byte_lane_B/mem_refclk
    PHASER_OUT_PHY_X1Y5  PHASER_OUT_PHY (Prop_phaser_out_phy_MEMREFCLK_OCLK)
                                                      1.858     1.293 r  u_ddr3/u_mig/u_mig_7series_0_mig/u_memc_ui_top_axi/mem_intfc0/ddr_phy_top0/u_ddr_mc_phy_wrapper/u_ddr_mc_phy/ddr_phy_4lanes_0.u_ddr_phy_4lanes/ddr_byte_lane_B.ddr_byte_lane_B/phaser_out/OCLK
    PHASER_OUT_PHY_X1Y5  PHASER_OUT_PHY (Prop_phaser_out_phy_OCLK_OCLKDIV)
                                                      0.088     1.381 r  u_ddr3/u_mig/u_mig_7series_0_mig/u_memc_ui_top_axi/mem_intfc0/ddr_phy_top0/u_ddr_mc_phy_wrapper/u_ddr_mc_phy/ddr_phy_4lanes_0.u_ddr_phy_4lanes/ddr_byte_lane_B.ddr_byte_lane_B/phaser_out/OCLKDIV
                         net (fo=13, routed)          0.174     1.555    u_ddr3/u_mig/u_mig_7series_0_mig/u_memc_ui_top_axi/mem_intfc0/ddr_phy_top0/u_ddr_mc_phy_wrapper/u_ddr_mc_phy/ddr_phy_4lanes_0.u_ddr_phy_4lanes/ddr_byte_lane_B.ddr_byte_lane_B/ddr_byte_group_io/oserdes_clkdiv
    OLOGIC_X1Y67         OSERDESE2                                    r  u_ddr3/u_mig/u_mig_7series_0_mig/u_memc_ui_top_axi/mem_intfc0/ddr_phy_top0/u_ddr_mc_phy_wrapper/u_ddr_mc_phy/ddr_phy_4lanes_0.u_ddr_phy_4lanes/ddr_byte_lane_B.ddr_byte_lane_B/ddr_byte_group_io/output_[4].oserdes_dq_.sdr.oserdes_dq_i/CLKDIV
                         clock pessimism              0.173     1.728    
    OLOGIC_X1Y67         OSERDESE2 (Hold_oserdese2_CLKDIV_RST)
                                                      0.559     2.287    u_ddr3/u_mig/u_mig_7series_0_mig/u_memc_ui_top_axi/mem_intfc0/ddr_phy_top0/u_ddr_mc_phy_wrapper/u_ddr_mc_phy/ddr_phy_4lanes_0.u_ddr_phy_4lanes/ddr_byte_lane_B.ddr_byte_lane_B/ddr_byte_group_io/output_[4].oserdes_dq_.sdr.oserdes_dq_i
  -------------------------------------------------------------------
                         required time                         -2.287    
                         arrival time                           2.367    
  -------------------------------------------------------------------
                         slack                                  0.080    





---------------------------------------------------------------------------------------------------
From Clock:  oserdes_clk_2
  To Clock:  oserdes_clkdiv_2

Setup :            0  Failing Endpoints,  Worst Slack        1.699ns,  Total Violation        0.000ns
Hold  :            0  Failing Endpoints,  Worst Slack        0.095ns,  Total Violation        0.000ns
---------------------------------------------------------------------------------------------------


Max Delay Paths
--------------------------------------------------------------------------------------
Slack (MET) :             1.699ns  (required time - arrival time)
  Source:                 u_ddr3/u_mig/u_mig_7series_0_mig/u_memc_ui_top_axi/mem_intfc0/ddr_phy_top0/u_ddr_mc_phy_wrapper/u_ddr_mc_phy/ddr_phy_4lanes_0.u_ddr_phy_4lanes/ddr_byte_lane_C.ddr_byte_lane_C/phaser_out/OCLK
                            (rising edge-triggered cell PHASER_OUT_PHY clocked by oserdes_clk_2  {rise@0.000ns fall@1.250ns period=2.500ns})
  Destination:            u_ddr3/u_mig/u_mig_7series_0_mig/u_memc_ui_top_axi/mem_intfc0/ddr_phy_top0/u_ddr_mc_phy_wrapper/u_ddr_mc_phy/ddr_phy_4lanes_0.u_ddr_phy_4lanes/ddr_byte_lane_C.ddr_byte_lane_C/out_fifo/RDEN
                            (rising edge-triggered cell OUT_FIFO clocked by oserdes_clkdiv_2  {rise@0.000ns fall@2.500ns period=5.000ns})
  Path Group:             oserdes_clkdiv_2
  Path Type:              Setup (Max at Slow Process Corner)
  Requirement:            2.500ns  (oserdes_clkdiv_2 rise@5.000ns - oserdes_clk_2 rise@2.500ns)
  Data Path Delay:        0.301ns  (logic 0.301ns (100.000%)  route 0.000ns (0.000%))
  Logic Levels:           0  
  Clock Path Skew:        0.133ns (DCD - SCD + CPR)
    Destination Clock Delay (DCD):    1.761ns = ( 6.761 - 5.000 ) 
    Source Clock Delay      (SCD):    2.154ns = ( 4.654 - 2.500 ) 
    Clock Pessimism Removal (CPR):    0.526ns
  Clock Uncertainty:      0.060ns  ((TSJ^2 + DJ^2)^1/2) / 2 + PE
    Total System Jitter     (TSJ):    0.071ns
    Discrete Jitter          (DJ):    0.096ns
    Phase Error              (PE):    0.000ns

    Location             Delay type                Incr(ns)  Path(ns)    Netlist Resource(s)
  -------------------------------------------------------------------    -------------------
                         (clock oserdes_clk_2 rise edge)
                                                      2.500     2.500 r  
    R4                                                0.000     2.500 r  sys_clk (IN)
                         net (fo=0)                   0.000     2.500    u_clock_and_reset/clk_wiz_0/inst/clk_in1
    R4                   IBUF (Prop_ibuf_I_O)         1.432     3.932 r  u_clock_and_reset/clk_wiz_0/inst/clkin1_ibufg/O
                         net (fo=1, routed)           1.065     4.997    u_clock_and_reset/clk_wiz_0/inst/clk_in1_clk_wiz_0
    MMCME2_ADV_X1Y0      MMCME2_ADV (Prop_mmcme2_adv_CLKIN1_CLKOUT0)
                                                     -5.921    -0.924 r  u_clock_and_reset/clk_wiz_0/inst/mmcm_adv_inst/CLKOUT0
                         net (fo=1, routed)           1.421     0.496    u_clock_and_reset/clk_wiz_0/inst/clk_out1_clk_wiz_0
    BUFGCTRL_X0Y1        BUFG (Prop_bufg_I_O)         0.081     0.577 r  u_clock_and_reset/clk_wiz_0/inst/clkout1_buf/O
                         net (fo=64, routed)          1.394     1.972    u_ddr3/u_mig/u_mig_7series_0_mig/u_ddr3_infrastructure/CLK
    PLLE2_ADV_X1Y1       PLLE2_ADV (Prop_plle2_adv_CLKIN1_CLKOUT1)
                                                      0.077     2.049 r  u_ddr3/u_mig/u_mig_7series_0_mig/u_ddr3_infrastructure/plle2_i/CLKOUT1
                         net (fo=7, routed)           0.522     2.571    u_ddr3/u_mig/u_mig_7series_0_mig/u_memc_ui_top_axi/mem_intfc0/ddr_phy_top0/u_ddr_mc_phy_wrapper/u_ddr_mc_phy/ddr_phy_4lanes_0.u_ddr_phy_4lanes/ddr_byte_lane_C.ddr_byte_lane_C/mem_refclk
    PHASER_OUT_PHY_X1Y6  PHASER_OUT_PHY (Prop_phaser_out_phy_MEMREFCLK_OCLK)
                                                      2.083     4.654 r  u_ddr3/u_mig/u_mig_7series_0_mig/u_memc_ui_top_axi/mem_intfc0/ddr_phy_top0/u_ddr_mc_phy_wrapper/u_ddr_mc_phy/ddr_phy_4lanes_0.u_ddr_phy_4lanes/ddr_byte_lane_C.ddr_byte_lane_C/phaser_out/OCLK
  -------------------------------------------------------------------    -------------------
    PHASER_OUT_PHY_X1Y6  PHASER_OUT_PHY (Prop_phaser_out_phy_OCLK_RDENABLE)
                                                      0.301     4.955 r  u_ddr3/u_mig/u_mig_7series_0_mig/u_memc_ui_top_axi/mem_intfc0/ddr_phy_top0/u_ddr_mc_phy_wrapper/u_ddr_mc_phy/ddr_phy_4lanes_0.u_ddr_phy_4lanes/ddr_byte_lane_C.ddr_byte_lane_C/phaser_out/RDENABLE
                         net (fo=1, routed)           0.000     4.955    u_ddr3/u_mig/u_mig_7series_0_mig/u_memc_ui_top_axi/mem_intfc0/ddr_phy_top0/u_ddr_mc_phy_wrapper/u_ddr_mc_phy/ddr_phy_4lanes_0.u_ddr_phy_4lanes/ddr_byte_lane_C.ddr_byte_lane_C/po_rd_enable
    OUT_FIFO_X1Y6        OUT_FIFO                                     r  u_ddr3/u_mig/u_mig_7series_0_mig/u_memc_ui_top_axi/mem_intfc0/ddr_phy_top0/u_ddr_mc_phy_wrapper/u_ddr_mc_phy/ddr_phy_4lanes_0.u_ddr_phy_4lanes/ddr_byte_lane_C.ddr_byte_lane_C/out_fifo/RDEN
  -------------------------------------------------------------------    -------------------

                         (clock oserdes_clkdiv_2 rise edge)
                                                      5.000     5.000 r  
    R4                                                0.000     5.000 r  sys_clk (IN)
                         net (fo=0)                   0.000     5.000    u_clock_and_reset/clk_wiz_0/inst/clk_in1
    R4                   IBUF (Prop_ibuf_I_O)         1.366     6.366 r  u_clock_and_reset/clk_wiz_0/inst/clkin1_ibufg/O
                         net (fo=1, routed)           1.004     7.369    u_clock_and_reset/clk_wiz_0/inst/clk_in1_clk_wiz_0
    MMCME2_ADV_X1Y0      MMCME2_ADV (Prop_mmcme2_adv_CLKIN1_CLKOUT0)
                                                     -6.057     1.312 r  u_clock_and_reset/clk_wiz_0/inst/mmcm_adv_inst/CLKOUT0
                         net (fo=1, routed)           1.352     2.665    u_clock_and_reset/clk_wiz_0/inst/clk_out1_clk_wiz_0
    BUFGCTRL_X0Y1        BUFG (Prop_bufg_I_O)         0.077     2.742 r  u_clock_and_reset/clk_wiz_0/inst/clkout1_buf/O
                         net (fo=64, routed)          1.290     4.032    u_ddr3/u_mig/u_mig_7series_0_mig/u_ddr3_infrastructure/CLK
    PLLE2_ADV_X1Y1       PLLE2_ADV (Prop_plle2_adv_CLKIN1_CLKOUT1)
                                                      0.073     4.105 r  u_ddr3/u_mig/u_mig_7series_0_mig/u_ddr3_infrastructure/plle2_i/CLKOUT1
                         net (fo=7, routed)           0.496     4.601    u_ddr3/u_mig/u_mig_7series_0_mig/u_memc_ui_top_axi/mem_intfc0/ddr_phy_top0/u_ddr_mc_phy_wrapper/u_ddr_mc_phy/ddr_phy_4lanes_0.u_ddr_phy_4lanes/ddr_byte_lane_C.ddr_byte_lane_C/mem_refclk
    PHASER_OUT_PHY_X1Y6  PHASER_OUT_PHY (Prop_phaser_out_phy_MEMREFCLK_OCLK)
                                                      2.027     6.628 r  u_ddr3/u_mig/u_mig_7series_0_mig/u_memc_ui_top_axi/mem_intfc0/ddr_phy_top0/u_ddr_mc_phy_wrapper/u_ddr_mc_phy/ddr_phy_4lanes_0.u_ddr_phy_4lanes/ddr_byte_lane_C.ddr_byte_lane_C/phaser_out/OCLK
    PHASER_OUT_PHY_X1Y6  PHASER_OUT_PHY (Prop_phaser_out_phy_OCLK_OCLKDIV)
                                                      0.133     6.761 r  u_ddr3/u_mig/u_mig_7series_0_mig/u_memc_ui_top_axi/mem_intfc0/ddr_phy_top0/u_ddr_mc_phy_wrapper/u_ddr_mc_phy/ddr_phy_4lanes_0.u_ddr_phy_4lanes/ddr_byte_lane_C.ddr_byte_lane_C/phaser_out/OCLKDIV
                         net (fo=11, routed)          0.000     6.761    u_ddr3/u_mig/u_mig_7series_0_mig/u_memc_ui_top_axi/mem_intfc0/ddr_phy_top0/u_ddr_mc_phy_wrapper/u_ddr_mc_phy/ddr_phy_4lanes_0.u_ddr_phy_4lanes/ddr_byte_lane_C.ddr_byte_lane_C/oserdes_clkdiv
    OUT_FIFO_X1Y6        OUT_FIFO                                     r  u_ddr3/u_mig/u_mig_7series_0_mig/u_memc_ui_top_axi/mem_intfc0/ddr_phy_top0/u_ddr_mc_phy_wrapper/u_ddr_mc_phy/ddr_phy_4lanes_0.u_ddr_phy_4lanes/ddr_byte_lane_C.ddr_byte_lane_C/out_fifo/RDCLK
                         clock pessimism              0.526     7.287    
                         clock uncertainty           -0.060     7.227    
    OUT_FIFO_X1Y6        OUT_FIFO (Setup_out_fifo_RDCLK_RDEN)
                                                     -0.573     6.654    u_ddr3/u_mig/u_mig_7series_0_mig/u_memc_ui_top_axi/mem_intfc0/ddr_phy_top0/u_ddr_mc_phy_wrapper/u_ddr_mc_phy/ddr_phy_4lanes_0.u_ddr_phy_4lanes/ddr_byte_lane_C.ddr_byte_lane_C/out_fifo
  -------------------------------------------------------------------
                         required time                          6.654    
                         arrival time                          -4.955    
  -------------------------------------------------------------------
                         slack                                  1.699    





Min Delay Paths
--------------------------------------------------------------------------------------
Slack (MET) :             0.095ns  (arrival time - required time)
  Source:                 u_ddr3/u_mig/u_mig_7series_0_mig/u_memc_ui_top_axi/mem_intfc0/ddr_phy_top0/u_ddr_mc_phy_wrapper/u_ddr_mc_phy/ddr_phy_4lanes_0.u_ddr_phy_4lanes/ddr_byte_lane_C.ddr_byte_lane_C/phaser_out/OCLK
                            (rising edge-triggered cell PHASER_OUT_PHY clocked by oserdes_clk_2  {rise@0.000ns fall@1.250ns period=2.500ns})
  Destination:            u_ddr3/u_mig/u_mig_7series_0_mig/u_memc_ui_top_axi/mem_intfc0/ddr_phy_top0/u_ddr_mc_phy_wrapper/u_ddr_mc_phy/ddr_phy_4lanes_0.u_ddr_phy_4lanes/ddr_byte_lane_C.ddr_byte_lane_C/out_fifo/RDEN
                            (rising edge-triggered cell OUT_FIFO clocked by oserdes_clkdiv_2  {rise@0.000ns fall@2.500ns period=5.000ns})
  Path Group:             oserdes_clkdiv_2
  Path Type:              Hold (Min at Fast Process Corner)
  Requirement:            0.000ns  (oserdes_clkdiv_2 rise@0.000ns - oserdes_clk_2 rise@0.000ns)
  Data Path Delay:        0.172ns  (logic 0.172ns (100.000%)  route 0.000ns (0.000%))
  Logic Levels:           0  
  Clock Path Skew:        0.088ns (DCD - SCD - CPR)
    Destination Clock Delay (DCD):    1.390ns
    Source Clock Delay      (SCD):    1.473ns
    Clock Pessimism Removal (CPR):    -0.171ns

    Location             Delay type                Incr(ns)  Path(ns)    Netlist Resource(s)
  -------------------------------------------------------------------    -------------------
                         (clock oserdes_clk_2 rise edge)
                                                      0.000     0.000 r  
    R4                                                0.000     0.000 r  sys_clk (IN)
                         net (fo=0)                   0.000     0.000    u_clock_and_reset/clk_wiz_0/inst/clk_in1
    R4                   IBUF (Prop_ibuf_I_O)         0.269     0.269 r  u_clock_and_reset/clk_wiz_0/inst/clkin1_ibufg/O
                         net (fo=1, routed)           0.440     0.709    u_clock_and_reset/clk_wiz_0/inst/clk_in1_clk_wiz_0
    MMCME2_ADV_X1Y0      MMCME2_ADV (Prop_mmcme2_adv_CLKIN1_CLKOUT0)
                                                     -2.360    -1.651 r  u_clock_and_reset/clk_wiz_0/inst/mmcm_adv_inst/CLKOUT0
                         net (fo=1, routed)           0.486    -1.165    u_clock_and_reset/clk_wiz_0/inst/clk_out1_clk_wiz_0
    BUFGCTRL_X0Y1        BUFG (Prop_bufg_I_O)         0.026    -1.139 r  u_clock_and_reset/clk_wiz_0/inst/clkout1_buf/O
                         net (fo=64, routed)          0.552    -0.587    u_ddr3/u_mig/u_mig_7series_0_mig/u_ddr3_infrastructure/CLK
    PLLE2_ADV_X1Y1       PLLE2_ADV (Prop_plle2_adv_CLKIN1_CLKOUT1)
                                                      0.050    -0.537 r  u_ddr3/u_mig/u_mig_7series_0_mig/u_ddr3_infrastructure/plle2_i/CLKOUT1
                         net (fo=7, routed)           0.197    -0.340    u_ddr3/u_mig/u_mig_7series_0_mig/u_memc_ui_top_axi/mem_intfc0/ddr_phy_top0/u_ddr_mc_phy_wrapper/u_ddr_mc_phy/ddr_phy_4lanes_0.u_ddr_phy_4lanes/ddr_byte_lane_C.ddr_byte_lane_C/mem_refclk
    PHASER_OUT_PHY_X1Y6  PHASER_OUT_PHY (Prop_phaser_out_phy_MEMREFCLK_OCLK)
                                                      1.813     1.473 r  u_ddr3/u_mig/u_mig_7series_0_mig/u_memc_ui_top_axi/mem_intfc0/ddr_phy_top0/u_ddr_mc_phy_wrapper/u_ddr_mc_phy/ddr_phy_4lanes_0.u_ddr_phy_4lanes/ddr_byte_lane_C.ddr_byte_lane_C/phaser_out/OCLK
  -------------------------------------------------------------------    -------------------
    PHASER_OUT_PHY_X1Y6  PHASER_OUT_PHY (Prop_phaser_out_phy_OCLK_RDENABLE)
                                                      0.172     1.645 r  u_ddr3/u_mig/u_mig_7series_0_mig/u_memc_ui_top_axi/mem_intfc0/ddr_phy_top0/u_ddr_mc_phy_wrapper/u_ddr_mc_phy/ddr_phy_4lanes_0.u_ddr_phy_4lanes/ddr_byte_lane_C.ddr_byte_lane_C/phaser_out/RDENABLE
                         net (fo=1, routed)           0.000     1.645    u_ddr3/u_mig/u_mig_7series_0_mig/u_memc_ui_top_axi/mem_intfc0/ddr_phy_top0/u_ddr_mc_phy_wrapper/u_ddr_mc_phy/ddr_phy_4lanes_0.u_ddr_phy_4lanes/ddr_byte_lane_C.ddr_byte_lane_C/po_rd_enable
    OUT_FIFO_X1Y6        OUT_FIFO                                     r  u_ddr3/u_mig/u_mig_7series_0_mig/u_memc_ui_top_axi/mem_intfc0/ddr_phy_top0/u_ddr_mc_phy_wrapper/u_ddr_mc_phy/ddr_phy_4lanes_0.u_ddr_phy_4lanes/ddr_byte_lane_C.ddr_byte_lane_C/out_fifo/RDEN
  -------------------------------------------------------------------    -------------------

                         (clock oserdes_clkdiv_2 rise edge)
                                                      0.000     0.000 r  
    R4                                                0.000     0.000 r  sys_clk (IN)
                         net (fo=0)                   0.000     0.000    u_clock_and_reset/clk_wiz_0/inst/clk_in1
    R4                   IBUF (Prop_ibuf_I_O)         0.457     0.457 r  u_clock_and_reset/clk_wiz_0/inst/clkin1_ibufg/O
                         net (fo=1, routed)           0.480     0.937    u_clock_and_reset/clk_wiz_0/inst/clk_in1_clk_wiz_0
    MMCME2_ADV_X1Y0      MMCME2_ADV (Prop_mmcme2_adv_CLKIN1_CLKOUT0)
                                                     -3.142    -2.205 r  u_clock_and_reset/clk_wiz_0/inst/mmcm_adv_inst/CLKOUT0
                         net (fo=1, routed)           0.530    -1.676    u_clock_and_reset/clk_wiz_0/inst/clk_out1_clk_wiz_0
    BUFGCTRL_X0Y1        BUFG (Prop_bufg_I_O)         0.029    -1.647 r  u_clock_and_reset/clk_wiz_0/inst/clkout1_buf/O
                         net (fo=64, routed)          0.820    -0.827    u_ddr3/u_mig/u_mig_7series_0_mig/u_ddr3_infrastructure/CLK
    PLLE2_ADV_X1Y1       PLLE2_ADV (Prop_plle2_adv_CLKIN1_CLKOUT1)
                                                      0.053    -0.774 r  u_ddr3/u_mig/u_mig_7series_0_mig/u_ddr3_infrastructure/plle2_i/CLKOUT1
                         net (fo=7, routed)           0.218    -0.556    u_ddr3/u_mig/u_mig_7series_0_mig/u_memc_ui_top_axi/mem_intfc0/ddr_phy_top0/u_ddr_mc_phy_wrapper/u_ddr_mc_phy/ddr_phy_4lanes_0.u_ddr_phy_4lanes/ddr_byte_lane_C.ddr_byte_lane_C/mem_refclk
    PHASER_OUT_PHY_X1Y6  PHASER_OUT_PHY (Prop_phaser_out_phy_MEMREFCLK_OCLK)
                                                      1.858     1.302 r  u_ddr3/u_mig/u_mig_7series_0_mig/u_memc_ui_top_axi/mem_intfc0/ddr_phy_top0/u_ddr_mc_phy_wrapper/u_ddr_mc_phy/ddr_phy_4lanes_0.u_ddr_phy_4lanes/ddr_byte_lane_C.ddr_byte_lane_C/phaser_out/OCLK
    PHASER_OUT_PHY_X1Y6  PHASER_OUT_PHY (Prop_phaser_out_phy_OCLK_OCLKDIV)
                                                      0.088     1.390 r  u_ddr3/u_mig/u_mig_7series_0_mig/u_memc_ui_top_axi/mem_intfc0/ddr_phy_top0/u_ddr_mc_phy_wrapper/u_ddr_mc_phy/ddr_phy_4lanes_0.u_ddr_phy_4lanes/ddr_byte_lane_C.ddr_byte_lane_C/phaser_out/OCLKDIV
                         net (fo=11, routed)          0.000     1.390    u_ddr3/u_mig/u_mig_7series_0_mig/u_memc_ui_top_axi/mem_intfc0/ddr_phy_top0/u_ddr_mc_phy_wrapper/u_ddr_mc_phy/ddr_phy_4lanes_0.u_ddr_phy_4lanes/ddr_byte_lane_C.ddr_byte_lane_C/oserdes_clkdiv
    OUT_FIFO_X1Y6        OUT_FIFO                                     r  u_ddr3/u_mig/u_mig_7series_0_mig/u_memc_ui_top_axi/mem_intfc0/ddr_phy_top0/u_ddr_mc_phy_wrapper/u_ddr_mc_phy/ddr_phy_4lanes_0.u_ddr_phy_4lanes/ddr_byte_lane_C.ddr_byte_lane_C/out_fifo/RDCLK
                         clock pessimism              0.171     1.561    
    OUT_FIFO_X1Y6        OUT_FIFO (Hold_out_fifo_RDCLK_RDEN)
                                                     -0.011     1.550    u_ddr3/u_mig/u_mig_7series_0_mig/u_memc_ui_top_axi/mem_intfc0/ddr_phy_top0/u_ddr_mc_phy_wrapper/u_ddr_mc_phy/ddr_phy_4lanes_0.u_ddr_phy_4lanes/ddr_byte_lane_C.ddr_byte_lane_C/out_fifo
  -------------------------------------------------------------------
                         required time                         -1.550    
                         arrival time                           1.645    
  -------------------------------------------------------------------
                         slack                                  0.095    





---------------------------------------------------------------------------------------------------
From Clock:  oserdes_clk_3
  To Clock:  oserdes_clkdiv_3

Setup :            0  Failing Endpoints,  Worst Slack        1.699ns,  Total Violation        0.000ns
Hold  :            0  Failing Endpoints,  Worst Slack        0.095ns,  Total Violation        0.000ns
---------------------------------------------------------------------------------------------------


Max Delay Paths
--------------------------------------------------------------------------------------
Slack (MET) :             1.699ns  (required time - arrival time)
  Source:                 u_ddr3/u_mig/u_mig_7series_0_mig/u_memc_ui_top_axi/mem_intfc0/ddr_phy_top0/u_ddr_mc_phy_wrapper/u_ddr_mc_phy/ddr_phy_4lanes_0.u_ddr_phy_4lanes/ddr_byte_lane_D.ddr_byte_lane_D/phaser_out/OCLK
                            (rising edge-triggered cell PHASER_OUT_PHY clocked by oserdes_clk_3  {rise@0.000ns fall@1.250ns period=2.500ns})
  Destination:            u_ddr3/u_mig/u_mig_7series_0_mig/u_memc_ui_top_axi/mem_intfc0/ddr_phy_top0/u_ddr_mc_phy_wrapper/u_ddr_mc_phy/ddr_phy_4lanes_0.u_ddr_phy_4lanes/ddr_byte_lane_D.ddr_byte_lane_D/out_fifo/RDEN
                            (rising edge-triggered cell OUT_FIFO clocked by oserdes_clkdiv_3  {rise@0.000ns fall@2.500ns period=5.000ns})
  Path Group:             oserdes_clkdiv_3
  Path Type:              Setup (Max at Slow Process Corner)
  Requirement:            2.500ns  (oserdes_clkdiv_3 rise@5.000ns - oserdes_clk_3 rise@2.500ns)
  Data Path Delay:        0.301ns  (logic 0.301ns (100.000%)  route 0.000ns (0.000%))
  Logic Levels:           0  
  Clock Path Skew:        0.133ns (DCD - SCD + CPR)
    Destination Clock Delay (DCD):    1.751ns = ( 6.751 - 5.000 ) 
    Source Clock Delay      (SCD):    2.143ns = ( 4.643 - 2.500 ) 
    Clock Pessimism Removal (CPR):    0.525ns
  Clock Uncertainty:      0.060ns  ((TSJ^2 + DJ^2)^1/2) / 2 + PE
    Total System Jitter     (TSJ):    0.071ns
    Discrete Jitter          (DJ):    0.096ns
    Phase Error              (PE):    0.000ns

    Location             Delay type                Incr(ns)  Path(ns)    Netlist Resource(s)
  -------------------------------------------------------------------    -------------------
                         (clock oserdes_clk_3 rise edge)
                                                      2.500     2.500 r  
    R4                                                0.000     2.500 r  sys_clk (IN)
                         net (fo=0)                   0.000     2.500    u_clock_and_reset/clk_wiz_0/inst/clk_in1
    R4                   IBUF (Prop_ibuf_I_O)         1.432     3.932 r  u_clock_and_reset/clk_wiz_0/inst/clkin1_ibufg/O
                         net (fo=1, routed)           1.065     4.997    u_clock_and_reset/clk_wiz_0/inst/clk_in1_clk_wiz_0
    MMCME2_ADV_X1Y0      MMCME2_ADV (Prop_mmcme2_adv_CLKIN1_CLKOUT0)
                                                     -5.921    -0.924 r  u_clock_and_reset/clk_wiz_0/inst/mmcm_adv_inst/CLKOUT0
                         net (fo=1, routed)           1.421     0.496    u_clock_and_reset/clk_wiz_0/inst/clk_out1_clk_wiz_0
    BUFGCTRL_X0Y1        BUFG (Prop_bufg_I_O)         0.081     0.577 r  u_clock_and_reset/clk_wiz_0/inst/clkout1_buf/O
                         net (fo=64, routed)          1.394     1.972    u_ddr3/u_mig/u_mig_7series_0_mig/u_ddr3_infrastructure/CLK
    PLLE2_ADV_X1Y1       PLLE2_ADV (Prop_plle2_adv_CLKIN1_CLKOUT1)
                                                      0.077     2.049 r  u_ddr3/u_mig/u_mig_7series_0_mig/u_ddr3_infrastructure/plle2_i/CLKOUT1
                         net (fo=7, routed)           0.511     2.560    u_ddr3/u_mig/u_mig_7series_0_mig/u_memc_ui_top_axi/mem_intfc0/ddr_phy_top0/u_ddr_mc_phy_wrapper/u_ddr_mc_phy/ddr_phy_4lanes_0.u_ddr_phy_4lanes/ddr_byte_lane_D.ddr_byte_lane_D/mem_refclk
    PHASER_OUT_PHY_X1Y7  PHASER_OUT_PHY (Prop_phaser_out_phy_MEMREFCLK_OCLK)
                                                      2.083     4.643 r  u_ddr3/u_mig/u_mig_7series_0_mig/u_memc_ui_top_axi/mem_intfc0/ddr_phy_top0/u_ddr_mc_phy_wrapper/u_ddr_mc_phy/ddr_phy_4lanes_0.u_ddr_phy_4lanes/ddr_byte_lane_D.ddr_byte_lane_D/phaser_out/OCLK
  -------------------------------------------------------------------    -------------------
    PHASER_OUT_PHY_X1Y7  PHASER_OUT_PHY (Prop_phaser_out_phy_OCLK_RDENABLE)
                                                      0.301     4.944 r  u_ddr3/u_mig/u_mig_7series_0_mig/u_memc_ui_top_axi/mem_intfc0/ddr_phy_top0/u_ddr_mc_phy_wrapper/u_ddr_mc_phy/ddr_phy_4lanes_0.u_ddr_phy_4lanes/ddr_byte_lane_D.ddr_byte_lane_D/phaser_out/RDENABLE
                         net (fo=1, routed)           0.000     4.944    u_ddr3/u_mig/u_mig_7series_0_mig/u_memc_ui_top_axi/mem_intfc0/ddr_phy_top0/u_ddr_mc_phy_wrapper/u_ddr_mc_phy/ddr_phy_4lanes_0.u_ddr_phy_4lanes/ddr_byte_lane_D.ddr_byte_lane_D/po_rd_enable
    OUT_FIFO_X1Y7        OUT_FIFO                                     r  u_ddr3/u_mig/u_mig_7series_0_mig/u_memc_ui_top_axi/mem_intfc0/ddr_phy_top0/u_ddr_mc_phy_wrapper/u_ddr_mc_phy/ddr_phy_4lanes_0.u_ddr_phy_4lanes/ddr_byte_lane_D.ddr_byte_lane_D/out_fifo/RDEN
  -------------------------------------------------------------------    -------------------

                         (clock oserdes_clkdiv_3 rise edge)
                                                      5.000     5.000 r  
    R4                                                0.000     5.000 r  sys_clk (IN)
                         net (fo=0)                   0.000     5.000    u_clock_and_reset/clk_wiz_0/inst/clk_in1
    R4                   IBUF (Prop_ibuf_I_O)         1.366     6.366 r  u_clock_and_reset/clk_wiz_0/inst/clkin1_ibufg/O
                         net (fo=1, routed)           1.004     7.369    u_clock_and_reset/clk_wiz_0/inst/clk_in1_clk_wiz_0
    MMCME2_ADV_X1Y0      MMCME2_ADV (Prop_mmcme2_adv_CLKIN1_CLKOUT0)
                                                     -6.057     1.312 r  u_clock_and_reset/clk_wiz_0/inst/mmcm_adv_inst/CLKOUT0
                         net (fo=1, routed)           1.352     2.665    u_clock_and_reset/clk_wiz_0/inst/clk_out1_clk_wiz_0
    BUFGCTRL_X0Y1        BUFG (Prop_bufg_I_O)         0.077     2.742 r  u_clock_and_reset/clk_wiz_0/inst/clkout1_buf/O
                         net (fo=64, routed)          1.290     4.032    u_ddr3/u_mig/u_mig_7series_0_mig/u_ddr3_infrastructure/CLK
    PLLE2_ADV_X1Y1       PLLE2_ADV (Prop_plle2_adv_CLKIN1_CLKOUT1)
                                                      0.073     4.105 r  u_ddr3/u_mig/u_mig_7series_0_mig/u_ddr3_infrastructure/plle2_i/CLKOUT1
                         net (fo=7, routed)           0.486     4.591    u_ddr3/u_mig/u_mig_7series_0_mig/u_memc_ui_top_axi/mem_intfc0/ddr_phy_top0/u_ddr_mc_phy_wrapper/u_ddr_mc_phy/ddr_phy_4lanes_0.u_ddr_phy_4lanes/ddr_byte_lane_D.ddr_byte_lane_D/mem_refclk
    PHASER_OUT_PHY_X1Y7  PHASER_OUT_PHY (Prop_phaser_out_phy_MEMREFCLK_OCLK)
                                                      2.027     6.618 r  u_ddr3/u_mig/u_mig_7series_0_mig/u_memc_ui_top_axi/mem_intfc0/ddr_phy_top0/u_ddr_mc_phy_wrapper/u_ddr_mc_phy/ddr_phy_4lanes_0.u_ddr_phy_4lanes/ddr_byte_lane_D.ddr_byte_lane_D/phaser_out/OCLK
    PHASER_OUT_PHY_X1Y7  PHASER_OUT_PHY (Prop_phaser_out_phy_OCLK_OCLKDIV)
                                                      0.133     6.751 r  u_ddr3/u_mig/u_mig_7series_0_mig/u_memc_ui_top_axi/mem_intfc0/ddr_phy_top0/u_ddr_mc_phy_wrapper/u_ddr_mc_phy/ddr_phy_4lanes_0.u_ddr_phy_4lanes/ddr_byte_lane_D.ddr_byte_lane_D/phaser_out/OCLKDIV
                         net (fo=11, routed)          0.000     6.751    u_ddr3/u_mig/u_mig_7series_0_mig/u_memc_ui_top_axi/mem_intfc0/ddr_phy_top0/u_ddr_mc_phy_wrapper/u_ddr_mc_phy/ddr_phy_4lanes_0.u_ddr_phy_4lanes/ddr_byte_lane_D.ddr_byte_lane_D/oserdes_clkdiv
    OUT_FIFO_X1Y7        OUT_FIFO                                     r  u_ddr3/u_mig/u_mig_7series_0_mig/u_memc_ui_top_axi/mem_intfc0/ddr_phy_top0/u_ddr_mc_phy_wrapper/u_ddr_mc_phy/ddr_phy_4lanes_0.u_ddr_phy_4lanes/ddr_byte_lane_D.ddr_byte_lane_D/out_fifo/RDCLK
                         clock pessimism              0.525     7.276    
                         clock uncertainty           -0.060     7.216    
    OUT_FIFO_X1Y7        OUT_FIFO (Setup_out_fifo_RDCLK_RDEN)
                                                     -0.573     6.643    u_ddr3/u_mig/u_mig_7series_0_mig/u_memc_ui_top_axi/mem_intfc0/ddr_phy_top0/u_ddr_mc_phy_wrapper/u_ddr_mc_phy/ddr_phy_4lanes_0.u_ddr_phy_4lanes/ddr_byte_lane_D.ddr_byte_lane_D/out_fifo
  -------------------------------------------------------------------
                         required time                          6.643    
                         arrival time                          -4.944    
  -------------------------------------------------------------------
                         slack                                  1.699    





Min Delay Paths
--------------------------------------------------------------------------------------
Slack (MET) :             0.095ns  (arrival time - required time)
  Source:                 u_ddr3/u_mig/u_mig_7series_0_mig/u_memc_ui_top_axi/mem_intfc0/ddr_phy_top0/u_ddr_mc_phy_wrapper/u_ddr_mc_phy/ddr_phy_4lanes_0.u_ddr_phy_4lanes/ddr_byte_lane_D.ddr_byte_lane_D/phaser_out/OCLK
                            (rising edge-triggered cell PHASER_OUT_PHY clocked by oserdes_clk_3  {rise@0.000ns fall@1.250ns period=2.500ns})
  Destination:            u_ddr3/u_mig/u_mig_7series_0_mig/u_memc_ui_top_axi/mem_intfc0/ddr_phy_top0/u_ddr_mc_phy_wrapper/u_ddr_mc_phy/ddr_phy_4lanes_0.u_ddr_phy_4lanes/ddr_byte_lane_D.ddr_byte_lane_D/out_fifo/RDEN
                            (rising edge-triggered cell OUT_FIFO clocked by oserdes_clkdiv_3  {rise@0.000ns fall@2.500ns period=5.000ns})
  Path Group:             oserdes_clkdiv_3
  Path Type:              Hold (Min at Fast Process Corner)
  Requirement:            0.000ns  (oserdes_clkdiv_3 rise@0.000ns - oserdes_clk_3 rise@0.000ns)
  Data Path Delay:        0.172ns  (logic 0.172ns (100.000%)  route 0.000ns (0.000%))
  Logic Levels:           0  
  Clock Path Skew:        0.088ns (DCD - SCD - CPR)
    Destination Clock Delay (DCD):    1.381ns
    Source Clock Delay      (SCD):    1.466ns
    Clock Pessimism Removal (CPR):    -0.173ns

    Location             Delay type                Incr(ns)  Path(ns)    Netlist Resource(s)
  -------------------------------------------------------------------    -------------------
                         (clock oserdes_clk_3 rise edge)
                                                      0.000     0.000 r  
    R4                                                0.000     0.000 r  sys_clk (IN)
                         net (fo=0)                   0.000     0.000    u_clock_and_reset/clk_wiz_0/inst/clk_in1
    R4                   IBUF (Prop_ibuf_I_O)         0.269     0.269 r  u_clock_and_reset/clk_wiz_0/inst/clkin1_ibufg/O
                         net (fo=1, routed)           0.440     0.709    u_clock_and_reset/clk_wiz_0/inst/clk_in1_clk_wiz_0
    MMCME2_ADV_X1Y0      MMCME2_ADV (Prop_mmcme2_adv_CLKIN1_CLKOUT0)
                                                     -2.360    -1.651 r  u_clock_and_reset/clk_wiz_0/inst/mmcm_adv_inst/CLKOUT0
                         net (fo=1, routed)           0.486    -1.165    u_clock_and_reset/clk_wiz_0/inst/clk_out1_clk_wiz_0
    BUFGCTRL_X0Y1        BUFG (Prop_bufg_I_O)         0.026    -1.139 r  u_clock_and_reset/clk_wiz_0/inst/clkout1_buf/O
                         net (fo=64, routed)          0.552    -0.587    u_ddr3/u_mig/u_mig_7series_0_mig/u_ddr3_infrastructure/CLK
    PLLE2_ADV_X1Y1       PLLE2_ADV (Prop_plle2_adv_CLKIN1_CLKOUT1)
                                                      0.050    -0.537 r  u_ddr3/u_mig/u_mig_7series_0_mig/u_ddr3_infrastructure/plle2_i/CLKOUT1
                         net (fo=7, routed)           0.190    -0.347    u_ddr3/u_mig/u_mig_7series_0_mig/u_memc_ui_top_axi/mem_intfc0/ddr_phy_top0/u_ddr_mc_phy_wrapper/u_ddr_mc_phy/ddr_phy_4lanes_0.u_ddr_phy_4lanes/ddr_byte_lane_D.ddr_byte_lane_D/mem_refclk
    PHASER_OUT_PHY_X1Y7  PHASER_OUT_PHY (Prop_phaser_out_phy_MEMREFCLK_OCLK)
                                                      1.813     1.466 r  u_ddr3/u_mig/u_mig_7series_0_mig/u_memc_ui_top_axi/mem_intfc0/ddr_phy_top0/u_ddr_mc_phy_wrapper/u_ddr_mc_phy/ddr_phy_4lanes_0.u_ddr_phy_4lanes/ddr_byte_lane_D.ddr_byte_lane_D/phaser_out/OCLK
  -------------------------------------------------------------------    -------------------
    PHASER_OUT_PHY_X1Y7  PHASER_OUT_PHY (Prop_phaser_out_phy_OCLK_RDENABLE)
                                                      0.172     1.638 r  u_ddr3/u_mig/u_mig_7series_0_mig/u_memc_ui_top_axi/mem_intfc0/ddr_phy_top0/u_ddr_mc_phy_wrapper/u_ddr_mc_phy/ddr_phy_4lanes_0.u_ddr_phy_4lanes/ddr_byte_lane_D.ddr_byte_lane_D/phaser_out/RDENABLE
                         net (fo=1, routed)           0.000     1.638    u_ddr3/u_mig/u_mig_7series_0_mig/u_memc_ui_top_axi/mem_intfc0/ddr_phy_top0/u_ddr_mc_phy_wrapper/u_ddr_mc_phy/ddr_phy_4lanes_0.u_ddr_phy_4lanes/ddr_byte_lane_D.ddr_byte_lane_D/po_rd_enable
    OUT_FIFO_X1Y7        OUT_FIFO                                     r  u_ddr3/u_mig/u_mig_7series_0_mig/u_memc_ui_top_axi/mem_intfc0/ddr_phy_top0/u_ddr_mc_phy_wrapper/u_ddr_mc_phy/ddr_phy_4lanes_0.u_ddr_phy_4lanes/ddr_byte_lane_D.ddr_byte_lane_D/out_fifo/RDEN
  -------------------------------------------------------------------    -------------------

                         (clock oserdes_clkdiv_3 rise edge)
                                                      0.000     0.000 r  
    R4                                                0.000     0.000 r  sys_clk (IN)
                         net (fo=0)                   0.000     0.000    u_clock_and_reset/clk_wiz_0/inst/clk_in1
    R4                   IBUF (Prop_ibuf_I_O)         0.457     0.457 r  u_clock_and_reset/clk_wiz_0/inst/clkin1_ibufg/O
                         net (fo=1, routed)           0.480     0.937    u_clock_and_reset/clk_wiz_0/inst/clk_in1_clk_wiz_0
    MMCME2_ADV_X1Y0      MMCME2_ADV (Prop_mmcme2_adv_CLKIN1_CLKOUT0)
                                                     -3.142    -2.205 r  u_clock_and_reset/clk_wiz_0/inst/mmcm_adv_inst/CLKOUT0
                         net (fo=1, routed)           0.530    -1.676    u_clock_and_reset/clk_wiz_0/inst/clk_out1_clk_wiz_0
    BUFGCTRL_X0Y1        BUFG (Prop_bufg_I_O)         0.029    -1.647 r  u_clock_and_reset/clk_wiz_0/inst/clkout1_buf/O
                         net (fo=64, routed)          0.820    -0.827    u_ddr3/u_mig/u_mig_7series_0_mig/u_ddr3_infrastructure/CLK
    PLLE2_ADV_X1Y1       PLLE2_ADV (Prop_plle2_adv_CLKIN1_CLKOUT1)
                                                      0.053    -0.774 r  u_ddr3/u_mig/u_mig_7series_0_mig/u_ddr3_infrastructure/plle2_i/CLKOUT1
                         net (fo=7, routed)           0.209    -0.565    u_ddr3/u_mig/u_mig_7series_0_mig/u_memc_ui_top_axi/mem_intfc0/ddr_phy_top0/u_ddr_mc_phy_wrapper/u_ddr_mc_phy/ddr_phy_4lanes_0.u_ddr_phy_4lanes/ddr_byte_lane_D.ddr_byte_lane_D/mem_refclk
    PHASER_OUT_PHY_X1Y7  PHASER_OUT_PHY (Prop_phaser_out_phy_MEMREFCLK_OCLK)
                                                      1.858     1.293 r  u_ddr3/u_mig/u_mig_7series_0_mig/u_memc_ui_top_axi/mem_intfc0/ddr_phy_top0/u_ddr_mc_phy_wrapper/u_ddr_mc_phy/ddr_phy_4lanes_0.u_ddr_phy_4lanes/ddr_byte_lane_D.ddr_byte_lane_D/phaser_out/OCLK
    PHASER_OUT_PHY_X1Y7  PHASER_OUT_PHY (Prop_phaser_out_phy_OCLK_OCLKDIV)
                                                      0.088     1.381 r  u_ddr3/u_mig/u_mig_7series_0_mig/u_memc_ui_top_axi/mem_intfc0/ddr_phy_top0/u_ddr_mc_phy_wrapper/u_ddr_mc_phy/ddr_phy_4lanes_0.u_ddr_phy_4lanes/ddr_byte_lane_D.ddr_byte_lane_D/phaser_out/OCLKDIV
                         net (fo=11, routed)          0.000     1.381    u_ddr3/u_mig/u_mig_7series_0_mig/u_memc_ui_top_axi/mem_intfc0/ddr_phy_top0/u_ddr_mc_phy_wrapper/u_ddr_mc_phy/ddr_phy_4lanes_0.u_ddr_phy_4lanes/ddr_byte_lane_D.ddr_byte_lane_D/oserdes_clkdiv
    OUT_FIFO_X1Y7        OUT_FIFO                                     r  u_ddr3/u_mig/u_mig_7series_0_mig/u_memc_ui_top_axi/mem_intfc0/ddr_phy_top0/u_ddr_mc_phy_wrapper/u_ddr_mc_phy/ddr_phy_4lanes_0.u_ddr_phy_4lanes/ddr_byte_lane_D.ddr_byte_lane_D/out_fifo/RDCLK
                         clock pessimism              0.173     1.554    
    OUT_FIFO_X1Y7        OUT_FIFO (Hold_out_fifo_RDCLK_RDEN)
                                                     -0.011     1.543    u_ddr3/u_mig/u_mig_7series_0_mig/u_memc_ui_top_axi/mem_intfc0/ddr_phy_top0/u_ddr_mc_phy_wrapper/u_ddr_mc_phy/ddr_phy_4lanes_0.u_ddr_phy_4lanes/ddr_byte_lane_D.ddr_byte_lane_D/out_fifo
  -------------------------------------------------------------------
                         required time                         -1.543    
                         arrival time                           1.638    
  -------------------------------------------------------------------
                         slack                                  0.095    





---------------------------------------------------------------------------------------------------
From Clock:  dbg_hub/inst/BSCANID.u_xsdbm_id/SWITCH_N_EXT_BSCAN.bscan_inst/SERIES7_BSCAN.bscan_inst/TCK
  To Clock:  clk_pll_i

Setup :            0  Failing Endpoints,  Worst Slack       31.943ns,  Total Violation        0.000ns
Hold  :           NA  Failing Endpoints,  Worst Slack           NA  ,  Total Violation           NA
---------------------------------------------------------------------------------------------------


Max Delay Paths
--------------------------------------------------------------------------------------
Slack (MET) :             31.943ns  (required time - arrival time)
  Source:                 dbg_hub/inst/BSCANID.u_xsdbm_id/CORE_XSDB.UUT_MASTER/U_ICON_INTERFACE/U_CMD6_RD/U_RD_FIFO/SUBCORE_FIFO.xsdbm_v3_0_0_rdfifo_inst/inst_fifo_gen/gconvfifo.rf/grf.rf/gntv_or_sync_fifo.gcx.clkx/gnxpm_cdc.rd_pntr_gc_reg[3]/C
                            (rising edge-triggered cell FDCE clocked by dbg_hub/inst/BSCANID.u_xsdbm_id/SWITCH_N_EXT_BSCAN.bscan_inst/SERIES7_BSCAN.bscan_inst/TCK  {rise@0.000ns fall@16.500ns period=33.000ns})
  Destination:            dbg_hub/inst/BSCANID.u_xsdbm_id/CORE_XSDB.UUT_MASTER/U_ICON_INTERFACE/U_CMD6_RD/U_RD_FIFO/SUBCORE_FIFO.xsdbm_v3_0_0_rdfifo_inst/inst_fifo_gen/gconvfifo.rf/grf.rf/gntv_or_sync_fifo.gcx.clkx/gnxpm_cdc.gsync_stage[1].wr_stg_inst/Q_reg_reg[3]/D
                            (rising edge-triggered cell FDCE clocked by clk_pll_i  {rise@0.000ns fall@5.000ns period=10.000ns})
  Path Group:             clk_pll_i
  Path Type:              Setup (Max at Slow Process Corner)
  Requirement:            33.000ns  (MaxDelay Path 33.000ns)
  Data Path Delay:        0.858ns  (logic 0.398ns (46.366%)  route 0.460ns (53.634%))
  Logic Levels:           0  
  Timing Exception:       MaxDelay Path 33.000ns -datapath_only

    Location             Delay type                Incr(ns)  Path(ns)    Netlist Resource(s)
  -------------------------------------------------------------------    -------------------
    SLICE_X14Y41                                      0.000     0.000 r  dbg_hub/inst/BSCANID.u_xsdbm_id/CORE_XSDB.UUT_MASTER/U_ICON_INTERFACE/U_CMD6_RD/U_RD_FIFO/SUBCORE_FIFO.xsdbm_v3_0_0_rdfifo_inst/inst_fifo_gen/gconvfifo.rf/grf.rf/gntv_or_sync_fifo.gcx.clkx/gnxpm_cdc.rd_pntr_gc_reg[3]/C
    SLICE_X14Y41         FDCE (Prop_fdce_C_Q)         0.398     0.398 r  dbg_hub/inst/BSCANID.u_xsdbm_id/CORE_XSDB.UUT_MASTER/U_ICON_INTERFACE/U_CMD6_RD/U_RD_FIFO/SUBCORE_FIFO.xsdbm_v3_0_0_rdfifo_inst/inst_fifo_gen/gconvfifo.rf/grf.rf/gntv_or_sync_fifo.gcx.clkx/gnxpm_cdc.rd_pntr_gc_reg[3]/Q
                         net (fo=1, routed)           0.460     0.858    dbg_hub/inst/BSCANID.u_xsdbm_id/CORE_XSDB.UUT_MASTER/U_ICON_INTERFACE/U_CMD6_RD/U_RD_FIFO/SUBCORE_FIFO.xsdbm_v3_0_0_rdfifo_inst/inst_fifo_gen/gconvfifo.rf/grf.rf/gntv_or_sync_fifo.gcx.clkx/gnxpm_cdc.gsync_stage[1].wr_stg_inst/Q[3]
    SLICE_X13Y42         FDCE                                         r  dbg_hub/inst/BSCANID.u_xsdbm_id/CORE_XSDB.UUT_MASTER/U_ICON_INTERFACE/U_CMD6_RD/U_RD_FIFO/SUBCORE_FIFO.xsdbm_v3_0_0_rdfifo_inst/inst_fifo_gen/gconvfifo.rf/grf.rf/gntv_or_sync_fifo.gcx.clkx/gnxpm_cdc.gsync_stage[1].wr_stg_inst/Q_reg_reg[3]/D
  -------------------------------------------------------------------    -------------------

                         max delay                   33.000    33.000    
    SLICE_X13Y42         FDCE (Setup_fdce_C_D)       -0.199    32.801    dbg_hub/inst/BSCANID.u_xsdbm_id/CORE_XSDB.UUT_MASTER/U_ICON_INTERFACE/U_CMD6_RD/U_RD_FIFO/SUBCORE_FIFO.xsdbm_v3_0_0_rdfifo_inst/inst_fifo_gen/gconvfifo.rf/grf.rf/gntv_or_sync_fifo.gcx.clkx/gnxpm_cdc.gsync_stage[1].wr_stg_inst/Q_reg_reg[3]
  -------------------------------------------------------------------
                         required time                         32.801    
                         arrival time                          -0.858    
  -------------------------------------------------------------------
                         slack                                 31.943    





---------------------------------------------------------------------------------------------------
From Clock:  clk_out1_clk_wiz_0
  To Clock:  clk_pll_i

Setup :            0  Failing Endpoints,  Worst Slack       17.204ns,  Total Violation        0.000ns
Hold  :            0  Failing Endpoints,  Worst Slack        0.077ns,  Total Violation        0.000ns
---------------------------------------------------------------------------------------------------


Max Delay Paths
--------------------------------------------------------------------------------------
Slack (MET) :             17.204ns  (required time - arrival time)
  Source:                 u_ddr3/u_mig/u_mig_7series_0_mig/temp_mon_enabled.u_tempmon/xadc_supplied_temperature.temperature_reg[4]/C
                            (rising edge-triggered cell FDRE clocked by clk_out1_clk_wiz_0  {rise@0.000ns fall@2.500ns period=5.000ns})
  Destination:            u_ddr3/u_mig/u_mig_7series_0_mig/temp_mon_enabled.u_tempmon/device_temp_sync_r1_reg[4]/D
                            (rising edge-triggered cell FDRE clocked by clk_pll_i  {rise@0.000ns fall@5.000ns period=10.000ns})
  Path Group:             clk_pll_i
  Path Type:              Setup (Max at Slow Process Corner)
  Requirement:            20.000ns  (MaxDelay Path 20.000ns)
  Data Path Delay:        4.169ns  (logic 0.379ns (9.090%)  route 3.790ns (90.910%))
  Logic Levels:           0  
  Clock Path Skew:        1.647ns (DCD - SCD + CPR)
    Destination Clock Delay (DCD):    0.729ns
    Source Clock Delay      (SCD):    -0.582ns
    Clock Pessimism Removal (CPR):    0.336ns
  Clock Uncertainty:      0.242ns  ((TSJ^2 + DJ^2)^1/2) / 2 + PE
    Total System Jitter     (TSJ):    0.071ns
    Discrete Jitter          (DJ):    0.102ns
    Phase Error              (PE):    0.180ns
  Timing Exception:       MaxDelay Path 20.000ns

    Location             Delay type                Incr(ns)  Path(ns)    Netlist Resource(s)
  -------------------------------------------------------------------    -------------------
                         (clock clk_out1_clk_wiz_0 rise edge)
                                                      0.000     0.000 r  
    R4                                                0.000     0.000 r  sys_clk (IN)
                         net (fo=0)                   0.000     0.000    u_clock_and_reset/clk_wiz_0/inst/clk_in1
    R4                   IBUF (Prop_ibuf_I_O)         1.432     1.432 r  u_clock_and_reset/clk_wiz_0/inst/clkin1_ibufg/O
                         net (fo=1, routed)           1.065     2.497    u_clock_and_reset/clk_wiz_0/inst/clk_in1_clk_wiz_0
    MMCME2_ADV_X1Y0      MMCME2_ADV (Prop_mmcme2_adv_CLKIN1_CLKOUT0)
                                                     -5.921    -3.424 r  u_clock_and_reset/clk_wiz_0/inst/mmcm_adv_inst/CLKOUT0
                         net (fo=1, routed)           1.421    -2.004    u_clock_and_reset/clk_wiz_0/inst/clk_out1_clk_wiz_0
    BUFGCTRL_X0Y1        BUFG (Prop_bufg_I_O)         0.081    -1.923 r  u_clock_and_reset/clk_wiz_0/inst/clkout1_buf/O
                         net (fo=64, routed)          1.340    -0.582    u_ddr3/u_mig/u_mig_7series_0_mig/temp_mon_enabled.u_tempmon/mmcm_clk
    SLICE_X29Y71         FDRE                                         r  u_ddr3/u_mig/u_mig_7series_0_mig/temp_mon_enabled.u_tempmon/xadc_supplied_temperature.temperature_reg[4]/C
  -------------------------------------------------------------------    -------------------
    SLICE_X29Y71         FDRE (Prop_fdre_C_Q)         0.379    -0.203 r  u_ddr3/u_mig/u_mig_7series_0_mig/temp_mon_enabled.u_tempmon/xadc_supplied_temperature.temperature_reg[4]/Q
                         net (fo=1, routed)           3.790     3.587    u_ddr3/u_mig/u_mig_7series_0_mig/temp_mon_enabled.u_tempmon/device_temp_lcl[4]
    SLICE_X29Y72         FDRE                                         r  u_ddr3/u_mig/u_mig_7series_0_mig/temp_mon_enabled.u_tempmon/device_temp_sync_r1_reg[4]/D
  -------------------------------------------------------------------    -------------------

                         max delay                   20.000    20.000    
    R4                                                0.000    20.000 r  sys_clk (IN)
                         net (fo=0)                   0.000    20.000    u_clock_and_reset/clk_wiz_0/inst/clk_in1
    R4                   IBUF (Prop_ibuf_I_O)         1.366    21.366 r  u_clock_and_reset/clk_wiz_0/inst/clkin1_ibufg/O
                         net (fo=1, routed)           1.004    22.369    u_clock_and_reset/clk_wiz_0/inst/clk_in1_clk_wiz_0
    MMCME2_ADV_X1Y0      MMCME2_ADV (Prop_mmcme2_adv_CLKIN1_CLKOUT0)
                                                     -6.057    16.312 r  u_clock_and_reset/clk_wiz_0/inst/mmcm_adv_inst/CLKOUT0
                         net (fo=1, routed)           1.352    17.665    u_clock_and_reset/clk_wiz_0/inst/clk_out1_clk_wiz_0
    BUFGCTRL_X0Y1        BUFG (Prop_bufg_I_O)         0.077    17.742 r  u_clock_and_reset/clk_wiz_0/inst/clkout1_buf/O
                         net (fo=64, routed)          1.290    19.032    u_ddr3/u_mig/u_mig_7series_0_mig/u_ddr3_infrastructure/CLK
    PLLE2_ADV_X1Y1       PLLE2_ADV (Prop_plle2_adv_CLKIN1_CLKOUT3)
                                                      0.073    19.105 r  u_ddr3/u_mig/u_mig_7series_0_mig/u_ddr3_infrastructure/plle2_i/CLKOUT3
                         net (fo=1, routed)           0.929    20.034    u_ddr3/u_mig/u_mig_7series_0_mig/u_ddr3_infrastructure/pll_clk3_out
    BUFHCE_X1Y12         BUFH (Prop_bufh_I_O)         0.069    20.103 r  u_ddr3/u_mig/u_mig_7series_0_mig/u_ddr3_infrastructure/u_bufh_pll_clk3/O
                         net (fo=1, routed)           0.664    20.767    u_ddr3/u_mig/u_mig_7series_0_mig/u_ddr3_infrastructure/pll_clk3
    MMCME2_ADV_X1Y1      MMCME2_ADV (Prop_mmcme2_adv_CLKIN1_CLKFBOUT)
                                                     -2.699    18.068 r  u_ddr3/u_mig/u_mig_7series_0_mig/u_ddr3_infrastructure/gen_mmcm.mmcm_i/CLKFBOUT
                         net (fo=1, routed)           1.352    19.421    u_ddr3/u_mig/u_mig_7series_0_mig/u_ddr3_infrastructure/clk_pll_i
    BUFGCTRL_X0Y16       BUFG (Prop_bufg_I_O)         0.077    19.498 r  u_ddr3/u_mig/u_mig_7series_0_mig/u_ddr3_infrastructure/u_bufg_clkdiv0/O
                         net (fo=13335, routed)       1.231    20.729    u_ddr3/u_mig/u_mig_7series_0_mig/temp_mon_enabled.u_tempmon/device_temp_r_reg[11]_0
    SLICE_X29Y72         FDRE                                         r  u_ddr3/u_mig/u_mig_7series_0_mig/temp_mon_enabled.u_tempmon/device_temp_sync_r1_reg[4]/C
                         clock pessimism              0.336    21.064    
                         clock uncertainty           -0.242    20.822    
    SLICE_X29Y72         FDRE (Setup_fdre_C_D)       -0.032    20.790    u_ddr3/u_mig/u_mig_7series_0_mig/temp_mon_enabled.u_tempmon/device_temp_sync_r1_reg[4]
  -------------------------------------------------------------------
                         required time                         20.790    
                         arrival time                          -3.587    
  -------------------------------------------------------------------
                         slack                                 17.204    





Min Delay Paths
--------------------------------------------------------------------------------------
Slack (MET) :             0.077ns  (arrival time - required time)
  Source:                 u_ddr3/u_mig/u_mig_7series_0_mig/temp_mon_enabled.u_tempmon/xadc_supplied_temperature.temperature_reg[9]/C
                            (rising edge-triggered cell FDRE clocked by clk_out1_clk_wiz_0  {rise@0.000ns fall@2.500ns period=5.000ns})
  Destination:            u_ddr3/u_mig/u_mig_7series_0_mig/temp_mon_enabled.u_tempmon/device_temp_sync_r1_reg[9]/D
                            (rising edge-triggered cell FDRE clocked by clk_pll_i  {rise@0.000ns fall@5.000ns period=10.000ns})
  Path Group:             clk_pll_i
  Path Type:              Hold (Min at Fast Process Corner)
  Requirement:            0.000ns  (clk_pll_i rise@0.000ns - clk_out1_clk_wiz_0 rise@0.000ns)
  Data Path Delay:        1.616ns  (logic 0.128ns (7.921%)  route 1.488ns (92.079%))
  Logic Levels:           0  
  Clock Path Skew:        1.276ns (DCD - SCD - CPR)
    Destination Clock Delay (DCD):    0.180ns
    Source Clock Delay      (SCD):    -0.588ns
    Clock Pessimism Removal (CPR):    -0.508ns
  Clock Uncertainty:      0.242ns  ((TSJ^2 + DJ^2)^1/2) / 2 + PE
    Total System Jitter     (TSJ):    0.071ns
    Discrete Jitter          (DJ):    0.102ns
    Phase Error              (PE):    0.180ns

    Location             Delay type                Incr(ns)  Path(ns)    Netlist Resource(s)
  -------------------------------------------------------------------    -------------------
                         (clock clk_out1_clk_wiz_0 rise edge)
                                                      0.000     0.000 r  
    R4                                                0.000     0.000 r  sys_clk (IN)
                         net (fo=0)                   0.000     0.000    u_clock_and_reset/clk_wiz_0/inst/clk_in1
    R4                   IBUF (Prop_ibuf_I_O)         0.269     0.269 r  u_clock_and_reset/clk_wiz_0/inst/clkin1_ibufg/O
                         net (fo=1, routed)           0.440     0.709    u_clock_and_reset/clk_wiz_0/inst/clk_in1_clk_wiz_0
    MMCME2_ADV_X1Y0      MMCME2_ADV (Prop_mmcme2_adv_CLKIN1_CLKOUT0)
                                                     -2.360    -1.651 r  u_clock_and_reset/clk_wiz_0/inst/mmcm_adv_inst/CLKOUT0
                         net (fo=1, routed)           0.486    -1.165    u_clock_and_reset/clk_wiz_0/inst/clk_out1_clk_wiz_0
    BUFGCTRL_X0Y1        BUFG (Prop_bufg_I_O)         0.026    -1.139 r  u_clock_and_reset/clk_wiz_0/inst/clkout1_buf/O
                         net (fo=64, routed)          0.551    -0.588    u_ddr3/u_mig/u_mig_7series_0_mig/temp_mon_enabled.u_tempmon/mmcm_clk
    SLICE_X33Y71         FDRE                                         r  u_ddr3/u_mig/u_mig_7series_0_mig/temp_mon_enabled.u_tempmon/xadc_supplied_temperature.temperature_reg[9]/C
  -------------------------------------------------------------------    -------------------
    SLICE_X33Y71         FDRE (Prop_fdre_C_Q)         0.128    -0.460 r  u_ddr3/u_mig/u_mig_7series_0_mig/temp_mon_enabled.u_tempmon/xadc_supplied_temperature.temperature_reg[9]/Q
                         net (fo=1, routed)           1.488     1.028    u_ddr3/u_mig/u_mig_7series_0_mig/temp_mon_enabled.u_tempmon/device_temp_lcl[9]
    SLICE_X31Y69         FDRE                                         r  u_ddr3/u_mig/u_mig_7series_0_mig/temp_mon_enabled.u_tempmon/device_temp_sync_r1_reg[9]/D
  -------------------------------------------------------------------    -------------------

                         (clock clk_pll_i rise edge)
                                                      0.000     0.000 r  
    R4                                                0.000     0.000 r  sys_clk (IN)
                         net (fo=0)                   0.000     0.000    u_clock_and_reset/clk_wiz_0/inst/clk_in1
    R4                   IBUF (Prop_ibuf_I_O)         0.457     0.457 r  u_clock_and_reset/clk_wiz_0/inst/clkin1_ibufg/O
                         net (fo=1, routed)           0.480     0.937    u_clock_and_reset/clk_wiz_0/inst/clk_in1_clk_wiz_0
    MMCME2_ADV_X1Y0      MMCME2_ADV (Prop_mmcme2_adv_CLKIN1_CLKOUT0)
                                                     -3.142    -2.205 r  u_clock_and_reset/clk_wiz_0/inst/mmcm_adv_inst/CLKOUT0
                         net (fo=1, routed)           0.530    -1.676    u_clock_and_reset/clk_wiz_0/inst/clk_out1_clk_wiz_0
    BUFGCTRL_X0Y1        BUFG (Prop_bufg_I_O)         0.029    -1.647 r  u_clock_and_reset/clk_wiz_0/inst/clkout1_buf/O
                         net (fo=64, routed)          0.820    -0.827    u_ddr3/u_mig/u_mig_7series_0_mig/u_ddr3_infrastructure/CLK
    PLLE2_ADV_X1Y1       PLLE2_ADV (Prop_plle2_adv_CLKIN1_CLKOUT3)
                                                      0.053    -0.774 r  u_ddr3/u_mig/u_mig_7series_0_mig/u_ddr3_infrastructure/plle2_i/CLKOUT3
                         net (fo=1, routed)           0.423    -0.351    u_ddr3/u_mig/u_mig_7series_0_mig/u_ddr3_infrastructure/pll_clk3_out
    BUFHCE_X1Y12         BUFH (Prop_bufh_I_O)         0.043    -0.308 r  u_ddr3/u_mig/u_mig_7series_0_mig/u_ddr3_infrastructure/u_bufh_pll_clk3/O
                         net (fo=1, routed)           0.483     0.175    u_ddr3/u_mig/u_mig_7series_0_mig/u_ddr3_infrastructure/pll_clk3
    MMCME2_ADV_X1Y1      MMCME2_ADV (Prop_mmcme2_adv_CLKIN1_CLKFBOUT)
                                                     -1.371    -1.196 r  u_ddr3/u_mig/u_mig_7series_0_mig/u_ddr3_infrastructure/gen_mmcm.mmcm_i/CLKFBOUT
                         net (fo=1, routed)           0.530    -0.667    u_ddr3/u_mig/u_mig_7series_0_mig/u_ddr3_infrastructure/clk_pll_i
    BUFGCTRL_X0Y16       BUFG (Prop_bufg_I_O)         0.029    -0.638 r  u_ddr3/u_mig/u_mig_7series_0_mig/u_ddr3_infrastructure/u_bufg_clkdiv0/O
                         net (fo=13335, routed)       0.817     0.180    u_ddr3/u_mig/u_mig_7series_0_mig/temp_mon_enabled.u_tempmon/device_temp_r_reg[11]_0
    SLICE_X31Y69         FDRE                                         r  u_ddr3/u_mig/u_mig_7series_0_mig/temp_mon_enabled.u_tempmon/device_temp_sync_r1_reg[9]/C
                         clock pessimism              0.508     0.688    
                         clock uncertainty            0.242     0.930    
    SLICE_X31Y69         FDRE (Hold_fdre_C_D)         0.021     0.951    u_ddr3/u_mig/u_mig_7series_0_mig/temp_mon_enabled.u_tempmon/device_temp_sync_r1_reg[9]
  -------------------------------------------------------------------
                         required time                         -0.951    
                         arrival time                           1.028    
  -------------------------------------------------------------------
                         slack                                  0.077    





---------------------------------------------------------------------------------------------------
From Clock:  eth_rxc
  To Clock:  clk_out2_clk_wiz_0

Setup :            0  Failing Endpoints,  Worst Slack        6.788ns,  Total Violation        0.000ns
Hold  :           NA  Failing Endpoints,  Worst Slack           NA  ,  Total Violation           NA
---------------------------------------------------------------------------------------------------


Max Delay Paths
--------------------------------------------------------------------------------------
Slack (MET) :             6.788ns  (required time - arrival time)
  Source:                 u_udp/u0/mac_receive/frame_fifo/U0/inst_fifo_gen/gconvfifo.rf/grf.rf/gntv_or_sync_fifo.gcx.clkx/wr_pntr_cdc_inst/src_gray_ff_reg[0]/C
                            (rising edge-triggered cell FDRE clocked by eth_rxc  {rise@0.000ns fall@4.000ns period=8.000ns})
  Destination:            u_udp/u0/mac_receive/frame_fifo/U0/inst_fifo_gen/gconvfifo.rf/grf.rf/gntv_or_sync_fifo.gcx.clkx/wr_pntr_cdc_inst/dest_graysync_ff_reg[0][0]/D
                            (rising edge-triggered cell FDRE clocked by clk_out2_clk_wiz_0  {rise@0.000ns fall@4.000ns period=8.000ns})
  Path Group:             clk_out2_clk_wiz_0
  Path Type:              Setup (Max at Slow Process Corner)
  Requirement:            8.000ns  (MaxDelay Path 8.000ns)
  Data Path Delay:        1.137ns  (logic 0.379ns (33.337%)  route 0.758ns (66.663%))
  Logic Levels:           0  
  Timing Exception:       MaxDelay Path 8.000ns -datapath_only

    Location             Delay type                Incr(ns)  Path(ns)    Netlist Resource(s)
  -------------------------------------------------------------------    -------------------
    SLICE_X15Y25                                      0.000     0.000 r  u_udp/u0/mac_receive/frame_fifo/U0/inst_fifo_gen/gconvfifo.rf/grf.rf/gntv_or_sync_fifo.gcx.clkx/wr_pntr_cdc_inst/src_gray_ff_reg[0]/C
    SLICE_X15Y25         FDRE (Prop_fdre_C_Q)         0.379     0.379 r  u_udp/u0/mac_receive/frame_fifo/U0/inst_fifo_gen/gconvfifo.rf/grf.rf/gntv_or_sync_fifo.gcx.clkx/wr_pntr_cdc_inst/src_gray_ff_reg[0]/Q
                         net (fo=1, routed)           0.758     1.137    u_udp/u0/mac_receive/frame_fifo/U0/inst_fifo_gen/gconvfifo.rf/grf.rf/gntv_or_sync_fifo.gcx.clkx/wr_pntr_cdc_inst/async_path[0]
    SLICE_X28Y24         FDRE                                         r  u_udp/u0/mac_receive/frame_fifo/U0/inst_fifo_gen/gconvfifo.rf/grf.rf/gntv_or_sync_fifo.gcx.clkx/wr_pntr_cdc_inst/dest_graysync_ff_reg[0][0]/D
  -------------------------------------------------------------------    -------------------

                         max delay                    8.000     8.000    
    SLICE_X28Y24         FDRE (Setup_fdre_C_D)       -0.075     7.925    u_udp/u0/mac_receive/frame_fifo/U0/inst_fifo_gen/gconvfifo.rf/grf.rf/gntv_or_sync_fifo.gcx.clkx/wr_pntr_cdc_inst/dest_graysync_ff_reg[0][0]
  -------------------------------------------------------------------
                         required time                          7.925    
                         arrival time                          -1.137    
  -------------------------------------------------------------------
                         slack                                  6.788    





---------------------------------------------------------------------------------------------------
Path Group:  **async_default**
From Clock:  clk_out2_clk_wiz_0
  To Clock:  clk_out2_clk_wiz_0

Setup :            0  Failing Endpoints,  Worst Slack        1.653ns,  Total Violation        0.000ns
Hold  :            0  Failing Endpoints,  Worst Slack        0.355ns,  Total Violation        0.000ns
---------------------------------------------------------------------------------------------------


Max Delay Paths
--------------------------------------------------------------------------------------
Slack (MET) :             1.653ns  (required time - arrival time)
  Source:                 u_clock_and_reset/reset_reg/C
                            (rising edge-triggered cell FDPE clocked by clk_out2_clk_wiz_0  {rise@0.000ns fall@4.000ns period=8.000ns})
  Destination:            start_latched_reg/CLR
                            (recovery check against rising-edge clock clk_out2_clk_wiz_0  {rise@0.000ns fall@4.000ns period=8.000ns})
  Path Group:             **async_default**
  Path Type:              Recovery (Max at Slow Process Corner)
  Requirement:            8.000ns  (clk_out2_clk_wiz_0 rise@8.000ns - clk_out2_clk_wiz_0 rise@0.000ns)
  Data Path Delay:        5.739ns  (logic 0.494ns (8.608%)  route 5.245ns (91.392%))
  Logic Levels:           1  (LUT2=1)
  Clock Path Skew:        -0.016ns (DCD - SCD + CPR)
    Destination Clock Delay (DCD):    -0.934ns = ( 7.066 - 8.000 ) 
    Source Clock Delay      (SCD):    -0.581ns
    Clock Pessimism Removal (CPR):    0.336ns
  Clock Uncertainty:      0.099ns  ((TSJ^2 + DJ^2)^1/2) / 2 + PE
    Total System Jitter     (TSJ):    0.071ns
    Discrete Jitter          (DJ):    0.184ns
    Phase Error              (PE):    0.000ns

    Location             Delay type                Incr(ns)  Path(ns)    Netlist Resource(s)
  -------------------------------------------------------------------    -------------------
                         (clock clk_out2_clk_wiz_0 rise edge)
                                                      0.000     0.000 r  
    R4                                                0.000     0.000 r  sys_clk (IN)
                         net (fo=0)                   0.000     0.000    u_clock_and_reset/clk_wiz_0/inst/clk_in1
    R4                   IBUF (Prop_ibuf_I_O)         1.432     1.432 r  u_clock_and_reset/clk_wiz_0/inst/clkin1_ibufg/O
                         net (fo=1, routed)           1.065     2.497    u_clock_and_reset/clk_wiz_0/inst/clk_in1_clk_wiz_0
    MMCME2_ADV_X1Y0      MMCME2_ADV (Prop_mmcme2_adv_CLKIN1_CLKOUT1)
                                                     -5.921    -3.424 r  u_clock_and_reset/clk_wiz_0/inst/mmcm_adv_inst/CLKOUT1
                         net (fo=1, routed)           1.421    -2.004    u_clock_and_reset/clk_wiz_0/inst/clk_out2_clk_wiz_0
    BUFGCTRL_X0Y0        BUFG (Prop_bufg_I_O)         0.081    -1.923 r  u_clock_and_reset/clk_wiz_0/inst/clkout2_buf/O
                         net (fo=1956, routed)        1.341    -0.581    u_clock_and_reset/clk_out2
    SLICE_X15Y73         FDPE                                         r  u_clock_and_reset/reset_reg/C
  -------------------------------------------------------------------    -------------------
    SLICE_X15Y73         FDPE (Prop_fdpe_C_Q)         0.379    -0.202 f  u_clock_and_reset/reset_reg/Q
                         net (fo=3, routed)           1.267     1.064    u_clock_and_reset/clock_reset
    SLICE_X15Y73         LUT2 (Prop_lut2_I0_O)        0.115     1.179 f  u_clock_and_reset/u_source_i_1/O
                         net (fo=183, routed)         3.978     5.157    reset
    SLICE_X65Y33         FDCE                                         f  start_latched_reg/CLR
  -------------------------------------------------------------------    -------------------

                         (clock clk_out2_clk_wiz_0 rise edge)
                                                      8.000     8.000 r  
    R4                                                0.000     8.000 r  sys_clk (IN)
                         net (fo=0)                   0.000     8.000    u_clock_and_reset/clk_wiz_0/inst/clk_in1
    R4                   IBUF (Prop_ibuf_I_O)         1.366     9.366 r  u_clock_and_reset/clk_wiz_0/inst/clkin1_ibufg/O
                         net (fo=1, routed)           1.004    10.369    u_clock_and_reset/clk_wiz_0/inst/clk_in1_clk_wiz_0
    MMCME2_ADV_X1Y0      MMCME2_ADV (Prop_mmcme2_adv_CLKIN1_CLKOUT1)
                                                     -6.057     4.312 r  u_clock_and_reset/clk_wiz_0/inst/mmcm_adv_inst/CLKOUT1
                         net (fo=1, routed)           1.352     5.665    u_clock_and_reset/clk_wiz_0/inst/clk_out2_clk_wiz_0
    BUFGCTRL_X0Y0        BUFG (Prop_bufg_I_O)         0.077     5.742 r  u_clock_and_reset/clk_wiz_0/inst/clkout2_buf/O
                         net (fo=1956, routed)        1.325     7.066    clk_125m
    SLICE_X65Y33         FDCE                                         r  start_latched_reg/C
                         clock pessimism              0.336     7.402    
                         clock uncertainty           -0.099     7.303    
    SLICE_X65Y33         FDCE (Recov_fdce_C_CLR)     -0.493     6.810    start_latched_reg
  -------------------------------------------------------------------
                         required time                          6.810    
                         arrival time                          -5.157    
  -------------------------------------------------------------------
                         slack                                  1.653    





Min Delay Paths
--------------------------------------------------------------------------------------
Slack (MET) :             0.355ns  (arrival time - required time)
  Source:                 u_adma/axi_wr_channel/wr_buffer/wr_cmd_fifo/U0/inst_fifo_gen/gconvfifo.rf/grf.rf/rstblk/ngwrdrst.grst.g7serrst.gnsckt_wrst.gic_rst.sckt_wr_rst_ic_reg/C
                            (rising edge-triggered cell FDPE clocked by clk_out2_clk_wiz_0  {rise@0.000ns fall@4.000ns period=8.000ns})
  Destination:            u_adma/axi_wr_channel/wr_buffer/wr_cmd_fifo/U0/inst_fifo_gen/gconvfifo.rf/grf.rf/gntv_or_sync_fifo.gl0.wr/wpntr/gic0.gc0.count_d2_reg[0]/CLR
                            (removal check against rising-edge clock clk_out2_clk_wiz_0  {rise@0.000ns fall@4.000ns period=8.000ns})
  Path Group:             **async_default**
  Path Type:              Removal (Min at Fast Process Corner)
  Requirement:            0.000ns  (clk_out2_clk_wiz_0 rise@0.000ns - clk_out2_clk_wiz_0 rise@0.000ns)
  Data Path Delay:        0.303ns  (logic 0.141ns (46.483%)  route 0.162ns (53.517%))
  Logic Levels:           0  
  Clock Path Skew:        0.015ns (DCD - SCD - CPR)
    Destination Clock Delay (DCD):    -0.793ns
    Source Clock Delay      (SCD):    -0.555ns
    Clock Pessimism Removal (CPR):    -0.253ns

    Location             Delay type                Incr(ns)  Path(ns)    Netlist Resource(s)
  -------------------------------------------------------------------    -------------------
                         (clock clk_out2_clk_wiz_0 rise edge)
                                                      0.000     0.000 r  
    R4                                                0.000     0.000 r  sys_clk (IN)
                         net (fo=0)                   0.000     0.000    u_clock_and_reset/clk_wiz_0/inst/clk_in1
    R4                   IBUF (Prop_ibuf_I_O)         0.269     0.269 r  u_clock_and_reset/clk_wiz_0/inst/clkin1_ibufg/O
                         net (fo=1, routed)           0.440     0.709    u_clock_and_reset/clk_wiz_0/inst/clk_in1_clk_wiz_0
    MMCME2_ADV_X1Y0      MMCME2_ADV (Prop_mmcme2_adv_CLKIN1_CLKOUT1)
                                                     -2.360    -1.651 r  u_clock_and_reset/clk_wiz_0/inst/mmcm_adv_inst/CLKOUT1
                         net (fo=1, routed)           0.486    -1.165    u_clock_and_reset/clk_wiz_0/inst/clk_out2_clk_wiz_0
    BUFGCTRL_X0Y0        BUFG (Prop_bufg_I_O)         0.026    -1.139 r  u_clock_and_reset/clk_wiz_0/inst/clkout2_buf/O
                         net (fo=1956, routed)        0.584    -0.555    u_adma/axi_wr_channel/wr_buffer/wr_cmd_fifo/U0/inst_fifo_gen/gconvfifo.rf/grf.rf/rstblk/wr_clk
    SLICE_X7Y68          FDPE                                         r  u_adma/axi_wr_channel/wr_buffer/wr_cmd_fifo/U0/inst_fifo_gen/gconvfifo.rf/grf.rf/rstblk/ngwrdrst.grst.g7serrst.gnsckt_wrst.gic_rst.sckt_wr_rst_ic_reg/C
  -------------------------------------------------------------------    -------------------
    SLICE_X7Y68          FDPE (Prop_fdpe_C_Q)         0.141    -0.414 f  u_adma/axi_wr_channel/wr_buffer/wr_cmd_fifo/U0/inst_fifo_gen/gconvfifo.rf/grf.rf/rstblk/ngwrdrst.grst.g7serrst.gnsckt_wrst.gic_rst.sckt_wr_rst_ic_reg/Q
                         net (fo=15, routed)          0.162    -0.252    u_adma/axi_wr_channel/wr_buffer/wr_cmd_fifo/U0/inst_fifo_gen/gconvfifo.rf/grf.rf/gntv_or_sync_fifo.gl0.wr/wpntr/AR[0]
    SLICE_X6Y67          FDCE                                         f  u_adma/axi_wr_channel/wr_buffer/wr_cmd_fifo/U0/inst_fifo_gen/gconvfifo.rf/grf.rf/gntv_or_sync_fifo.gl0.wr/wpntr/gic0.gc0.count_d2_reg[0]/CLR
  -------------------------------------------------------------------    -------------------

                         (clock clk_out2_clk_wiz_0 rise edge)
                                                      0.000     0.000 r  
    R4                                                0.000     0.000 r  sys_clk (IN)
                         net (fo=0)                   0.000     0.000    u_clock_and_reset/clk_wiz_0/inst/clk_in1
    R4                   IBUF (Prop_ibuf_I_O)         0.457     0.457 r  u_clock_and_reset/clk_wiz_0/inst/clkin1_ibufg/O
                         net (fo=1, routed)           0.480     0.937    u_clock_and_reset/clk_wiz_0/inst/clk_in1_clk_wiz_0
    MMCME2_ADV_X1Y0      MMCME2_ADV (Prop_mmcme2_adv_CLKIN1_CLKOUT1)
                                                     -3.142    -2.205 r  u_clock_and_reset/clk_wiz_0/inst/mmcm_adv_inst/CLKOUT1
                         net (fo=1, routed)           0.530    -1.676    u_clock_and_reset/clk_wiz_0/inst/clk_out2_clk_wiz_0
    BUFGCTRL_X0Y0        BUFG (Prop_bufg_I_O)         0.029    -1.647 r  u_clock_and_reset/clk_wiz_0/inst/clkout2_buf/O
                         net (fo=1956, routed)        0.854    -0.793    u_adma/axi_wr_channel/wr_buffer/wr_cmd_fifo/U0/inst_fifo_gen/gconvfifo.rf/grf.rf/gntv_or_sync_fifo.gl0.wr/wpntr/wr_clk
    SLICE_X6Y67          FDCE                                         r  u_adma/axi_wr_channel/wr_buffer/wr_cmd_fifo/U0/inst_fifo_gen/gconvfifo.rf/grf.rf/gntv_or_sync_fifo.gl0.wr/wpntr/gic0.gc0.count_d2_reg[0]/C
                         clock pessimism              0.253    -0.540    
    SLICE_X6Y67          FDCE (Remov_fdce_C_CLR)     -0.067    -0.607    u_adma/axi_wr_channel/wr_buffer/wr_cmd_fifo/U0/inst_fifo_gen/gconvfifo.rf/grf.rf/gntv_or_sync_fifo.gl0.wr/wpntr/gic0.gc0.count_d2_reg[0]
  -------------------------------------------------------------------
                         required time                          0.607    
                         arrival time                          -0.252    
  -------------------------------------------------------------------
                         slack                                  0.355    





---------------------------------------------------------------------------------------------------
Path Group:  **async_default**
From Clock:  clk_pll_i
  To Clock:  clk_pll_i

Setup :            0  Failing Endpoints,  Worst Slack        4.715ns,  Total Violation        0.000ns
Hold  :            0  Failing Endpoints,  Worst Slack        0.149ns,  Total Violation        0.000ns
---------------------------------------------------------------------------------------------------


Max Delay Paths
--------------------------------------------------------------------------------------
Slack (MET) :             4.715ns  (required time - arrival time)
  Source:                 u_ddr3/u_mig/u_mig_7series_0_mig/u_ddr3_infrastructure/rstdiv0_sync_r1_reg_rep__5/C
                            (rising edge-triggered cell FDPE clocked by clk_pll_i  {rise@0.000ns fall@5.000ns period=10.000ns})
  Destination:            u_ddr3/u_mig/u_mig_7series_0_mig/u_memc_ui_top_axi/mem_intfc0/ddr_phy_top0/u_ddr_calib_top/u_ddr_phy_init/phy_reset_n_reg/CLR
                            (recovery check against rising-edge clock clk_pll_i  {rise@0.000ns fall@5.000ns period=10.000ns})
  Path Group:             **async_default**
  Path Type:              Recovery (Max at Slow Process Corner)
  Requirement:            10.000ns  (clk_pll_i rise@10.000ns - clk_pll_i rise@0.000ns)
  Data Path Delay:        4.772ns  (logic 0.379ns (7.943%)  route 4.393ns (92.057%))
  Logic Levels:           0  
  Clock Path Skew:        -0.119ns (DCD - SCD + CPR)
    Destination Clock Delay (DCD):    0.728ns = ( 10.728 - 10.000 ) 
    Source Clock Delay      (SCD):    1.402ns
    Clock Pessimism Removal (CPR):    0.555ns
  Clock Uncertainty:      0.063ns  ((TSJ^2 + DJ^2)^1/2) / 2 + PE
    Total System Jitter     (TSJ):    0.071ns
    Discrete Jitter          (DJ):    0.104ns
    Phase Error              (PE):    0.000ns

    Location             Delay type                Incr(ns)  Path(ns)    Netlist Resource(s)
  -------------------------------------------------------------------    -------------------
                         (clock clk_pll_i rise edge)
                                                      0.000     0.000 r  
    R4                                                0.000     0.000 r  sys_clk (IN)
                         net (fo=0)                   0.000     0.000    u_clock_and_reset/clk_wiz_0/inst/clk_in1
    R4                   IBUF (Prop_ibuf_I_O)         1.432     1.432 r  u_clock_and_reset/clk_wiz_0/inst/clkin1_ibufg/O
                         net (fo=1, routed)           1.065     2.497    u_clock_and_reset/clk_wiz_0/inst/clk_in1_clk_wiz_0
    MMCME2_ADV_X1Y0      MMCME2_ADV (Prop_mmcme2_adv_CLKIN1_CLKOUT0)
                                                     -5.921    -3.424 r  u_clock_and_reset/clk_wiz_0/inst/mmcm_adv_inst/CLKOUT0
                         net (fo=1, routed)           1.421    -2.004    u_clock_and_reset/clk_wiz_0/inst/clk_out1_clk_wiz_0
    BUFGCTRL_X0Y1        BUFG (Prop_bufg_I_O)         0.081    -1.923 r  u_clock_and_reset/clk_wiz_0/inst/clkout1_buf/O
                         net (fo=64, routed)          1.394    -0.528    u_ddr3/u_mig/u_mig_7series_0_mig/u_ddr3_infrastructure/CLK
    PLLE2_ADV_X1Y1       PLLE2_ADV (Prop_plle2_adv_CLKIN1_CLKOUT3)
                                                      0.077    -0.451 r  u_ddr3/u_mig/u_mig_7series_0_mig/u_ddr3_infrastructure/plle2_i/CLKOUT3
                         net (fo=1, routed)           1.062     0.611    u_ddr3/u_mig/u_mig_7series_0_mig/u_ddr3_infrastructure/pll_clk3_out
    BUFHCE_X1Y12         BUFH (Prop_bufh_I_O)         0.106     0.717 r  u_ddr3/u_mig/u_mig_7series_0_mig/u_ddr3_infrastructure/u_bufh_pll_clk3/O
                         net (fo=1, routed)           0.702     1.419    u_ddr3/u_mig/u_mig_7series_0_mig/u_ddr3_infrastructure/pll_clk3
    MMCME2_ADV_X1Y1      MMCME2_ADV (Prop_mmcme2_adv_CLKIN1_CLKFBOUT)
                                                     -2.874    -1.455 r  u_ddr3/u_mig/u_mig_7series_0_mig/u_ddr3_infrastructure/gen_mmcm.mmcm_i/CLKFBOUT
                         net (fo=1, routed)           1.421    -0.035    u_ddr3/u_mig/u_mig_7series_0_mig/u_ddr3_infrastructure/clk_pll_i
    BUFGCTRL_X0Y16       BUFG (Prop_bufg_I_O)         0.081     0.046 r  u_ddr3/u_mig/u_mig_7series_0_mig/u_ddr3_infrastructure/u_bufg_clkdiv0/O
                         net (fo=13335, routed)       1.355     1.402    u_ddr3/u_mig/u_mig_7series_0_mig/u_ddr3_infrastructure/gen_mmcm.mmcm_i_0
    SLICE_X15Y93         FDPE                                         r  u_ddr3/u_mig/u_mig_7series_0_mig/u_ddr3_infrastructure/rstdiv0_sync_r1_reg_rep__5/C
  -------------------------------------------------------------------    -------------------
    SLICE_X15Y93         FDPE (Prop_fdpe_C_Q)         0.379     1.781 f  u_ddr3/u_mig/u_mig_7series_0_mig/u_ddr3_infrastructure/rstdiv0_sync_r1_reg_rep__5/Q
                         net (fo=48, routed)          4.393     6.173    u_ddr3/u_mig/u_mig_7series_0_mig/u_memc_ui_top_axi/mem_intfc0/ddr_phy_top0/u_ddr_calib_top/u_ddr_phy_init/phy_reset_n_reg_0[0]
    SLICE_X45Y76         FDCE                                         f  u_ddr3/u_mig/u_mig_7series_0_mig/u_memc_ui_top_axi/mem_intfc0/ddr_phy_top0/u_ddr_calib_top/u_ddr_phy_init/phy_reset_n_reg/CLR
  -------------------------------------------------------------------    -------------------

                         (clock clk_pll_i rise edge)
                                                     10.000    10.000 r  
    R4                                                0.000    10.000 r  sys_clk (IN)
                         net (fo=0)                   0.000    10.000    u_clock_and_reset/clk_wiz_0/inst/clk_in1
    R4                   IBUF (Prop_ibuf_I_O)         1.366    11.366 r  u_clock_and_reset/clk_wiz_0/inst/clkin1_ibufg/O
                         net (fo=1, routed)           1.004    12.369    u_clock_and_reset/clk_wiz_0/inst/clk_in1_clk_wiz_0
    MMCME2_ADV_X1Y0      MMCME2_ADV (Prop_mmcme2_adv_CLKIN1_CLKOUT0)
                                                     -6.057     6.312 r  u_clock_and_reset/clk_wiz_0/inst/mmcm_adv_inst/CLKOUT0
                         net (fo=1, routed)           1.352     7.665    u_clock_and_reset/clk_wiz_0/inst/clk_out1_clk_wiz_0
    BUFGCTRL_X0Y1        BUFG (Prop_bufg_I_O)         0.077     7.742 r  u_clock_and_reset/clk_wiz_0/inst/clkout1_buf/O
                         net (fo=64, routed)          1.290     9.032    u_ddr3/u_mig/u_mig_7series_0_mig/u_ddr3_infrastructure/CLK
    PLLE2_ADV_X1Y1       PLLE2_ADV (Prop_plle2_adv_CLKIN1_CLKOUT3)
                                                      0.073     9.105 r  u_ddr3/u_mig/u_mig_7series_0_mig/u_ddr3_infrastructure/plle2_i/CLKOUT3
                         net (fo=1, routed)           0.929    10.034    u_ddr3/u_mig/u_mig_7series_0_mig/u_ddr3_infrastructure/pll_clk3_out
    BUFHCE_X1Y12         BUFH (Prop_bufh_I_O)         0.069    10.103 r  u_ddr3/u_mig/u_mig_7series_0_mig/u_ddr3_infrastructure/u_bufh_pll_clk3/O
                         net (fo=1, routed)           0.664    10.767    u_ddr3/u_mig/u_mig_7series_0_mig/u_ddr3_infrastructure/pll_clk3
    MMCME2_ADV_X1Y1      MMCME2_ADV (Prop_mmcme2_adv_CLKIN1_CLKFBOUT)
                                                     -2.699     8.068 r  u_ddr3/u_mig/u_mig_7series_0_mig/u_ddr3_infrastructure/gen_mmcm.mmcm_i/CLKFBOUT
                         net (fo=1, routed)           1.352     9.421    u_ddr3/u_mig/u_mig_7series_0_mig/u_ddr3_infrastructure/clk_pll_i
    BUFGCTRL_X0Y16       BUFG (Prop_bufg_I_O)         0.077     9.498 r  u_ddr3/u_mig/u_mig_7series_0_mig/u_ddr3_infrastructure/u_bufg_clkdiv0/O
                         net (fo=13335, routed)       1.230    10.728    u_ddr3/u_mig/u_mig_7series_0_mig/u_memc_ui_top_axi/mem_intfc0/ddr_phy_top0/u_ddr_calib_top/u_ddr_phy_init/rdlvl_start_dly0_r_reg[14]_0
    SLICE_X45Y76         FDCE                                         r  u_ddr3/u_mig/u_mig_7series_0_mig/u_memc_ui_top_axi/mem_intfc0/ddr_phy_top0/u_ddr_calib_top/u_ddr_phy_init/phy_reset_n_reg/C
                         clock pessimism              0.555    11.282    
                         clock uncertainty           -0.063    11.219    
    SLICE_X45Y76         FDCE (Recov_fdce_C_CLR)     -0.331    10.888    u_ddr3/u_mig/u_mig_7series_0_mig/u_memc_ui_top_axi/mem_intfc0/ddr_phy_top0/u_ddr_calib_top/u_ddr_phy_init/phy_reset_n_reg
  -------------------------------------------------------------------
                         required time                         10.888    
                         arrival time                          -6.173    
  -------------------------------------------------------------------
                         slack                                  4.715    





Min Delay Paths
--------------------------------------------------------------------------------------
Slack (MET) :             0.149ns  (arrival time - required time)
  Source:                 u_udp/u0/mac_send/frame_fifo/U0/inst_fifo_gen/gconvfifo.rf/grf.rf/rstblk/ngwrdrst.grst.g7serrst.gnsckt_wrst.gic_rst.sckt_wr_rst_ic_reg/C
                            (rising edge-triggered cell FDPE clocked by clk_pll_i  {rise@0.000ns fall@5.000ns period=10.000ns})
  Destination:            u_udp/u0/mac_send/frame_fifo/U0/inst_fifo_gen/gconvfifo.rf/grf.rf/gntv_or_sync_fifo.gl0.wr/wpntr/gic0.gc0.count_d2_reg[2]/CLR
                            (removal check against rising-edge clock clk_pll_i  {rise@0.000ns fall@5.000ns period=10.000ns})
  Path Group:             **async_default**
  Path Type:              Removal (Min at Fast Process Corner)
  Requirement:            0.000ns  (clk_pll_i rise@0.000ns - clk_pll_i rise@0.000ns)
  Data Path Delay:        0.345ns  (logic 0.141ns (40.846%)  route 0.204ns (59.154%))
  Logic Levels:           0  
  Clock Path Skew:        0.263ns (DCD - SCD - CPR)
    Destination Clock Delay (DCD):    0.196ns
    Source Clock Delay      (SCD):    0.144ns
    Clock Pessimism Removal (CPR):    -0.211ns

    Location             Delay type                Incr(ns)  Path(ns)    Netlist Resource(s)
  -------------------------------------------------------------------    -------------------
                         (clock clk_pll_i rise edge)
                                                      0.000     0.000 r  
    R4                                                0.000     0.000 r  sys_clk (IN)
                         net (fo=0)                   0.000     0.000    u_clock_and_reset/clk_wiz_0/inst/clk_in1
    R4                   IBUF (Prop_ibuf_I_O)         0.269     0.269 r  u_clock_and_reset/clk_wiz_0/inst/clkin1_ibufg/O
                         net (fo=1, routed)           0.440     0.709    u_clock_and_reset/clk_wiz_0/inst/clk_in1_clk_wiz_0
    MMCME2_ADV_X1Y0      MMCME2_ADV (Prop_mmcme2_adv_CLKIN1_CLKOUT0)
                                                     -2.360    -1.651 r  u_clock_and_reset/clk_wiz_0/inst/mmcm_adv_inst/CLKOUT0
                         net (fo=1, routed)           0.486    -1.165    u_clock_and_reset/clk_wiz_0/inst/clk_out1_clk_wiz_0
    BUFGCTRL_X0Y1        BUFG (Prop_bufg_I_O)         0.026    -1.139 r  u_clock_and_reset/clk_wiz_0/inst/clkout1_buf/O
                         net (fo=64, routed)          0.552    -0.587    u_ddr3/u_mig/u_mig_7series_0_mig/u_ddr3_infrastructure/CLK
    PLLE2_ADV_X1Y1       PLLE2_ADV (Prop_plle2_adv_CLKIN1_CLKOUT3)
                                                      0.050    -0.537 r  u_ddr3/u_mig/u_mig_7series_0_mig/u_ddr3_infrastructure/plle2_i/CLKOUT3
                         net (fo=1, routed)           0.381    -0.156    u_ddr3/u_mig/u_mig_7series_0_mig/u_ddr3_infrastructure/pll_clk3_out
    BUFHCE_X1Y12         BUFH (Prop_bufh_I_O)         0.020    -0.136 r  u_ddr3/u_mig/u_mig_7series_0_mig/u_ddr3_infrastructure/u_bufh_pll_clk3/O
                         net (fo=1, routed)           0.259     0.123    u_ddr3/u_mig/u_mig_7series_0_mig/u_ddr3_infrastructure/pll_clk3
    MMCME2_ADV_X1Y1      MMCME2_ADV (Prop_mmcme2_adv_CLKIN1_CLKFBOUT)
                                                     -1.057    -0.934 r  u_ddr3/u_mig/u_mig_7series_0_mig/u_ddr3_infrastructure/gen_mmcm.mmcm_i/CLKFBOUT
                         net (fo=1, routed)           0.486    -0.448    u_ddr3/u_mig/u_mig_7series_0_mig/u_ddr3_infrastructure/clk_pll_i
    BUFGCTRL_X0Y16       BUFG (Prop_bufg_I_O)         0.026    -0.422 r  u_ddr3/u_mig/u_mig_7series_0_mig/u_ddr3_infrastructure/u_bufg_clkdiv0/O
                         net (fo=13335, routed)       0.566     0.144    u_udp/u0/mac_send/frame_fifo/U0/inst_fifo_gen/gconvfifo.rf/grf.rf/rstblk/wr_clk
    SLICE_X37Y1          FDPE                                         r  u_udp/u0/mac_send/frame_fifo/U0/inst_fifo_gen/gconvfifo.rf/grf.rf/rstblk/ngwrdrst.grst.g7serrst.gnsckt_wrst.gic_rst.sckt_wr_rst_ic_reg/C
  -------------------------------------------------------------------    -------------------
    SLICE_X37Y1          FDPE (Prop_fdpe_C_Q)         0.141     0.285 f  u_udp/u0/mac_send/frame_fifo/U0/inst_fifo_gen/gconvfifo.rf/grf.rf/rstblk/ngwrdrst.grst.g7serrst.gnsckt_wrst.gic_rst.sckt_wr_rst_ic_reg/Q
                         net (fo=15, routed)          0.204     0.489    u_udp/u0/mac_send/frame_fifo/U0/inst_fifo_gen/gconvfifo.rf/grf.rf/gntv_or_sync_fifo.gl0.wr/wpntr/AR[0]
    SLICE_X34Y1          FDCE                                         f  u_udp/u0/mac_send/frame_fifo/U0/inst_fifo_gen/gconvfifo.rf/grf.rf/gntv_or_sync_fifo.gl0.wr/wpntr/gic0.gc0.count_d2_reg[2]/CLR
  -------------------------------------------------------------------    -------------------

                         (clock clk_pll_i rise edge)
                                                      0.000     0.000 r  
    R4                                                0.000     0.000 r  sys_clk (IN)
                         net (fo=0)                   0.000     0.000    u_clock_and_reset/clk_wiz_0/inst/clk_in1
    R4                   IBUF (Prop_ibuf_I_O)         0.457     0.457 r  u_clock_and_reset/clk_wiz_0/inst/clkin1_ibufg/O
                         net (fo=1, routed)           0.480     0.937    u_clock_and_reset/clk_wiz_0/inst/clk_in1_clk_wiz_0
    MMCME2_ADV_X1Y0      MMCME2_ADV (Prop_mmcme2_adv_CLKIN1_CLKOUT0)
                                                     -3.142    -2.205 r  u_clock_and_reset/clk_wiz_0/inst/mmcm_adv_inst/CLKOUT0
                         net (fo=1, routed)           0.530    -1.676    u_clock_and_reset/clk_wiz_0/inst/clk_out1_clk_wiz_0
    BUFGCTRL_X0Y1        BUFG (Prop_bufg_I_O)         0.029    -1.647 r  u_clock_and_reset/clk_wiz_0/inst/clkout1_buf/O
                         net (fo=64, routed)          0.820    -0.827    u_ddr3/u_mig/u_mig_7series_0_mig/u_ddr3_infrastructure/CLK
    PLLE2_ADV_X1Y1       PLLE2_ADV (Prop_plle2_adv_CLKIN1_CLKOUT3)
                                                      0.053    -0.774 r  u_ddr3/u_mig/u_mig_7series_0_mig/u_ddr3_infrastructure/plle2_i/CLKOUT3
                         net (fo=1, routed)           0.423    -0.351    u_ddr3/u_mig/u_mig_7series_0_mig/u_ddr3_infrastructure/pll_clk3_out
    BUFHCE_X1Y12         BUFH (Prop_bufh_I_O)         0.043    -0.308 r  u_ddr3/u_mig/u_mig_7series_0_mig/u_ddr3_infrastructure/u_bufh_pll_clk3/O
                         net (fo=1, routed)           0.483     0.175    u_ddr3/u_mig/u_mig_7series_0_mig/u_ddr3_infrastructure/pll_clk3
    MMCME2_ADV_X1Y1      MMCME2_ADV (Prop_mmcme2_adv_CLKIN1_CLKFBOUT)
                                                     -1.371    -1.196 r  u_ddr3/u_mig/u_mig_7series_0_mig/u_ddr3_infrastructure/gen_mmcm.mmcm_i/CLKFBOUT
                         net (fo=1, routed)           0.530    -0.667    u_ddr3/u_mig/u_mig_7series_0_mig/u_ddr3_infrastructure/clk_pll_i
    BUFGCTRL_X0Y16       BUFG (Prop_bufg_I_O)         0.029    -0.638 r  u_ddr3/u_mig/u_mig_7series_0_mig/u_ddr3_infrastructure/u_bufg_clkdiv0/O
                         net (fo=13335, routed)       0.834     0.196    u_udp/u0/mac_send/frame_fifo/U0/inst_fifo_gen/gconvfifo.rf/grf.rf/gntv_or_sync_fifo.gl0.wr/wpntr/wr_clk
    SLICE_X34Y1          FDCE                                         r  u_udp/u0/mac_send/frame_fifo/U0/inst_fifo_gen/gconvfifo.rf/grf.rf/gntv_or_sync_fifo.gl0.wr/wpntr/gic0.gc0.count_d2_reg[2]/C
                         clock pessimism              0.211     0.407    
    SLICE_X34Y1          FDCE (Remov_fdce_C_CLR)     -0.067     0.340    u_udp/u0/mac_send/frame_fifo/U0/inst_fifo_gen/gconvfifo.rf/grf.rf/gntv_or_sync_fifo.gl0.wr/wpntr/gic0.gc0.count_d2_reg[2]
  -------------------------------------------------------------------
                         required time                         -0.340    
                         arrival time                           0.489    
  -------------------------------------------------------------------
                         slack                                  0.149    





---------------------------------------------------------------------------------------------------
Path Group:  **async_default**
From Clock:  dbg_hub/inst/BSCANID.u_xsdbm_id/SWITCH_N_EXT_BSCAN.bscan_inst/SERIES7_BSCAN.bscan_inst/TCK
  To Clock:  dbg_hub/inst/BSCANID.u_xsdbm_id/SWITCH_N_EXT_BSCAN.bscan_inst/SERIES7_BSCAN.bscan_inst/TCK

Setup :            0  Failing Endpoints,  Worst Slack       28.816ns,  Total Violation        0.000ns
Hold  :            0  Failing Endpoints,  Worst Slack        0.368ns,  Total Violation        0.000ns
---------------------------------------------------------------------------------------------------


Max Delay Paths
--------------------------------------------------------------------------------------
Slack (MET) :             28.816ns  (required time - arrival time)
  Source:                 dbg_hub/inst/BSCANID.u_xsdbm_id/SWITCH_N_EXT_BSCAN.bscan_switch/portno_reg[1]/C
                            (rising edge-triggered cell FDRE clocked by dbg_hub/inst/BSCANID.u_xsdbm_id/SWITCH_N_EXT_BSCAN.bscan_inst/SERIES7_BSCAN.bscan_inst/TCK  {rise@0.000ns fall@16.500ns period=33.000ns})
  Destination:            dbg_hub/inst/BSCANID.u_xsdbm_id/CORE_XSDB.U_ICON/U_CMD/iTARGET_reg[10]/CLR
                            (recovery check against rising-edge clock dbg_hub/inst/BSCANID.u_xsdbm_id/SWITCH_N_EXT_BSCAN.bscan_inst/SERIES7_BSCAN.bscan_inst/TCK  {rise@0.000ns fall@16.500ns period=33.000ns})
  Path Group:             **async_default**
  Path Type:              Recovery (Max at Slow Process Corner)
  Requirement:            33.000ns  (dbg_hub/inst/BSCANID.u_xsdbm_id/SWITCH_N_EXT_BSCAN.bscan_inst/SERIES7_BSCAN.bscan_inst/TCK rise@33.000ns - dbg_hub/inst/BSCANID.u_xsdbm_id/SWITCH_N_EXT_BSCAN.bscan_inst/SERIES7_BSCAN.bscan_inst/TCK rise@0.000ns)
  Data Path Delay:        3.768ns  (logic 0.748ns (19.849%)  route 3.020ns (80.151%))
  Logic Levels:           3  (LUT1=1 LUT4=1 LUT6=1)
  Clock Path Skew:        -0.049ns (DCD - SCD + CPR)
    Destination Clock Delay (DCD):    2.632ns = ( 35.632 - 33.000 ) 
    Source Clock Delay      (SCD):    2.970ns
    Clock Pessimism Removal (CPR):    0.289ns
  Clock Uncertainty:      0.035ns  ((TSJ^2 + TIJ^2)^1/2 + DJ) / 2 + PE
    Total System Jitter     (TSJ):    0.071ns
    Total Input Jitter      (TIJ):    0.000ns
    Discrete Jitter          (DJ):    0.000ns
    Phase Error              (PE):    0.000ns

    Location             Delay type                Incr(ns)  Path(ns)    Netlist Resource(s)
  -------------------------------------------------------------------    -------------------
                         (clock dbg_hub/inst/BSCANID.u_xsdbm_id/SWITCH_N_EXT_BSCAN.bscan_inst/SERIES7_BSCAN.bscan_inst/TCK rise edge)
                                                      0.000     0.000 r  
    BSCAN_X0Y0           BSCANE2                      0.000     0.000 r  dbg_hub/inst/BSCANID.u_xsdbm_id/SWITCH_N_EXT_BSCAN.bscan_inst/SERIES7_BSCAN.bscan_inst/TCK
                         net (fo=1, routed)           1.527     1.527    dbg_hub/inst/BSCANID.u_xsdbm_id/tck_bs
    BUFGCTRL_X0Y2        BUFG (Prop_bufg_I_O)         0.081     1.608 r  dbg_hub/inst/BSCANID.u_xsdbm_id/SWITCH_N_EXT_BSCAN.u_bufg_icon_tck/O
                         net (fo=482, routed)         1.362     2.970    dbg_hub/inst/BSCANID.u_xsdbm_id/SWITCH_N_EXT_BSCAN.bscan_switch/s_bscan_tck
    SLICE_X12Y31         FDRE                                         r  dbg_hub/inst/BSCANID.u_xsdbm_id/SWITCH_N_EXT_BSCAN.bscan_switch/portno_reg[1]/C
  -------------------------------------------------------------------    -------------------
    SLICE_X12Y31         FDRE (Prop_fdre_C_Q)         0.433     3.403 f  dbg_hub/inst/BSCANID.u_xsdbm_id/SWITCH_N_EXT_BSCAN.bscan_switch/portno_reg[1]/Q
                         net (fo=1, routed)           0.695     4.098    dbg_hub/inst/BSCANID.u_xsdbm_id/SWITCH_N_EXT_BSCAN.bscan_switch/portno[1]
    SLICE_X12Y31         LUT6 (Prop_lut6_I3_O)        0.105     4.203 f  dbg_hub/inst/BSCANID.u_xsdbm_id/SWITCH_N_EXT_BSCAN.bscan_switch/m_bscan_drck[0]_INST_0_i_1/O
                         net (fo=5, routed)           0.809     5.012    dbg_hub/inst/BSCANID.u_xsdbm_id/SWITCH_N_EXT_BSCAN.bscan_switch/m_bscan_drck[0]_INST_0_i_1_n_0
    SLICE_X12Y29         LUT4 (Prop_lut4_I3_O)        0.105     5.117 r  dbg_hub/inst/BSCANID.u_xsdbm_id/SWITCH_N_EXT_BSCAN.bscan_switch/m_bscan_sel[0]_INST_0/O
                         net (fo=2, routed)           0.831     5.947    dbg_hub/inst/BSCANID.u_xsdbm_id/CORE_XSDB.U_ICON/U_CMD/iTARGET_reg[6]_0
    SLICE_X29Y28         LUT1 (Prop_lut1_I0_O)        0.105     6.052 f  dbg_hub/inst/BSCANID.u_xsdbm_id/CORE_XSDB.U_ICON/U_CMD/iTARGET[15]_i_2/O
                         net (fo=10, routed)          0.686     6.738    dbg_hub/inst/BSCANID.u_xsdbm_id/CORE_XSDB.U_ICON/U_CMD/iSEL_n
    SLICE_X28Y28         FDCE                                         f  dbg_hub/inst/BSCANID.u_xsdbm_id/CORE_XSDB.U_ICON/U_CMD/iTARGET_reg[10]/CLR
  -------------------------------------------------------------------    -------------------

                         (clock dbg_hub/inst/BSCANID.u_xsdbm_id/SWITCH_N_EXT_BSCAN.bscan_inst/SERIES7_BSCAN.bscan_inst/TCK rise edge)
                                                     33.000    33.000 r  
    BSCAN_X0Y0           BSCANE2                      0.000    33.000 r  dbg_hub/inst/BSCANID.u_xsdbm_id/SWITCH_N_EXT_BSCAN.bscan_inst/SERIES7_BSCAN.bscan_inst/TCK
                         net (fo=1, routed)           1.308    34.308    dbg_hub/inst/BSCANID.u_xsdbm_id/tck_bs
    BUFGCTRL_X0Y2        BUFG (Prop_bufg_I_O)         0.077    34.385 r  dbg_hub/inst/BSCANID.u_xsdbm_id/SWITCH_N_EXT_BSCAN.u_bufg_icon_tck/O
                         net (fo=482, routed)         1.247    35.632    dbg_hub/inst/BSCANID.u_xsdbm_id/CORE_XSDB.U_ICON/U_CMD/m_bscan_tck[0]
    SLICE_X28Y28         FDCE                                         r  dbg_hub/inst/BSCANID.u_xsdbm_id/CORE_XSDB.U_ICON/U_CMD/iTARGET_reg[10]/C
                         clock pessimism              0.289    35.921    
                         clock uncertainty           -0.035    35.885    
    SLICE_X28Y28         FDCE (Recov_fdce_C_CLR)     -0.331    35.554    dbg_hub/inst/BSCANID.u_xsdbm_id/CORE_XSDB.U_ICON/U_CMD/iTARGET_reg[10]
  -------------------------------------------------------------------
                         required time                         35.554    
                         arrival time                          -6.738    
  -------------------------------------------------------------------
                         slack                                 28.816    





Min Delay Paths
--------------------------------------------------------------------------------------
Slack (MET) :             0.368ns  (arrival time - required time)
  Source:                 dbg_hub/inst/BSCANID.u_xsdbm_id/CORE_XSDB.UUT_MASTER/U_ICON_INTERFACE/U_CMD6_WR/U_WR_FIFO/SUBCORE_FIFO.xsdbm_v3_0_0_wrfifo_inst/inst_fifo_gen/gconvfifo.rf/grf.rf/rstblk/ngwrdrst.grst.g7serrst.wr_rst_reg_reg[1]/C
                            (rising edge-triggered cell FDPE clocked by dbg_hub/inst/BSCANID.u_xsdbm_id/SWITCH_N_EXT_BSCAN.bscan_inst/SERIES7_BSCAN.bscan_inst/TCK  {rise@0.000ns fall@16.500ns period=33.000ns})
  Destination:            dbg_hub/inst/BSCANID.u_xsdbm_id/CORE_XSDB.UUT_MASTER/U_ICON_INTERFACE/U_CMD6_WR/U_WR_FIFO/SUBCORE_FIFO.xsdbm_v3_0_0_wrfifo_inst/inst_fifo_gen/gconvfifo.rf/grf.rf/gntv_or_sync_fifo.gl0.wr/wpntr/gic0.gc0.count_d1_reg[2]/CLR
                            (removal check against rising-edge clock dbg_hub/inst/BSCANID.u_xsdbm_id/SWITCH_N_EXT_BSCAN.bscan_inst/SERIES7_BSCAN.bscan_inst/TCK  {rise@0.000ns fall@16.500ns period=33.000ns})
  Path Group:             **async_default**
  Path Type:              Removal (Min at Fast Process Corner)
  Requirement:            0.000ns  (dbg_hub/inst/BSCANID.u_xsdbm_id/SWITCH_N_EXT_BSCAN.bscan_inst/SERIES7_BSCAN.bscan_inst/TCK rise@0.000ns - dbg_hub/inst/BSCANID.u_xsdbm_id/SWITCH_N_EXT_BSCAN.bscan_inst/SERIES7_BSCAN.bscan_inst/TCK rise@0.000ns)
  Data Path Delay:        0.315ns  (logic 0.141ns (44.724%)  route 0.174ns (55.276%))
  Logic Levels:           0  
  Clock Path Skew:        0.014ns (DCD - SCD - CPR)
    Destination Clock Delay (DCD):    1.696ns
    Source Clock Delay      (SCD):    1.310ns
    Clock Pessimism Removal (CPR):    0.372ns

    Location             Delay type                Incr(ns)  Path(ns)    Netlist Resource(s)
  -------------------------------------------------------------------    -------------------
                         (clock dbg_hub/inst/BSCANID.u_xsdbm_id/SWITCH_N_EXT_BSCAN.bscan_inst/SERIES7_BSCAN.bscan_inst/TCK rise edge)
                                                      0.000     0.000 r  
    BSCAN_X0Y0           BSCANE2                      0.000     0.000 r  dbg_hub/inst/BSCANID.u_xsdbm_id/SWITCH_N_EXT_BSCAN.bscan_inst/SERIES7_BSCAN.bscan_inst/TCK
                         net (fo=1, routed)           0.725     0.725    dbg_hub/inst/BSCANID.u_xsdbm_id/tck_bs
    BUFGCTRL_X0Y2        BUFG (Prop_bufg_I_O)         0.026     0.751 r  dbg_hub/inst/BSCANID.u_xsdbm_id/SWITCH_N_EXT_BSCAN.u_bufg_icon_tck/O
                         net (fo=482, routed)         0.559     1.310    dbg_hub/inst/BSCANID.u_xsdbm_id/CORE_XSDB.UUT_MASTER/U_ICON_INTERFACE/U_CMD6_WR/U_WR_FIFO/SUBCORE_FIFO.xsdbm_v3_0_0_wrfifo_inst/inst_fifo_gen/gconvfifo.rf/grf.rf/rstblk/wr_clk
    SLICE_X31Y36         FDPE                                         r  dbg_hub/inst/BSCANID.u_xsdbm_id/CORE_XSDB.UUT_MASTER/U_ICON_INTERFACE/U_CMD6_WR/U_WR_FIFO/SUBCORE_FIFO.xsdbm_v3_0_0_wrfifo_inst/inst_fifo_gen/gconvfifo.rf/grf.rf/rstblk/ngwrdrst.grst.g7serrst.wr_rst_reg_reg[1]/C
  -------------------------------------------------------------------    -------------------
    SLICE_X31Y36         FDPE (Prop_fdpe_C_Q)         0.141     1.451 f  dbg_hub/inst/BSCANID.u_xsdbm_id/CORE_XSDB.UUT_MASTER/U_ICON_INTERFACE/U_CMD6_WR/U_WR_FIFO/SUBCORE_FIFO.xsdbm_v3_0_0_wrfifo_inst/inst_fifo_gen/gconvfifo.rf/grf.rf/rstblk/ngwrdrst.grst.g7serrst.wr_rst_reg_reg[1]/Q
                         net (fo=12, routed)          0.174     1.625    dbg_hub/inst/BSCANID.u_xsdbm_id/CORE_XSDB.UUT_MASTER/U_ICON_INTERFACE/U_CMD6_WR/U_WR_FIFO/SUBCORE_FIFO.xsdbm_v3_0_0_wrfifo_inst/inst_fifo_gen/gconvfifo.rf/grf.rf/gntv_or_sync_fifo.gl0.wr/wpntr/gic0.gc0.count_reg[0]_0[0]
    SLICE_X30Y34         FDCE                                         f  dbg_hub/inst/BSCANID.u_xsdbm_id/CORE_XSDB.UUT_MASTER/U_ICON_INTERFACE/U_CMD6_WR/U_WR_FIFO/SUBCORE_FIFO.xsdbm_v3_0_0_wrfifo_inst/inst_fifo_gen/gconvfifo.rf/grf.rf/gntv_or_sync_fifo.gl0.wr/wpntr/gic0.gc0.count_d1_reg[2]/CLR
  -------------------------------------------------------------------    -------------------

                         (clock dbg_hub/inst/BSCANID.u_xsdbm_id/SWITCH_N_EXT_BSCAN.bscan_inst/SERIES7_BSCAN.bscan_inst/TCK rise edge)
                                                      0.000     0.000 r  
    BSCAN_X0Y0           BSCANE2                      0.000     0.000 r  dbg_hub/inst/BSCANID.u_xsdbm_id/SWITCH_N_EXT_BSCAN.bscan_inst/SERIES7_BSCAN.bscan_inst/TCK
                         net (fo=1, routed)           0.841     0.841    dbg_hub/inst/BSCANID.u_xsdbm_id/tck_bs
    BUFGCTRL_X0Y2        BUFG (Prop_bufg_I_O)         0.029     0.870 r  dbg_hub/inst/BSCANID.u_xsdbm_id/SWITCH_N_EXT_BSCAN.u_bufg_icon_tck/O
                         net (fo=482, routed)         0.826     1.696    dbg_hub/inst/BSCANID.u_xsdbm_id/CORE_XSDB.UUT_MASTER/U_ICON_INTERFACE/U_CMD6_WR/U_WR_FIFO/SUBCORE_FIFO.xsdbm_v3_0_0_wrfifo_inst/inst_fifo_gen/gconvfifo.rf/grf.rf/gntv_or_sync_fifo.gl0.wr/wpntr/wr_clk
    SLICE_X30Y34         FDCE                                         r  dbg_hub/inst/BSCANID.u_xsdbm_id/CORE_XSDB.UUT_MASTER/U_ICON_INTERFACE/U_CMD6_WR/U_WR_FIFO/SUBCORE_FIFO.xsdbm_v3_0_0_wrfifo_inst/inst_fifo_gen/gconvfifo.rf/grf.rf/gntv_or_sync_fifo.gl0.wr/wpntr/gic0.gc0.count_d1_reg[2]/C
                         clock pessimism             -0.372     1.324    
    SLICE_X30Y34         FDCE (Remov_fdce_C_CLR)     -0.067     1.257    dbg_hub/inst/BSCANID.u_xsdbm_id/CORE_XSDB.UUT_MASTER/U_ICON_INTERFACE/U_CMD6_WR/U_WR_FIFO/SUBCORE_FIFO.xsdbm_v3_0_0_wrfifo_inst/inst_fifo_gen/gconvfifo.rf/grf.rf/gntv_or_sync_fifo.gl0.wr/wpntr/gic0.gc0.count_d1_reg[2]
  -------------------------------------------------------------------
                         required time                         -1.257    
                         arrival time                           1.625    
  -------------------------------------------------------------------
                         slack                                  0.368    





---------------------------------------------------------------------------------------------------
Path Group:  **async_default**
From Clock:  clk_out2_clk_wiz_0
  To Clock:  eth_rxc

Setup :            0  Failing Endpoints,  Worst Slack        4.693ns,  Total Violation        0.000ns
Hold  :            0  Failing Endpoints,  Worst Slack        0.397ns,  Total Violation        0.000ns
---------------------------------------------------------------------------------------------------


Max Delay Paths
--------------------------------------------------------------------------------------
Slack (MET) :             4.693ns  (required time - arrival time)
  Source:                 u_clock_and_reset/reset_reg/C
                            (rising edge-triggered cell FDPE clocked by clk_out2_clk_wiz_0  {rise@0.000ns fall@4.000ns period=8.000ns})
  Destination:            u_udp/phy_rx_reset_d0_reg/PRE
                            (recovery check against rising-edge clock eth_rxc  {rise@0.000ns fall@4.000ns period=8.000ns})
  Path Group:             **async_default**
  Path Type:              Recovery (Max at Slow Process Corner)
  Requirement:            8.000ns  (eth_rxc rise@8.000ns - clk_out2_clk_wiz_0 rise@0.000ns)
  Data Path Delay:        7.482ns  (logic 0.494ns (6.602%)  route 6.988ns (93.398%))
  Logic Levels:           1  (LUT2=1)
  Clock Path Skew:        4.867ns (DCD - SCD + CPR)
    Destination Clock Delay (DCD):    4.285ns = ( 12.285 - 8.000 ) 
    Source Clock Delay      (SCD):    -0.581ns
    Clock Pessimism Removal (CPR):    0.000ns
  Clock Uncertainty:      0.238ns  ((TSJ^2 + DJ^2)^1/2) / 2 + PE
    Total System Jitter     (TSJ):    0.071ns
    Discrete Jitter          (DJ):    0.184ns
    Phase Error              (PE):    0.139ns
  Clock Domain Crossing:  Inter clock paths are considered valid unless explicitly excluded by timing constraints such as set_clock_groups or set_false_path.

    Location             Delay type                Incr(ns)  Path(ns)    Netlist Resource(s)
  -------------------------------------------------------------------    -------------------
                         (clock clk_out2_clk_wiz_0 rise edge)
                                                      0.000     0.000 r  
    R4                                                0.000     0.000 r  sys_clk (IN)
                         net (fo=0)                   0.000     0.000    u_clock_and_reset/clk_wiz_0/inst/clk_in1
    R4                   IBUF (Prop_ibuf_I_O)         1.432     1.432 r  u_clock_and_reset/clk_wiz_0/inst/clkin1_ibufg/O
                         net (fo=1, routed)           1.065     2.497    u_clock_and_reset/clk_wiz_0/inst/clk_in1_clk_wiz_0
    MMCME2_ADV_X1Y0      MMCME2_ADV (Prop_mmcme2_adv_CLKIN1_CLKOUT1)
                                                     -5.921    -3.424 r  u_clock_and_reset/clk_wiz_0/inst/mmcm_adv_inst/CLKOUT1
                         net (fo=1, routed)           1.421    -2.004    u_clock_and_reset/clk_wiz_0/inst/clk_out2_clk_wiz_0
    BUFGCTRL_X0Y0        BUFG (Prop_bufg_I_O)         0.081    -1.923 r  u_clock_and_reset/clk_wiz_0/inst/clkout2_buf/O
                         net (fo=1956, routed)        1.341    -0.581    u_clock_and_reset/clk_out2
    SLICE_X15Y73         FDPE                                         r  u_clock_and_reset/reset_reg/C
  -------------------------------------------------------------------    -------------------
    SLICE_X15Y73         FDPE (Prop_fdpe_C_Q)         0.379    -0.202 f  u_clock_and_reset/reset_reg/Q
                         net (fo=3, routed)           1.267     1.064    u_clock_and_reset/clock_reset
    SLICE_X15Y73         LUT2 (Prop_lut2_I0_O)        0.115     1.179 f  u_clock_and_reset/u_source_i_1/O
                         net (fo=183, routed)         5.722     6.901    u_udp/app_rx_reset_d1_reg_0
    SLICE_X14Y25         FDPE                                         f  u_udp/phy_rx_reset_d0_reg/PRE
  -------------------------------------------------------------------    -------------------

                         (clock eth_rxc rise edge)    8.000     8.000 r  
    W19                                               0.000     8.000 r  eth_rxc (IN)
                         net (fo=0)                   0.000     8.000    u_rgmii/u0/eth_rxc
    W19                  IBUF (Prop_ibuf_I_O)         1.357     9.357 r  u_rgmii/u0/rgmii_clk_ibuf/O
                         net (fo=2, routed)           1.604    10.962    u_rgmii/u0/phy_rgmii_rx_clk_ibuf
    BUFGCTRL_X0Y3        BUFG (Prop_bufg_I_O)         0.077    11.039 r  u_rgmii/u0/BUFG_rx_clk/O
                         net (fo=443, routed)         1.247    12.285    u_udp/phy_rx_clk
    SLICE_X14Y25         FDPE                                         r  u_udp/phy_rx_reset_d0_reg/C
                         clock pessimism              0.000    12.285    
                         clock uncertainty           -0.238    12.048    
    SLICE_X14Y25         FDPE (Recov_fdpe_C_PRE)     -0.454    11.594    u_udp/phy_rx_reset_d0_reg
  -------------------------------------------------------------------
                         required time                         11.594    
                         arrival time                          -6.901    
  -------------------------------------------------------------------
                         slack                                  4.693    





Min Delay Paths
--------------------------------------------------------------------------------------
Slack (MET) :             0.397ns  (arrival time - required time)
  Source:                 u_clock_and_reset/reset_reg/C
                            (rising edge-triggered cell FDPE clocked by clk_out2_clk_wiz_0  {rise@0.000ns fall@4.000ns period=8.000ns})
  Destination:            u_udp/phy_rx_reset_timer_reg[10]/CLR
                            (removal check against rising-edge clock eth_rxc  {rise@0.000ns fall@4.000ns period=8.000ns})
  Path Group:             **async_default**
  Path Type:              Removal (Min at Slow Process Corner)
  Requirement:            0.000ns  (eth_rxc rise@0.000ns - clk_out2_clk_wiz_0 rise@0.000ns)
  Data Path Delay:        5.886ns  (logic 0.397ns (6.745%)  route 5.489ns (93.255%))
  Logic Levels:           1  (LUT2=1)
  Clock Path Skew:        5.574ns (DCD - SCD - CPR)
    Destination Clock Delay (DCD):    4.550ns
    Source Clock Delay      (SCD):    -1.024ns
    Clock Pessimism Removal (CPR):    -0.000ns
  Clock Uncertainty:      0.238ns  ((TSJ^2 + DJ^2)^1/2) / 2 + PE
    Total System Jitter     (TSJ):    0.071ns
    Discrete Jitter          (DJ):    0.184ns
    Phase Error              (PE):    0.139ns
  Clock Domain Crossing:  Inter clock paths are considered valid unless explicitly excluded by timing constraints such as set_clock_groups or set_false_path.

    Location             Delay type                Incr(ns)  Path(ns)    Netlist Resource(s)
  -------------------------------------------------------------------    -------------------
                         (clock clk_out2_clk_wiz_0 rise edge)
                                                      0.000     0.000 r  
    R4                                                0.000     0.000 r  sys_clk (IN)
                         net (fo=0)                   0.000     0.000    u_clock_and_reset/clk_wiz_0/inst/clk_in1
    R4                   IBUF (Prop_ibuf_I_O)         1.366     1.366 r  u_clock_and_reset/clk_wiz_0/inst/clkin1_ibufg/O
                         net (fo=1, routed)           1.004     2.369    u_clock_and_reset/clk_wiz_0/inst/clk_in1_clk_wiz_0
    MMCME2_ADV_X1Y0      MMCME2_ADV (Prop_mmcme2_adv_CLKIN1_CLKOUT1)
                                                     -6.057    -3.688 r  u_clock_and_reset/clk_wiz_0/inst/mmcm_adv_inst/CLKOUT1
                         net (fo=1, routed)           1.352    -2.335    u_clock_and_reset/clk_wiz_0/inst/clk_out2_clk_wiz_0
    BUFGCTRL_X0Y0        BUFG (Prop_bufg_I_O)         0.077    -2.258 r  u_clock_and_reset/clk_wiz_0/inst/clkout2_buf/O
                         net (fo=1956, routed)        1.234    -1.024    u_clock_and_reset/clk_out2
    SLICE_X15Y73         FDPE                                         r  u_clock_and_reset/reset_reg/C
  -------------------------------------------------------------------    -------------------
    SLICE_X15Y73         FDPE (Prop_fdpe_C_Q)         0.304    -0.720 f  u_clock_and_reset/reset_reg/Q
                         net (fo=3, routed)           1.057     0.336    u_clock_and_reset/clock_reset
    SLICE_X15Y73         LUT2 (Prop_lut2_I0_O)        0.093     0.429 f  u_clock_and_reset/u_source_i_1/O
                         net (fo=183, routed)         4.432     4.861    u_udp/app_rx_reset_d1_reg_0
    SLICE_X29Y27         FDCE                                         f  u_udp/phy_rx_reset_timer_reg[10]/CLR
  -------------------------------------------------------------------    -------------------

                         (clock eth_rxc rise edge)    0.000     0.000 r  
    W19                                               0.000     0.000 r  eth_rxc (IN)
                         net (fo=0)                   0.000     0.000    u_rgmii/u0/eth_rxc
    W19                  IBUF (Prop_ibuf_I_O)         1.423     1.423 r  u_rgmii/u0/rgmii_clk_ibuf/O
                         net (fo=2, routed)           1.693     3.116    u_rgmii/u0/phy_rgmii_rx_clk_ibuf
    BUFGCTRL_X0Y3        BUFG (Prop_bufg_I_O)         0.081     3.197 r  u_rgmii/u0/BUFG_rx_clk/O
                         net (fo=443, routed)         1.353     4.550    u_udp/phy_rx_clk
    SLICE_X29Y27         FDCE                                         r  u_udp/phy_rx_reset_timer_reg[10]/C
                         clock pessimism              0.000     4.550    
                         clock uncertainty            0.238     4.788    
    SLICE_X29Y27         FDCE (Remov_fdce_C_CLR)     -0.323     4.465    u_udp/phy_rx_reset_timer_reg[10]
  -------------------------------------------------------------------
                         required time                         -4.465    
                         arrival time                           4.861    
  -------------------------------------------------------------------
                         slack                                  0.397    





---------------------------------------------------------------------------------------------------
Path Group:  **async_default**
From Clock:  eth_rxc
  To Clock:  eth_rxc

Setup :            0  Failing Endpoints,  Worst Slack        6.262ns,  Total Violation        0.000ns
Hold  :            0  Failing Endpoints,  Worst Slack        0.392ns,  Total Violation        0.000ns
---------------------------------------------------------------------------------------------------


Max Delay Paths
--------------------------------------------------------------------------------------
Slack (MET) :             6.262ns  (required time - arrival time)
  Source:                 u_udp/u0/mac_receive/frame_fifo/U0/inst_fifo_gen/gconvfifo.rf/grf.rf/rstblk/grstd1.grst_full.grst_f.rst_d2_reg/C
                            (rising edge-triggered cell FDPE clocked by eth_rxc  {rise@0.000ns fall@4.000ns period=8.000ns})
  Destination:            u_udp/u0/mac_receive/frame_fifo/U0/inst_fifo_gen/gconvfifo.rf/grf.rf/gntv_or_sync_fifo.gl0.wr/gwas.wsts/ram_full_fb_i_reg/PRE
                            (recovery check against rising-edge clock eth_rxc  {rise@0.000ns fall@4.000ns period=8.000ns})
  Path Group:             **async_default**
  Path Type:              Recovery (Max at Slow Process Corner)
  Requirement:            8.000ns  (eth_rxc rise@8.000ns - eth_rxc rise@0.000ns)
  Data Path Delay:        1.238ns  (logic 0.348ns (28.103%)  route 0.890ns (71.897%))
  Logic Levels:           0  
  Clock Path Skew:        -0.035ns (DCD - SCD + CPR)
    Destination Clock Delay (DCD):    4.288ns = ( 12.288 - 8.000 ) 
    Source Clock Delay      (SCD):    4.548ns
    Clock Pessimism Removal (CPR):    0.225ns
  Clock Uncertainty:      0.035ns  ((TSJ^2 + TIJ^2)^1/2 + DJ) / 2 + PE
    Total System Jitter     (TSJ):    0.071ns
    Total Input Jitter      (TIJ):    0.000ns
    Discrete Jitter          (DJ):    0.000ns
    Phase Error              (PE):    0.000ns

    Location             Delay type                Incr(ns)  Path(ns)    Netlist Resource(s)
  -------------------------------------------------------------------    -------------------
                         (clock eth_rxc rise edge)    0.000     0.000 r  
    W19                                               0.000     0.000 r  eth_rxc (IN)
                         net (fo=0)                   0.000     0.000    u_rgmii/u0/eth_rxc
    W19                  IBUF (Prop_ibuf_I_O)         1.423     1.423 r  u_rgmii/u0/rgmii_clk_ibuf/O
                         net (fo=2, routed)           1.693     3.116    u_rgmii/u0/phy_rgmii_rx_clk_ibuf
    BUFGCTRL_X0Y3        BUFG (Prop_bufg_I_O)         0.081     3.197 r  u_rgmii/u0/BUFG_rx_clk/O
                         net (fo=443, routed)         1.351     4.548    u_udp/u0/mac_receive/frame_fifo/U0/inst_fifo_gen/gconvfifo.rf/grf.rf/rstblk/wr_clk
    SLICE_X28Y26         FDPE                                         r  u_udp/u0/mac_receive/frame_fifo/U0/inst_fifo_gen/gconvfifo.rf/grf.rf/rstblk/grstd1.grst_full.grst_f.rst_d2_reg/C
  -------------------------------------------------------------------    -------------------
    SLICE_X28Y26         FDPE (Prop_fdpe_C_Q)         0.348     4.896 f  u_udp/u0/mac_receive/frame_fifo/U0/inst_fifo_gen/gconvfifo.rf/grf.rf/rstblk/grstd1.grst_full.grst_f.rst_d2_reg/Q
                         net (fo=3, routed)           0.890     5.786    u_udp/u0/mac_receive/frame_fifo/U0/inst_fifo_gen/gconvfifo.rf/grf.rf/gntv_or_sync_fifo.gl0.wr/gwas.wsts/out
    SLICE_X14Y27         FDPE                                         f  u_udp/u0/mac_receive/frame_fifo/U0/inst_fifo_gen/gconvfifo.rf/grf.rf/gntv_or_sync_fifo.gl0.wr/gwas.wsts/ram_full_fb_i_reg/PRE
  -------------------------------------------------------------------    -------------------

                         (clock eth_rxc rise edge)    8.000     8.000 r  
    W19                                               0.000     8.000 r  eth_rxc (IN)
                         net (fo=0)                   0.000     8.000    u_rgmii/u0/eth_rxc
    W19                  IBUF (Prop_ibuf_I_O)         1.357     9.357 r  u_rgmii/u0/rgmii_clk_ibuf/O
                         net (fo=2, routed)           1.604    10.962    u_rgmii/u0/phy_rgmii_rx_clk_ibuf
    BUFGCTRL_X0Y3        BUFG (Prop_bufg_I_O)         0.077    11.039 r  u_rgmii/u0/BUFG_rx_clk/O
                         net (fo=443, routed)         1.250    12.288    u_udp/u0/mac_receive/frame_fifo/U0/inst_fifo_gen/gconvfifo.rf/grf.rf/gntv_or_sync_fifo.gl0.wr/gwas.wsts/wr_clk
    SLICE_X14Y27         FDPE                                         r  u_udp/u0/mac_receive/frame_fifo/U0/inst_fifo_gen/gconvfifo.rf/grf.rf/gntv_or_sync_fifo.gl0.wr/gwas.wsts/ram_full_fb_i_reg/C
                         clock pessimism              0.225    12.513    
                         clock uncertainty           -0.035    12.478    
    SLICE_X14Y27         FDPE (Recov_fdpe_C_PRE)     -0.429    12.049    u_udp/u0/mac_receive/frame_fifo/U0/inst_fifo_gen/gconvfifo.rf/grf.rf/gntv_or_sync_fifo.gl0.wr/gwas.wsts/ram_full_fb_i_reg
  -------------------------------------------------------------------
                         required time                         12.049    
                         arrival time                          -5.786    
  -------------------------------------------------------------------
                         slack                                  6.262    





Min Delay Paths
--------------------------------------------------------------------------------------
Slack (MET) :             0.392ns  (arrival time - required time)
  Source:                 u_udp/u0/mac_receive/data_fifo/U0/inst_fifo_gen/gconvfifo.rf/grf.rf/rstblk/ngwrdrst.grst.g7serrst.gnsckt_wrst.gic_rst.sckt_wr_rst_ic_reg/C
                            (rising edge-triggered cell FDPE clocked by eth_rxc  {rise@0.000ns fall@4.000ns period=8.000ns})
  Destination:            u_udp/u0/mac_receive/data_fifo/U0/inst_fifo_gen/gconvfifo.rf/grf.rf/gntv_or_sync_fifo.gl0.wr/wpntr/gic0.gc0.count_d1_reg[10]/CLR
                            (removal check against rising-edge clock eth_rxc  {rise@0.000ns fall@4.000ns period=8.000ns})
  Path Group:             **async_default**
  Path Type:              Removal (Min at Fast Process Corner)
  Requirement:            0.000ns  (eth_rxc rise@0.000ns - eth_rxc rise@0.000ns)
  Data Path Delay:        0.359ns  (logic 0.141ns (39.330%)  route 0.218ns (60.670%))
  Logic Levels:           0  
  Clock Path Skew:        0.034ns (DCD - SCD - CPR)
    Destination Clock Delay (DCD):    2.015ns
    Source Clock Delay      (SCD):    1.502ns
    Clock Pessimism Removal (CPR):    0.480ns

    Location             Delay type                Incr(ns)  Path(ns)    Netlist Resource(s)
  -------------------------------------------------------------------    -------------------
                         (clock eth_rxc rise edge)    0.000     0.000 r  
    W19                                               0.000     0.000 r  eth_rxc (IN)
                         net (fo=0)                   0.000     0.000    u_rgmii/u0/eth_rxc
    W19                  IBUF (Prop_ibuf_I_O)         0.260     0.260 r  u_rgmii/u0/rgmii_clk_ibuf/O
                         net (fo=2, routed)           0.634     0.894    u_rgmii/u0/phy_rgmii_rx_clk_ibuf
    BUFGCTRL_X0Y3        BUFG (Prop_bufg_I_O)         0.026     0.920 r  u_rgmii/u0/BUFG_rx_clk/O
                         net (fo=443, routed)         0.582     1.502    u_udp/u0/mac_receive/data_fifo/U0/inst_fifo_gen/gconvfifo.rf/grf.rf/rstblk/wr_clk
    SLICE_X1Y25          FDPE                                         r  u_udp/u0/mac_receive/data_fifo/U0/inst_fifo_gen/gconvfifo.rf/grf.rf/rstblk/ngwrdrst.grst.g7serrst.gnsckt_wrst.gic_rst.sckt_wr_rst_ic_reg/C
  -------------------------------------------------------------------    -------------------
    SLICE_X1Y25          FDPE (Prop_fdpe_C_Q)         0.141     1.643 f  u_udp/u0/mac_receive/data_fifo/U0/inst_fifo_gen/gconvfifo.rf/grf.rf/rstblk/ngwrdrst.grst.g7serrst.gnsckt_wrst.gic_rst.sckt_wr_rst_ic_reg/Q
                         net (fo=39, routed)          0.218     1.860    u_udp/u0/mac_receive/data_fifo/U0/inst_fifo_gen/gconvfifo.rf/grf.rf/gntv_or_sync_fifo.gl0.wr/wpntr/AR[0]
    SLICE_X2Y24          FDCE                                         f  u_udp/u0/mac_receive/data_fifo/U0/inst_fifo_gen/gconvfifo.rf/grf.rf/gntv_or_sync_fifo.gl0.wr/wpntr/gic0.gc0.count_d1_reg[10]/CLR
  -------------------------------------------------------------------    -------------------

                         (clock eth_rxc rise edge)    0.000     0.000 r  
    W19                                               0.000     0.000 r  eth_rxc (IN)
                         net (fo=0)                   0.000     0.000    u_rgmii/u0/eth_rxc
    W19                  IBUF (Prop_ibuf_I_O)         0.448     0.448 r  u_rgmii/u0/rgmii_clk_ibuf/O
                         net (fo=2, routed)           0.689     1.137    u_rgmii/u0/phy_rgmii_rx_clk_ibuf
    BUFGCTRL_X0Y3        BUFG (Prop_bufg_I_O)         0.029     1.166 r  u_rgmii/u0/BUFG_rx_clk/O
                         net (fo=443, routed)         0.850     2.015    u_udp/u0/mac_receive/data_fifo/U0/inst_fifo_gen/gconvfifo.rf/grf.rf/gntv_or_sync_fifo.gl0.wr/wpntr/wr_clk
    SLICE_X2Y24          FDCE                                         r  u_udp/u0/mac_receive/data_fifo/U0/inst_fifo_gen/gconvfifo.rf/grf.rf/gntv_or_sync_fifo.gl0.wr/wpntr/gic0.gc0.count_d1_reg[10]/C
                         clock pessimism             -0.480     1.536    
    SLICE_X2Y24          FDCE (Remov_fdce_C_CLR)     -0.067     1.469    u_udp/u0/mac_receive/data_fifo/U0/inst_fifo_gen/gconvfifo.rf/grf.rf/gntv_or_sync_fifo.gl0.wr/wpntr/gic0.gc0.count_d1_reg[10]
  -------------------------------------------------------------------
                         required time                         -1.469    
                         arrival time                           1.860    
  -------------------------------------------------------------------
                         slack                                  0.392    





---------------------------------------------------------------------------------------------------
Path Group:  **default**
From Clock:  clk_pll_i
  To Clock:  

Setup :            0  Failing Endpoints,  Worst Slack        1.574ns,  Total Violation        0.000ns
Hold  :           NA  Failing Endpoints,  Worst Slack           NA  ,  Total Violation           NA
---------------------------------------------------------------------------------------------------


Max Delay Paths
--------------------------------------------------------------------------------------
Slack (MET) :             1.574ns  (required time - arrival time)
  Source:                 u_ddr3/u_mig/u_mig_7series_0_mig/u_ddr3_infrastructure/rstdiv0_sync_r1_reg_rep/C
                            (rising edge-triggered cell FDPE clocked by clk_pll_i  {rise@0.000ns fall@5.000ns period=10.000ns})
  Destination:            u_ddr3/u_mig/u_mig_7series_0_mig/u_memc_ui_top_axi/mem_intfc0/ddr_phy_top0/u_ddr_mc_phy_wrapper/u_ddr_mc_phy/ddr_phy_4lanes_0.u_ddr_phy_4lanes/phy_control_i/RESET
  Path Group:             **default**
  Path Type:              Max at Slow Process Corner
  Requirement:            5.000ns  (MaxDelay Path 5.000ns)
  Data Path Delay:        3.426ns  (logic 0.379ns (11.062%)  route 3.047ns (88.938%))
  Logic Levels:           0  
  Output Delay:           0.000ns
  Timing Exception:       MaxDelay Path 5.000ns -datapath_only

    Location             Delay type                Incr(ns)  Path(ns)    Netlist Resource(s)
  -------------------------------------------------------------------    -------------------
    SLICE_X15Y83                                      0.000     0.000 r  u_ddr3/u_mig/u_mig_7series_0_mig/u_ddr3_infrastructure/rstdiv0_sync_r1_reg_rep/C
    SLICE_X15Y83         FDPE (Prop_fdpe_C_Q)         0.379     0.379 r  u_ddr3/u_mig/u_mig_7series_0_mig/u_ddr3_infrastructure/rstdiv0_sync_r1_reg_rep/Q
                         net (fo=50, routed)          3.047     3.426    u_ddr3/u_mig/u_mig_7series_0_mig/u_memc_ui_top_axi/mem_intfc0/ddr_phy_top0/u_ddr_mc_phy_wrapper/u_ddr_mc_phy/ddr_phy_4lanes_0.u_ddr_phy_4lanes/in0
    PHY_CONTROL_X1Y1     PHY_CONTROL                                  r  u_ddr3/u_mig/u_mig_7series_0_mig/u_memc_ui_top_axi/mem_intfc0/ddr_phy_top0/u_ddr_mc_phy_wrapper/u_ddr_mc_phy/ddr_phy_4lanes_0.u_ddr_phy_4lanes/phy_control_i/RESET
  -------------------------------------------------------------------    -------------------

                         max delay                    5.000     5.000    
    PHY_CONTROL_X1Y1     PHY_CONTROL                  0.000     5.000    u_ddr3/u_mig/u_mig_7series_0_mig/u_memc_ui_top_axi/mem_intfc0/ddr_phy_top0/u_ddr_mc_phy_wrapper/u_ddr_mc_phy/ddr_phy_4lanes_0.u_ddr_phy_4lanes/phy_control_i
                         output delay                -0.000     5.000    
  -------------------------------------------------------------------
                         required time                          5.000    
                         arrival time                          -3.426    
  -------------------------------------------------------------------
                         slack                                  1.574    





